Date,Vch/Bill No,Particulars,Item Details,Qty.,Unit,Price,Amount
2026-07-01,26-27/01429/Hero,Janta Auto Parts | AFM | Meerganj,14100KCC910S,1,Pcs.,802.9,802.9
2026-07-01,26-27/01429/Hero,Janta Auto Parts | AFM | Meerganj,14311035000S,5,Pcs.,39.82,199.1
2026-07-01,26-27/01429/Hero,Janta Auto Parts | AFM | Meerganj,14401KWS901S,2,Pcs.,81.14,162.28
2026-07-01,26-27/01429/Hero,Janta Auto Parts | AFM | Meerganj,14430KST940S,2,Pcs.,179.16,358.32
2026-07-01,26-27/01429/Hero,Janta Auto Parts | AFM | Meerganj,14431035020RS,2,Pcs.,179.16,358.32
2026-07-01,26-27/01429/Hero,Janta Auto Parts | AFM | Meerganj,14550GB0910RS,10,Pcs.,72.99,729.9
2026-07-01,26-27/01429/Hero,Janta Auto Parts | AFM | Meerganj,22121198900S,2,Pcs.,195.66,391.32
2026-07-01,26-27/01429/Hero,Janta Auto Parts | AFM | Meerganj,22201AAHA01S,40,Pcs.,48.12,1924.8
2026-07-01,26-27/01429/Hero,Janta Auto Parts | AFM | Meerganj,22350115020S,2,Pcs.,126.08,252.16
2026-07-01,26-27/01429/Hero,Janta Auto Parts | AFM | Meerganj,23121KST901S,5,Pcs.,189.25,946.25
2026-07-01,26-27/01429/Hero,Janta Auto Parts | AFM | Meerganj,33K111S,1,Pcs.,424.68,424.68
2026-07-01,26-27/01429/Hero,Janta Auto Parts | AFM | Meerganj,33K112S,1,Pcs.,441.27,441.27
2026-07-01,26-27/01429/Hero,Janta Auto Parts | AFM | Meerganj,35010AAC701S,1,Pcs.,686.79,686.79
2026-07-01,26-27/01429/Hero,Janta Auto Parts | AFM | Meerganj,35100AAE102S,2,Pcs.,298.53,597.06
2026-07-01,26-27/01429/Hero,Janta Auto Parts | AFM | Meerganj,35100AAGH21S,1,Pcs.,441.2,441.2
2026-07-01,26-27/01429/Hero,Janta Auto Parts | AFM | Meerganj,K14144KZAAW00S,2,Pcs.,340.81,681.62
2026-07-01,26-27/01430/Hero,Saqlani Automobile | AFM | Nakatia,11102GT8B00S,1,Pcs.,27.87,27.87
2026-07-01,26-27/01430/Hero,Saqlani Automobile | AFM | Nakatia,14711AAT00099S,2,Pcs.,91.57,183.14
2026-07-01,26-27/01430/Hero,Saqlani Automobile | AFM | Nakatia,16950KRP981S,1,Pcs.,213.66,213.66
2026-07-01,26-27/01430/Hero,Saqlani Automobile | AFM | Nakatia,17511KCC905ZBS,3,Pcs.,192.43,577.29
2026-07-01,26-27/01430/Hero,Saqlani Automobile | AFM | Nakatia,22121AAHF01S,1,Pcs.,179.82,179.82
2026-07-01,26-27/01430/Hero,Saqlani Automobile | AFM | Nakatia,22121AAHF01S,2,Pcs.,209.02,418.04
2026-07-01,26-27/01430/Hero,Saqlani Automobile | AFM | Nakatia,22870KWA940S,10,Pcs.,70.34,703.4
2026-07-01,26-27/01430/Hero,Saqlani Automobile | AFM | Nakatia,25K160S,2,Pcs.,222.29,444.58
2026-07-01,26-27/01430/Hero,Saqlani Automobile | AFM | Nakatia,3370BAAC201S,1,Pcs.,331.78,331.78
2026-07-01,26-27/01430/Hero,Saqlani Automobile | AFM | Nakatia,35010AAE301S,3,Pcs.,567.35,1702.05
2026-07-01,26-27/01430/Hero,Saqlani Automobile | AFM | Nakatia,37800AAE30099S,2,Pcs.,315.19,630.38
2026-07-01,26-27/01430/Hero,Saqlani Automobile | AFM | Nakatia,43451KCC600S,4,Pcs.,39.15,156.6
2026-07-01,26-27/01430/Hero,Saqlani Automobile | AFM | Nakatia,53178AAFH00S,4,Pcs.,66.36,265.44
2026-07-01,26-27/01430/Hero,Saqlani Automobile | AFM | Nakatia,K53531HF100DS,17,Pcs.,39.82,676.94
2026-07-01,26-27/01430/Hero,Saqlani Automobile | AFM | Nakatia,K91902HF100DS,5,Pcs.,44.46,222.3
2026-07-01,26-27/01430/Hero,Saqlani Automobile | AFM | Nakatia,11102GT8B00S,13,Pcs.,27.87,362.31
2026-07-01,26-27/01430/Hero,Saqlani Automobile | AFM | Nakatia,11102GT8B00S,6,Pcs.,36.5,219.0
2026-07-01,26-27/01430/Hero,Saqlani Automobile | AFM | Nakatia,14520KTC902S,5,Pcs.,173.21,866.05
2026-07-01,26-27/01430/Hero,Saqlani Automobile | AFM | Nakatia,14711AAT00099S,2,Pcs.,91.57,183.14
2026-07-01,26-27/01430/Hero,Saqlani Automobile | AFM | Nakatia,14711AAT00099S,1,Pcs.,106.17,106.17
2026-07-01,26-27/01430/Hero,Saqlani Automobile | AFM | Nakatia,16950KRP981S,3,Pcs.,213.66,640.98
2026-07-01,26-27/01430/Hero,Saqlani Automobile | AFM | Nakatia,17511KCC905ZBS,2,Pcs.,192.43,384.86
2026-07-01,26-27/01430/Hero,Saqlani Automobile | AFM | Nakatia,22121AAHF01S,2,Pcs.,209.02,418.04
2026-07-01,26-27/01430/Hero,Saqlani Automobile | AFM | Nakatia,22870KWA940S,5,Pcs.,70.34,351.7
2026-07-01,26-27/01430/Hero,Saqlani Automobile | AFM | Nakatia,25K160S,3,Pcs.,222.29,666.87
2026-07-01,26-27/01430/Hero,Saqlani Automobile | AFM | Nakatia,28302KAG900S,10,Pcs.,79.62,796.2
2026-07-01,26-27/01430/Hero,Saqlani Automobile | AFM | Nakatia,3370BAAC201S,1,Pcs.,331.78,331.78
2026-07-01,26-27/01430/Hero,Saqlani Automobile | AFM | Nakatia,38501AAW30099S,5,Pcs.,106.17,530.85
2026-07-01,26-27/01430/Hero,Saqlani Automobile | AFM | Nakatia,43451KCC600S,1,Pcs.,39.15,39.15
2026-07-01,26-27/01430/Hero,Saqlani Automobile | AFM | Nakatia,52400KWA90099S,2,Pcs.,694.59,1389.18
2026-07-01,26-27/01430/Hero,Saqlani Automobile | AFM | Nakatia,53178AAFH00S,11,Pcs.,66.36,729.96
2026-07-01,26-27/01430/Hero,Saqlani Automobile | AFM | Nakatia,K12121AATA001S,1,Pcs.,1824.76,1824.76
2026-07-01,26-27/01430/Hero,Saqlani Automobile | AFM | Nakatia,K53531HF100DS,33,Pcs.,39.82,1314.06
2026-07-01,26-27/01430/Hero,Saqlani Automobile | AFM | Nakatia,53100AAE000S,2,Pcs.,282.01,564.02
2026-07-01,26-27/01430/Hero,Saqlani Automobile | AFM | Nakatia,53100AAE110S,2,Pcs.,338.41,676.82
2026-07-01,26-27/01430/Hero,Saqlani Automobile | AFM | Nakatia,80100KST940S,1,Pcs.,418.04,418.04
2026-07-01,26-27/01431/Hero,Gangwar Service Center | AFM | Meerganj,53100AAE000S,2,Pcs.,282.01,564.02
2026-07-01,26-27/01431/Hero,Gangwar Service Center | AFM | Meerganj,17910AAE300S,5,Pcs.,72.92,364.6
2026-07-01,26-27/01431/Hero,Gangwar Service Center | AFM | Meerganj,23471GN5910S,5,Pcs.,301.92,1509.6
2026-07-01,26-27/01431/Hero,Gangwar Service Center | AFM | Meerganj,35010AAHA01S,2,Pcs.,640.34,1280.68
2026-07-01,26-27/01431/Hero,Gangwar Service Center | AFM | Meerganj,35100AACH01S,2,Pcs.,344.98,689.96
2026-07-01,26-27/01431/Hero,Gangwar Service Center | AFM | Meerganj,35750001000S,10,Pcs.,43.13,431.3
2026-07-01,26-27/01431/Hero,Gangwar Service Center | AFM | Meerganj,37800AAG500S,1,Pcs.,335.1,335.1
2026-07-01,26-27/01431/Hero,Gangwar Service Center | AFM | Meerganj,42303AAC500S,10,Pcs.,43.13,431.3
2026-07-01,26-27/01431/Hero,Gangwar Service Center | AFM | Meerganj,45010AAD000S,1,Pcs.,527.53,527.53
2026-07-01,26-27/01431/Hero,Gangwar Service Center | AFM | Meerganj,45251KSP861S,1,Pcs.,855.99,855.99
2026-07-01,26-27/01431/Hero,Gangwar Service Center | AFM | Meerganj,53175KSP900S,2,Pcs.,76.31,152.62
2026-07-01,26-27/01432/Hero,R K Auto Parts | AFM | Bindaulia,14675178000S,3,Pcs.,43.9,131.7
2026-07-01,26-27/01432/Hero,R K Auto Parts | AFM | Bindaulia,17620KWA930HS,1,Pcs.,226.27,226.27
2026-07-01,26-27/01432/Hero,R K Auto Parts | AFM | Bindaulia,17620KWA930HS,1,Pcs.,229.65,229.65
2026-07-01,26-27/01432/Hero,R K Auto Parts | AFM | Bindaulia,17620KWA930HS,1,Pcs.,229.65,229.65
2026-07-01,26-27/01432/Hero,R K Auto Parts | AFM | Bindaulia,22201AAHA01S,20,Pcs.,49.0,980.0
2026-07-01,26-27/01432/Hero,R K Auto Parts | AFM | Bindaulia,23461GK4760S,2,Pcs.,303.94,607.88
2026-07-01,26-27/01432/Hero,R K Auto Parts | AFM | Bindaulia,24211GF6000RS,6,Pcs.,212.35,1274.1
2026-07-01,26-27/01432/Hero,R K Auto Parts | AFM | Bindaulia,28120KWA942S,1,Pcs.,439.03,439.03
2026-07-01,26-27/01432/Hero,R K Auto Parts | AFM | Bindaulia,35010AAE301S,2,Pcs.,577.49,1154.98
2026-07-01,26-27/01432/Hero,R K Auto Parts | AFM | Bindaulia,35100AAEH00S,2,Pcs.,378.22,756.44
2026-07-01,26-27/01432/Hero,R K Auto Parts | AFM | Bindaulia,35150AAC811S,2,Pcs.,101.31,202.62
2026-07-01,26-27/01432/Hero,R K Auto Parts | AFM | Bindaulia,35753035010S,20,Pcs.,10.13,202.6
2026-07-01,26-27/01432/Hero,R K Auto Parts | AFM | Bindaulia,42702KWP900S,1,Pcs.,424.71,424.71
2026-07-01,26-27/01432/Hero,R K Auto Parts | AFM | Bindaulia,53140KTC900S,4,Pcs.,37.15,148.6
2026-07-01,26-27/01432/Hero,R K Auto Parts | AFM | Bindaulia,53140KWA830S,4,Pcs.,60.79,243.16
2026-07-01,26-27/01432/Hero,R K Auto Parts | AFM | Bindaulia,53166KTC900S,4,Pcs.,43.9,175.6
2026-07-01,26-27/01432/Hero,R K Auto Parts | AFM | Bindaulia,61102KWA910S,2,Pcs.,104.69,209.38
2026-07-01,26-27/01432/Hero,R K Auto Parts | AFM | Bindaulia,88110AAHH00S,4,Pcs.,108.06,432.24
2026-07-01,26-27/01432/Hero,R K Auto Parts | AFM | Bindaulia,88120AAHH00S,4,Pcs.,108.06,432.24
2026-07-01,26-27/01432/Hero,R K Auto Parts | AFM | Bindaulia,50803KCC900S,1,Pcs.,432.27,432.27
2026-07-01,26-27/01432/Hero,R K Auto Parts | AFM | Bindaulia,83402AAC220S,2,Pcs.,102.66,205.32
2026-07-01,26-27/01433/Hero,Mourya Auto | AFM | Fatehganj West,14401AAD00099S,8,Pcs.,99.15,793.2
2026-07-01,26-27/01433/Hero,Mourya Auto | AFM | Fatehganj West,14502086000RS,7,Pcs.,58.8,411.6
2026-07-01,26-27/01433/Hero,Mourya Auto | AFM | Fatehganj West,14550GB0910RS,5,Pcs.,70.92,354.6
2026-07-01,26-27/01433/Hero,Mourya Auto | AFM | Fatehganj West,14566086030S,10,Pcs.,6.53,65.3
2026-07-01,26-27/01433/Hero,Mourya Auto | AFM | Fatehganj West,14610086000RS,7,Pcs.,62.07,434.49
2026-07-01,26-27/01433/Hero,Mourya Auto | AFM | Fatehganj West,14670035030LS,5,Pcs.,70.92,354.6
2026-07-01,26-27/01433/Hero,Mourya Auto | AFM | Fatehganj West,14670ACK000S,5,Pcs.,33.77,168.85
2026-07-01,26-27/01433/Hero,Mourya Auto | AFM | Fatehganj West,16700AAE300S,2,Pcs.,2049.91,4099.82
2026-07-01,26-27/01433/Hero,Mourya Auto | AFM | Fatehganj West,16700AAEL42S,2,Pcs.,2289.69,4579.38
2026-07-01,26-27/01433/Hero,Mourya Auto | AFM | Fatehganj West,22120KTC900S,2,Pcs.,273.55,547.1
2026-07-01,26-27/01433/Hero,Mourya Auto | AFM | Fatehganj West,22201GF6000S,28,Pcs.,62.14,1739.92
2026-07-01,26-27/01433/Hero,Mourya Auto | AFM | Fatehganj West,22311AAHA01S,6,Pcs.,30.4,182.4
2026-07-01,26-27/01433/Hero,Mourya Auto | AFM | Fatehganj West,22350KPGT00S,2,Pcs.,143.19,286.38
2026-07-01,26-27/01433/Hero,Mourya Auto | AFM | Fatehganj West,23121KST901S,2,Pcs.,192.75,385.5
2026-07-01,26-27/01433/Hero,Mourya Auto | AFM | Fatehganj West,28101KWA940S,3,Pcs.,81.05,243.15
2026-07-01,26-27/01433/Hero,Mourya Auto | AFM | Fatehganj West,40531205010S,10,Pcs.,10.13,101.3
2026-07-01,26-27/01433/Hero,Mourya Auto | AFM | Fatehganj West,53175AAFH00S,4,Pcs.,74.3,297.2
2026-07-01,26-27/01433/Hero,Mourya Auto | AFM | Fatehganj West,53178AAFH00S,6,Pcs.,67.55,405.3
2026-07-01,26-27/01433/Hero,Mourya Auto | AFM | Fatehganj West,88110AACH41ZAS,2,Pcs.,199.25,398.5
2026-07-01,26-27/01433/Hero,Mourya Auto | AFM | Fatehganj West,88110AAEH31S,4,Pcs.,118.2,472.8
2026-07-01,26-27/01433/Hero,Mourya Auto | AFM | Fatehganj West,88120AACH41ZAS,2,Pcs.,158.72,317.44
2026-07-01,26-27/01434/Hero,Khandelwal Auto Parts,20K710S,50,Pcs.,423.73,21186.5
2026-07-01,26-27/01435/Hero,Nidhi Auto Service | AFM | Puranpur,SPDMCYL02SS,100,Pcs.,224.58,22458.0
2026-07-01,26-27/01436/Hero,Rashid Auto Service | AFM | Devchara,12361035000S,5,Pcs.,20.26,101.3
2026-07-01,26-27/01436/Hero,Rashid Auto Service | AFM | Devchara,13012GN5315LS,3,Pcs.,175.61,526.83
2026-07-01,26-27/01436/Hero,Rashid Auto Service | AFM | Devchara,13013GN5315LS,3,Pcs.,185.74,557.22
2026-07-01,26-27/01436/Hero,Rashid Auto Service | AFM | Devchara,14500035020S,4,Pcs.,40.53,162.12
2026-07-01,26-27/01436/Hero,Rashid Auto Service | AFM | Devchara,14500035020S,1,Pcs.,37.15,37.15
2026-07-01,26-27/01436/Hero,Rashid Auto Service | AFM | Devchara,14502086000RS,10,Pcs.,55.53,555.3
2026-07-01,26-27/01436/Hero,Rashid Auto Service | AFM | Devchara,1450AACK000S,5,Pcs.,84.43,422.15
2026-07-01,26-27/01436/Hero,Rashid Auto Service | AFM | Devchara,14566086030S,20,Pcs.,6.53,130.6
2026-07-01,26-27/01436/Hero,Rashid Auto Service | AFM | Devchara,14610086000RS,10,Pcs.,62.07,620.7
2026-07-01,26-27/01436/Hero,Rashid Auto Service | AFM | Devchara,14670035030LS,5,Pcs.,67.55,337.75
2026-07-01,26-27/01436/Hero,Rashid Auto Service | AFM | Devchara,22201GF6000S,20,Pcs.,67.55,1351.0
2026-07-01,26-27/01436/Hero,Rashid Auto Service | AFM | Devchara,22870KCC900S,5,Pcs.,74.3,371.5
2026-07-01,26-27/01436/Hero,Rashid Auto Service | AFM | Devchara,29K210S,10,Pcs.,39.21,392.1
2026-07-01,26-27/01436/Hero,Rashid Auto Service | AFM | Devchara,35010AACH00S,1,Pcs.,756.47,756.47
2026-07-01,26-27/01436/Hero,Rashid Auto Service | AFM | Devchara,40531205010S,20,Pcs.,10.13,202.6
2026-07-01,26-27/01436/Hero,Rashid Auto Service | AFM | Devchara,44830KST940S,4,Pcs.,84.43,337.72
2026-07-01,26-27/01436/Hero,Rashid Auto Service | AFM | Devchara,44830KST940S,1,Pcs.,74.3,74.3
2026-07-01,26-27/01436/Hero,Rashid Auto Service | AFM | Devchara,50530KST940S,5,Pcs.,88.21,441.05
2026-07-01,26-27/01436/Hero,Rashid Auto Service | AFM | Devchara,88110AAEH31S,5,Pcs.,118.2,591.0
2026-07-01,26-27/01436/Hero,Rashid Auto Service | AFM | Devchara,88120AAEH31S,5,Pcs.,118.2,591.0
2026-07-01,26-27/01436/Hero,Rashid Auto Service | AFM | Devchara,9501151000S,10,Pcs.,6.75,67.5
2026-07-01,26-27/01436/Hero,Rashid Auto Service | AFM | Devchara,K42423KCCZ600S,5,Pcs.,49.0,245.0
2026-07-01,26-27/01436/Hero,Rashid Auto Service | AFM | Devchara,K91902HF100DS,5,Pcs.,47.28,236.4
2026-07-01,26-27/01437/Hero,Guru Kripa Auto | AFM | Koharapeer,99620AAN701S,20,Pcs.,21.19,423.8
2026-07-01,26-27/01437/Hero,Guru Kripa Auto | AFM | Koharapeer,99620AAN701S,20,Pcs.,21.19,423.8
2026-07-01,26-27/01437/Hero,Guru Kripa Auto | AFM | Koharapeer,99620AAN701S,10,Pcs.,21.19,211.9
2026-07-01,26-27/01438/Hero,Mishra M/c Store | AFM | Bilsanda,14610086000RS,10,Pcs.,61.99,619.9
2026-07-01,26-27/01438/Hero,Mishra M/c Store | AFM | Bilsanda,23121KST901S,2,Pcs.,182.71,365.42
2026-07-01,26-27/01438/Hero,Mishra M/c Store | AFM | Bilsanda,23221GF6000S,3,Pcs.,280.6,841.8
2026-07-01,26-27/01438/Hero,Mishra M/c Store | AFM | Bilsanda,25K160S,15,Pcs.,218.6,3279.0
2026-07-01,26-27/01438/Hero,Mishra M/c Store | AFM | Bilsanda,25K170S,7,Pcs.,309.96,2169.72
2026-07-01,26-27/01438/Hero,Mishra M/c Store | AFM | Bilsanda,28110ACK010S,1,Pcs.,345.84,345.84
2026-07-01,26-27/01438/Hero,Mishra M/c Store | AFM | Bilsanda,28251GF6000S,1,Pcs.,247.96,247.96
2026-07-01,26-27/01438/Hero,Mishra M/c Store | AFM | Bilsanda,28251GF6000S,2,Pcs.,228.39,456.78
2026-07-01,26-27/01438/Hero,Mishra M/c Store | AFM | Bilsanda,28302KAG900S,15,Pcs.,78.3,1174.5
2026-07-01,26-27/01438/Hero,Mishra M/c Store | AFM | Bilsanda,3340BAAC201S,1,Pcs.,123.99,123.99
2026-07-01,26-27/01438/Hero,Mishra M/c Store | AFM | Bilsanda,35010AAE301S,2,Pcs.,557.93,1115.86
2026-07-01,26-27/01438/Hero,Mishra M/c Store | AFM | Bilsanda,35100AAE301S,2,Pcs.,375.21,750.42
2026-07-01,26-27/01438/Hero,Mishra M/c Store | AFM | Bilsanda,35100ACK00099S,3,Pcs.,358.9,1076.7
2026-07-01,26-27/01438/Hero,Mishra M/c Store | AFM | Bilsanda,43100KTR700S,1,Pcs.,327.57,327.57
2026-07-01,26-27/01438/Hero,Mishra M/c Store | AFM | Bilsanda,43100KTR700S,1,Pcs.,404.57,404.57
2026-07-01,26-27/01438/Hero,Mishra M/c Store | AFM | Bilsanda,K12121AAEE300S,1,Pcs.,1735.77,1735.77
2026-07-01,26-27/01438/Hero,Mishra M/c Store | AFM | Bilsanda,14401AAD00099S,15,Pcs.,97.88,1468.2
2026-07-01,26-27/01438/Hero,Mishra M/c Store | AFM | Bilsanda,14401AAD00099S,5,Pcs.,91.35,456.75
2026-07-01,26-27/01438/Hero,Mishra M/c Store | AFM | Bilsanda,23121KST901S,3,Pcs.,182.71,548.13
2026-07-01,26-27/01438/Hero,Mishra M/c Store | AFM | Bilsanda,25K160S,5,Pcs.,218.6,1093.0
2026-07-01,26-27/01438/Hero,Mishra M/c Store | AFM | Bilsanda,25K170S,3,Pcs.,309.96,929.88
2026-07-01,26-27/01438/Hero,Mishra M/c Store | AFM | Bilsanda,28251GF6000S,1,Pcs.,228.39,228.39
2026-07-01,26-27/01438/Hero,Mishra M/c Store | AFM | Bilsanda,28302KAG900S,5,Pcs.,78.3,391.5
2026-07-01,26-27/01438/Hero,Mishra M/c Store | AFM | Bilsanda,3340BAAC201S,1,Pcs.,123.99,123.99
2026-07-01,26-27/01438/Hero,Mishra M/c Store | AFM | Bilsanda,3345BAAC201S,2,Pcs.,123.99,247.98
2026-07-01,26-27/01438/Hero,Mishra M/c Store | AFM | Bilsanda,35100AAE301S,1,Pcs.,375.21,375.21
2026-07-01,26-27/01439/Hero,Pankaj Auto | AFM | Bisalpur,52400KCC905ZBS,4,Pcs.,686.7,2746.8
2026-07-01,26-27/01439/Hero,Pankaj Auto | AFM | Bisalpur,K44446AAED230S,1,Pcs.,3430.34,3430.34
2026-07-01,26-27/01439/Hero,Pankaj Auto | AFM | Bisalpur,31120AAW000S,1,Pcs.,561.27,561.27
2026-07-01,26-27/01439/Hero,Pankaj Auto | AFM | Bisalpur,3310BKCC710AS,2,Pcs.,351.19,702.38
2026-07-01,26-27/01439/Hero,Pankaj Auto | AFM | Bisalpur,35010AANH20S,2,Pcs.,602.03,1204.06
2026-07-01,26-27/01439/Hero,Pankaj Auto | AFM | Bisalpur,35010AAT00099S,1,Pcs.,702.37,702.37
2026-07-01,26-27/01439/Hero,Pankaj Auto | AFM | Bisalpur,35010AAT00099S,1,Pcs.,790.17,790.17
2026-07-01,26-27/01439/Hero,Pankaj Auto | AFM | Bisalpur,37610KCC900S,5,Pcs.,116.02,580.1
2026-07-01,26-27/01439/Hero,Pankaj Auto | AFM | Bisalpur,45125KCCH00S,20,Pcs.,62.72,1254.4
2026-07-01,26-27/01439/Hero,Pankaj Auto | AFM | Bisalpur,14675178000S,3,Pcs.,40.76,122.28
2026-07-01,26-27/01439/Hero,Pankaj Auto | AFM | Bisalpur,16100KWH762S,3,Pcs.,1260.51,3781.53
2026-07-01,26-27/01439/Hero,Pankaj Auto | AFM | Bisalpur,16700AAEL42S,1,Pcs.,2125.93,2125.93
2026-07-01,26-27/01439/Hero,Pankaj Auto | AFM | Bisalpur,17570ACK00099S,1,Pcs.,285.34,285.34
2026-07-01,26-27/01439/Hero,Pankaj Auto | AFM | Bisalpur,17620KWA930HS,1,Pcs.,213.22,213.22
2026-07-01,26-27/01439/Hero,Pankaj Auto | AFM | Bisalpur,22121198900S,4,Pcs.,191.27,765.08
2026-07-01,26-27/01439/Hero,Pankaj Auto | AFM | Bisalpur,23471GN5910S,1,Pcs.,272.79,272.79
2026-07-01,26-27/01439/Hero,Pankaj Auto | AFM | Bisalpur,3310BAAH10099S,2,Pcs.,385.68,771.36
2026-07-01,26-27/01439/Hero,Pankaj Auto | AFM | Bisalpur,3310BAAH10099S,1,Pcs.,332.37,332.37
2026-07-01,26-27/01439/Hero,Pankaj Auto | AFM | Bisalpur,3310BKCC710AS,1,Pcs.,351.19,351.19
2026-07-01,26-27/01439/Hero,Pankaj Auto | AFM | Bisalpur,37610KST951S,2,Pcs.,94.07,188.14
2026-07-01,26-27/01439/Hero,Pankaj Auto | AFM | Bisalpur,91005KWA940S,1,Pcs.,31.35,31.35
2026-07-01,26-27/01439/Hero,Pankaj Auto | AFM | Bisalpur,14401AAD00099S,5,Pcs.,94.07,470.35
2026-07-01,26-27/01439/Hero,Pankaj Auto | AFM | Bisalpur,14610086000RS,3,Pcs.,59.58,178.74
2026-07-01,26-27/01439/Hero,Pankaj Auto | AFM | Bisalpur,14670035030LS,3,Pcs.,65.84,197.52
2026-07-01,26-27/01439/Hero,Pankaj Auto | AFM | Bisalpur,16450AAL901S,2,Pcs.,787.03,1574.06
2026-07-01,26-27/01439/Hero,Pankaj Auto | AFM | Bisalpur,16451ABZ000S,1,Pcs.,987.72,987.72
2026-07-01,26-27/01439/Hero,Pankaj Auto | AFM | Bisalpur,17110KCC870S,4,Pcs.,128.56,514.24
2026-07-01,26-27/01439/Hero,Pankaj Auto | AFM | Bisalpur,17110KCC870S,1,Pcs.,108.49,108.49
2026-07-01,26-27/01439/Hero,Pankaj Auto | AFM | Bisalpur,17620GE2H31S,1,Pcs.,266.53,266.53
2026-07-01,26-27/01439/Hero,Pankaj Auto | AFM | Bisalpur,17620GE2H31S,1,Pcs.,269.66,269.66
2026-07-01,26-27/01439/Hero,Pankaj Auto | AFM | Bisalpur,17620GE2H31S,1,Pcs.,235.17,235.17
2026-07-01,26-27/01439/Hero,Pankaj Auto | AFM | Bisalpur,17620KCC900S,3,Pcs.,37.63,112.89
2026-07-01,26-27/01439/Hero,Pankaj Auto | AFM | Bisalpur,17620KWA930HS,3,Pcs.,213.22,639.66
2026-07-01,26-27/01439/Hero,Pankaj Auto | AFM | Bisalpur,22121198900S,4,Pcs.,191.27,765.08
2026-07-01,26-27/01439/Hero,Pankaj Auto | AFM | Bisalpur,22121198900S,2,Pcs.,181.86,363.72
2026-07-01,26-27/01439/Hero,Pankaj Auto | AFM | Bisalpur,22K130LS,3,Pcs.,297.88,893.64
2026-07-01,26-27/01439/Hero,Pankaj Auto | AFM | Bisalpur,23441GB4770S,5,Pcs.,370.0,1850.0
2026-07-01,26-27/01439/Hero,Pankaj Auto | AFM | Bisalpur,23451GK4761S,5,Pcs.,317.95,1589.75
2026-07-01,26-27/01439/Hero,Pankaj Auto | AFM | Bisalpur,23471GN5910S,2,Pcs.,272.79,545.58
2026-07-01,26-27/01439/Hero,Pankaj Auto | AFM | Bisalpur,23471GN5910S,1,Pcs.,253.98,253.98
2026-07-01,26-27/01439/Hero,Pankaj Auto | AFM | Bisalpur,23471GN5910S,1,Pcs.,275.93,275.93
2026-07-01,26-27/01439/Hero,Pankaj Auto | AFM | Bisalpur,23481HF7000S,2,Pcs.,203.81,407.62
2026-07-01,26-27/01439/Hero,Pankaj Auto | AFM | Bisalpur,23481HF7000S,3,Pcs.,176.22,528.66
2026-07-01,26-27/01439/Hero,Pankaj Auto | AFM | Bisalpur,23801GF6000S,10,Pcs.,59.58,595.8
2026-07-01,26-27/01439/Hero,Pankaj Auto | AFM | Bisalpur,25K160S,5,Pcs.,210.09,1050.45
2026-07-01,26-27/01439/Hero,Pankaj Auto | AFM | Bisalpur,28110ACK010S,2,Pcs.,332.37,664.74
2026-07-01,26-27/01439/Hero,Pankaj Auto | AFM | Bisalpur,3310BAAFH01S,1,Pcs.,498.56,498.56
2026-07-01,26-27/01439/Hero,Pankaj Auto | AFM | Bisalpur,37610KST951S,1,Pcs.,94.07,94.07
2026-07-01,26-27/01439/Hero,Pankaj Auto | AFM | Bisalpur,90307001000S,20,Pcs.,9.4,188.0
2026-07-01,26-27/01439/Hero,Pankaj Auto | AFM | Bisalpur,91005KWA940S,9,Pcs.,31.35,282.15
2026-07-01,26-27/01439/Hero,Pankaj Auto | AFM | Bisalpur,K12121AAEE300S,1,Pcs.,1668.14,1668.14
2026-07-01,26-27/01439/Hero,Pankaj Auto | AFM | Bisalpur,K14144AADE3000S,2,Pcs.,247.72,495.44
2026-07-01,26-27/01439/Hero,Pankaj Auto | AFM | Bisalpur,K14144AADE3000S,1,Pcs.,260.25,260.25
2026-07-01,26-27/01439/Hero,Pankaj Auto | AFM | Bisalpur,K83834AAEAH00SS,5,Pcs.,97.21,486.05
2026-07-01,26-27/01439/Hero,Pankaj Auto | AFM | Bisalpur,K83834AAEE300RS,1,Pcs.,144.24,144.24
2026-07-01,26-27/01439/Hero,Pankaj Auto | AFM | Bisalpur,K83834AAEE300RS,4,Pcs.,159.91,639.64
2026-07-01,26-27/01439/Hero,Pankaj Auto | AFM | Bisalpur,K86864ACK000TS,5,Pcs.,116.02,580.1
2026-07-01,26-27/01439/Hero,Pankaj Auto | AFM | Bisalpur,3310BAAFH01S,2,Pcs.,498.56,997.12
2026-07-01,26-27/01440/Hero,New Khan Auto | AFM | Bisalpur,61100KST940ZAPROS,5,Pcs.,296.61,1483.05
2026-07-01,26-27/01440/Hero,New Khan Auto | AFM | Bisalpur,61100KST940ZAPROS,5,Pcs.,296.61,1483.05
2026-07-01,26-27/01441/Hero,Hero Honda Automobile | AFM | Puranpur,SPDMCYL02SS,100,Pcs.,224.58,22458.0
2026-07-01,26-27/01442/Hero,Hero Honda Automobile | AFM | Puranpur,SPDMCYL02SS,100,Pcs.,224.58,22458.0
2026-07-01,26-27/01443/Hero,Sarthak Traders | AFM | Puranpur,SPDMCYL02SS,100,Pcs.,220.34,22034.0
2026-07-01,26-27/01444/Hero,Sarthak Traders | AFM | Puranpur,SPDMCYL02SS,100,Pcs.,220.34,22034.0
2026-07-01,26-27/01445/Hero,Khandelwal Auto Parts,20K211S,10,Pcs.,461.86,4618.6
2026-07-01,26-27/01446/Hero,Meetu Khandelwal | AFM | Puranpur,61100KST940ZAPROS,5,Pcs.,225.42,1127.1
2026-07-01,26-27/01446/Hero,Meetu Khandelwal | AFM | Puranpur,61100KST940ZAPROS,5,Pcs.,225.42,1127.1
2026-07-01,26-27/01447/Hero,Meetu Khandelwal | AFM | Puranpur,61100KST940ZAPROS,5,Pcs.,225.42,1127.1
2026-07-01,26-27/01447/Hero,Meetu Khandelwal | AFM | Puranpur,61100KST940ZAPROS,5,Pcs.,225.42,1127.1
2026-07-01,26-27/01448/Hero,New Khan Auto | AFM | Bisalpur,61100KST940ZAPROS,5,Pcs.,228.39,1141.95
2026-07-01,26-27/01448/Hero,New Khan Auto | AFM | Bisalpur,61100KST940ZAPROS,5,Pcs.,228.39,1141.95
2026-07-01,26-27/01449/Hero,Mishra M/c Store | AFM | Bilsanda,ACKEA7B000000GS,5,Pcs.,577.5,2887.5
2026-07-02,26-27/01450/Hero,Khandelwal Auto Parts,20K710S,20,Pcs.,423.73,8474.6
2026-07-02,26-27/01451/Hero,Haseeb Auto Parts | AFM | Nawabganj,83410AAEC00XS,1,Pcs.,627.96,627.96
2026-07-02,26-27/01451/Hero,Haseeb Auto Parts | AFM | Nawabganj,83410AAEC00XS,1,Pcs.,627.96,627.96
2026-07-02,26-27/01451/Hero,Haseeb Auto Parts | AFM | Nawabganj,83410AAEC00XS,1,Pcs.,627.96,627.96
2026-07-02,26-27/01451/Hero,Haseeb Auto Parts | AFM | Nawabganj,17208AAT00099S,3,Pcs.,173.89,521.67
2026-07-02,26-27/01451/Hero,Haseeb Auto Parts | AFM | Nawabganj,31120AAC201S,2,Pcs.,766.44,1532.88
2026-07-02,26-27/01451/Hero,Haseeb Auto Parts | AFM | Nawabganj,3310BKCC710AS,2,Pcs.,360.68,721.36
2026-07-02,26-27/01451/Hero,Haseeb Auto Parts | AFM | Nawabganj,35010AADH00S,2,Pcs.,618.31,1236.62
2026-07-02,26-27/01451/Hero,Haseeb Auto Parts | AFM | Nawabganj,35100AAE301S,5,Pcs.,370.34,1851.7
2026-07-02,26-27/01451/Hero,Haseeb Auto Parts | AFM | Nawabganj,51401KST941S,1,Pcs.,57.96,57.96
2026-07-02,26-27/01451/Hero,Haseeb Auto Parts | AFM | Nawabganj,61311KCC840S,4,Pcs.,112.72,450.88
2026-07-02,26-27/01451/Hero,Haseeb Auto Parts | AFM | Nawabganj,61314AAE710S,2,Pcs.,57.96,115.92
2026-07-02,26-27/01451/Hero,Haseeb Auto Parts | AFM | Nawabganj,14500035020S,50,Pcs.,41.86,2093.0
2026-07-02,26-27/01451/Hero,Haseeb Auto Parts | AFM | Nawabganj,14502086000RS,5,Pcs.,57.96,289.8
2026-07-02,26-27/01451/Hero,Haseeb Auto Parts | AFM | Nawabganj,14502086000RS,15,Pcs.,54.74,821.1
2026-07-02,26-27/01451/Hero,Haseeb Auto Parts | AFM | Nawabganj,14610086000RS,40,Pcs.,57.96,2318.4
2026-07-02,26-27/01451/Hero,Haseeb Auto Parts | AFM | Nawabganj,14670035030LS,20,Pcs.,67.62,1352.4
2026-07-02,26-27/01451/Hero,Haseeb Auto Parts | AFM | Nawabganj,31210AAC811S,1,Pcs.,1168.99,1168.99
2026-07-02,26-27/01451/Hero,Haseeb Auto Parts | AFM | Nawabganj,33K151S,1,Pcs.,450.85,450.85
2026-07-02,26-27/01451/Hero,Haseeb Auto Parts | AFM | Nawabganj,35150AAF00099S,7,Pcs.,206.11,1442.77
2026-07-02,26-27/01451/Hero,Haseeb Auto Parts | AFM | Nawabganj,35150AAF00099S,3,Pcs.,177.12,531.36
2026-07-02,26-27/01451/Hero,Haseeb Auto Parts | AFM | Nawabganj,35753035010S,50,Pcs.,9.66,483.0
2026-07-02,26-27/01451/Hero,Haseeb Auto Parts | AFM | Nawabganj,51401KST941S,9,Pcs.,57.96,521.64
2026-07-02,26-27/01451/Hero,Haseeb Auto Parts | AFM | Nawabganj,52147KTC900S,30,Pcs.,32.2,966.0
2026-07-02,26-27/01451/Hero,Haseeb Auto Parts | AFM | Nawabganj,61311KCC840S,1,Pcs.,112.72,112.72
2026-07-02,26-27/01451/Hero,Haseeb Auto Parts | AFM | Nawabganj,61314AAE710S,8,Pcs.,57.96,463.68
2026-07-02,26-27/01452/Hero,Dayal Auto Spares | AFM | Nawabganj,14610086000RS,5,Pcs.,58.8,294.0
2026-07-02,26-27/01452/Hero,Dayal Auto Spares | AFM | Nawabganj,17208AABA00S,2,Pcs.,128.33,256.66
2026-07-02,26-27/01452/Hero,Dayal Auto Spares | AFM | Nawabganj,17213AACA0099S,3,Pcs.,145.21,435.63
2026-07-02,26-27/01452/Hero,Dayal Auto Spares | AFM | Nawabganj,17910KTC900S,4,Pcs.,55.66,222.64
2026-07-02,26-27/01452/Hero,Dayal Auto Spares | AFM | Nawabganj,22201AAHA01S,4,Pcs.,49.0,196.0
2026-07-02,26-27/01452/Hero,Dayal Auto Spares | AFM | Nawabganj,22870KCC900S,3,Pcs.,74.3,222.9
2026-07-02,26-27/01452/Hero,Dayal Auto Spares | AFM | Nawabganj,25K160S,2,Pcs.,226.27,452.54
2026-07-02,26-27/01452/Hero,Dayal Auto Spares | AFM | Nawabganj,28302KAG900S,5,Pcs.,81.05,405.25
2026-07-02,26-27/01452/Hero,Dayal Auto Spares | AFM | Nawabganj,3310BKCC710AS,1,Pcs.,378.24,378.24
2026-07-02,26-27/01452/Hero,Dayal Auto Spares | AFM | Nawabganj,3340AKWA931S,1,Pcs.,128.33,128.33
2026-07-02,26-27/01452/Hero,Dayal Auto Spares | AFM | Nawabganj,33450KCC710S,2,Pcs.,185.74,371.48
2026-07-02,26-27/01452/Hero,Dayal Auto Spares | AFM | Nawabganj,3345AKWA931S,2,Pcs.,165.48,330.96
2026-07-02,26-27/01452/Hero,Dayal Auto Spares | AFM | Nawabganj,37610KCC900S,2,Pcs.,124.95,249.9
2026-07-02,26-27/01452/Hero,Dayal Auto Spares | AFM | Nawabganj,51401KST941S,1,Pcs.,60.79,60.79
2026-07-02,26-27/01452/Hero,Dayal Auto Spares | AFM | Nawabganj,88110AAHH00S,2,Pcs.,94.56,189.12
2026-07-02,26-27/01452/Hero,Dayal Auto Spares | AFM | Nawabganj,88120AAHH00S,2,Pcs.,108.06,216.12
2026-07-02,26-27/01452/Hero,Dayal Auto Spares | AFM | Nawabganj,14401AAD00099S,5,Pcs.,99.15,495.75
2026-07-02,26-27/01452/Hero,Dayal Auto Spares | AFM | Nawabganj,20K710S,3,Pcs.,466.57,1399.71
2026-07-02,26-27/01452/Hero,Dayal Auto Spares | AFM | Nawabganj,22201AAHA01S,4,Pcs.,49.0,196.0
2026-07-02,26-27/01452/Hero,Dayal Auto Spares | AFM | Nawabganj,22201GF6000S,8,Pcs.,64.17,513.36
2026-07-02,26-27/01452/Hero,Dayal Auto Spares | AFM | Nawabganj,22311107000S,6,Pcs.,37.15,222.9
2026-07-02,26-27/01452/Hero,Dayal Auto Spares | AFM | Nawabganj,22870KCC900S,2,Pcs.,74.3,148.6
2026-07-02,26-27/01452/Hero,Dayal Auto Spares | AFM | Nawabganj,25K170S,2,Pcs.,320.82,641.64
2026-07-02,26-27/01452/Hero,Dayal Auto Spares | AFM | Nawabganj,33400KCC710S,2,Pcs.,185.74,371.48
2026-07-02,26-27/01452/Hero,Dayal Auto Spares | AFM | Nawabganj,33K111S,2,Pcs.,432.27,864.54
2026-07-02,26-27/01452/Hero,Dayal Auto Spares | AFM | Nawabganj,41241KST941S,8,Pcs.,20.26,162.08
2026-07-02,26-27/01452/Hero,Dayal Auto Spares | AFM | Nawabganj,41241KTC900S,8,Pcs.,19.6,156.8
2026-07-02,26-27/01452/Hero,Dayal Auto Spares | AFM | Nawabganj,45450KCC710S,5,Pcs.,91.17,455.85
2026-07-02,26-27/01452/Hero,Dayal Auto Spares | AFM | Nawabganj,51401KST941S,4,Pcs.,60.79,243.16
2026-07-02,26-27/01452/Hero,Dayal Auto Spares | AFM | Nawabganj,53178AAFH00S,4,Pcs.,67.55,270.2
2026-07-02,26-27/01453/Hero,Raj Auto Spare Parts | AFM | Nawabganj,11394AAH00099S,4,Pcs.,48.94,195.76
2026-07-02,26-27/01453/Hero,Raj Auto Spare Parts | AFM | Nawabganj,14311035000S,10,Pcs.,39.16,391.6
2026-07-02,26-27/01453/Hero,Raj Auto Spare Parts | AFM | Nawabganj,22K130LS,6,Pcs.,326.27,1957.62
2026-07-02,26-27/01453/Hero,Raj Auto Spare Parts | AFM | Nawabganj,3360BAAEB0099S,3,Pcs.,150.09,450.27
2026-07-02,26-27/01453/Hero,Raj Auto Spare Parts | AFM | Nawabganj,3365BAAEB0099S,2,Pcs.,150.09,300.18
2026-07-02,26-27/01453/Hero,Raj Auto Spare Parts | AFM | Nawabganj,33K111S,3,Pcs.,437.21,1311.63
2026-07-02,26-27/01453/Hero,Raj Auto Spare Parts | AFM | Nawabganj,33K131S,2,Pcs.,479.62,959.24
2026-07-02,26-27/01453/Hero,Raj Auto Spare Parts | AFM | Nawabganj,91303719000S,40,Pcs.,6.52,260.8
2026-07-02,26-27/01453/Hero,Raj Auto Spare Parts | AFM | Nawabganj,K06431KTCF981S,10,Pcs.,215.34,2153.4
2026-07-02,26-27/01453/Hero,Raj Auto Spare Parts | AFM | Nawabganj,K10122KSTG940DS,3,Pcs.,378.48,1135.44
2026-07-02,26-27/01453/Hero,Raj Auto Spare Parts | AFM | Nawabganj,K14144AACK000S,3,Pcs.,276.68,830.04
2026-07-02,26-27/01453/Hero,Raj Auto Spare Parts | AFM | Nawabganj,K14144AACK000S,2,Pcs.,293.65,587.3
2026-07-02,26-27/01454/Hero,Shadab Auto Parts | AFM | Nawabganj,K40405KSTG950S,4,Pcs.,322.24,1288.96
2026-07-02,26-27/01454/Hero,Shadab Auto Parts | AFM | Nawabganj,K40405KSTG950S,4,Pcs.,322.24,1288.96
2026-07-02,26-27/01454/Hero,Shadab Auto Parts | AFM | Nawabganj,K42423KCCZ600S,50,Pcs.,54.02,2701.0
2026-07-02,26-27/01454/Hero,Shadab Auto Parts | AFM | Nawabganj,K42423KCCZ600S,50,Pcs.,54.02,2701.0
2026-07-02,26-27/01454/Hero,Shadab Auto Parts | AFM | Nawabganj,33K111S,10,Pcs.,425.85,4258.5
2026-07-02,26-27/01454/Hero,Shadab Auto Parts | AFM | Nawabganj,K40405KSTG950S,2,Pcs.,346.39,692.78
2026-07-02,26-27/01454/Hero,Shadab Auto Parts | AFM | Nawabganj,22201AAHA01S,200,Pcs.,47.67,9534.0
2026-07-02,26-27/01455/Hero,Pankaj Auto | AFM | Bisalpur,ACKEA7B000000GS,5,Pcs.,635.59,3177.95
2026-07-02,26-27/01456/Hero,Sameer Auto Parts | AFM | Faridpur,14401AAD00099S,5,Pcs.,96.61,483.05
2026-07-02,26-27/01456/Hero,Sameer Auto Parts | AFM | Faridpur,1450AACK000S,1,Pcs.,80.51,80.51
2026-07-02,26-27/01456/Hero,Sameer Auto Parts | AFM | Faridpur,14610086000RS,12,Pcs.,61.19,734.28
2026-07-02,26-27/01456/Hero,Sameer Auto Parts | AFM | Faridpur,37614KCC900S,2,Pcs.,48.31,96.62
2026-07-02,26-27/01456/Hero,Sameer Auto Parts | AFM | Faridpur,43120365H70S,10,Pcs.,57.96,579.6
2026-07-02,26-27/01456/Hero,Sameer Auto Parts | AFM | Faridpur,45450ACK000S,1,Pcs.,235.08,235.08
2026-07-02,26-27/01456/Hero,Sameer Auto Parts | AFM | Faridpur,45450KCC900S,5,Pcs.,96.61,483.05
2026-07-02,26-27/01456/Hero,Sameer Auto Parts | AFM | Faridpur,45475AAHF00S,3,Pcs.,112.72,338.16
2026-07-02,26-27/01456/Hero,Sameer Auto Parts | AFM | Faridpur,53175AAFH00S,1,Pcs.,64.41,64.41
2026-07-02,26-27/01456/Hero,Sameer Auto Parts | AFM | Faridpur,53178AAFH00S,2,Pcs.,64.41,128.82
2026-07-02,26-27/01456/Hero,Sameer Auto Parts | AFM | Faridpur,61311KCC840S,2,Pcs.,112.72,225.44
2026-07-02,26-27/01456/Hero,Sameer Auto Parts | AFM | Faridpur,77230AAH100RS,1,Pcs.,74.07,74.07
2026-07-02,26-27/01456/Hero,Sameer Auto Parts | AFM | Faridpur,77235AAE300RS,1,Pcs.,167.46,167.46
2026-07-02,26-27/01456/Hero,Sameer Auto Parts | AFM | Faridpur,83401KCC900SS,1,Pcs.,376.78,376.78
2026-07-02,26-27/01456/Hero,Sameer Auto Parts | AFM | Faridpur,14401AAD00099S,4,Pcs.,90.17,360.68
2026-07-02,26-27/01456/Hero,Sameer Auto Parts | AFM | Faridpur,14401AAD00099S,6,Pcs.,96.61,579.66
2026-07-02,26-27/01456/Hero,Sameer Auto Parts | AFM | Faridpur,1450AACK000S,2,Pcs.,80.51,161.02
2026-07-02,26-27/01456/Hero,Sameer Auto Parts | AFM | Faridpur,21K120LS,1,Pcs.,1452.38,1452.38
2026-07-02,26-27/01456/Hero,Sameer Auto Parts | AFM | Faridpur,22311107000S,6,Pcs.,35.42,212.52
2026-07-02,26-27/01456/Hero,Sameer Auto Parts | AFM | Faridpur,33450KCC710S,1,Pcs.,141.69,141.69
2026-07-02,26-27/01456/Hero,Sameer Auto Parts | AFM | Faridpur,33450KCC710S,1,Pcs.,177.12,177.12
2026-07-02,26-27/01456/Hero,Sameer Auto Parts | AFM | Faridpur,3370BKST930S,1,Pcs.,286.61,286.61
2026-07-02,26-27/01456/Hero,Sameer Auto Parts | AFM | Faridpur,34930AAC700S,10,Pcs.,32.2,322.0
2026-07-02,26-27/01456/Hero,Sameer Auto Parts | AFM | Faridpur,35010AAC701S,1,Pcs.,666.61,666.61
2026-07-02,26-27/01456/Hero,Sameer Auto Parts | AFM | Faridpur,35010AAE102S,1,Pcs.,541.01,541.01
2026-07-02,26-27/01456/Hero,Sameer Auto Parts | AFM | Faridpur,35100AAE301S,1,Pcs.,370.34,370.34
2026-07-02,26-27/01456/Hero,Sameer Auto Parts | AFM | Faridpur,35330AAHF11S,2,Pcs.,22.54,45.08
2026-07-02,26-27/01456/Hero,Sameer Auto Parts | AFM | Faridpur,37230KWHH01S,5,Pcs.,54.74,273.7
2026-07-02,26-27/01456/Hero,Sameer Auto Parts | AFM | Faridpur,43120365H70S,6,Pcs.,57.96,347.76
2026-07-02,26-27/01456/Hero,Sameer Auto Parts | AFM | Faridpur,45450ACK000S,1,Pcs.,235.08,235.08
2026-07-02,26-27/01456/Hero,Sameer Auto Parts | AFM | Faridpur,52400KWH961ZAS,2,Pcs.,708.47,1416.94
2026-07-02,26-27/01456/Hero,Sameer Auto Parts | AFM | Faridpur,53140AAC000S,2,Pcs.,42.51,85.02
2026-07-02,26-27/01456/Hero,Sameer Auto Parts | AFM | Faridpur,53140KTC900S,3,Pcs.,35.42,106.26
2026-07-02,26-27/01456/Hero,Sameer Auto Parts | AFM | Faridpur,53140KTC900S,1,Pcs.,41.86,41.86
2026-07-02,26-27/01456/Hero,Sameer Auto Parts | AFM | Faridpur,53166AAC000S,2,Pcs.,51.53,103.06
2026-07-02,26-27/01456/Hero,Sameer Auto Parts | AFM | Faridpur,53175AAFH00S,4,Pcs.,64.41,257.64
2026-07-02,26-27/01456/Hero,Sameer Auto Parts | AFM | Faridpur,53178AAFH00S,3,Pcs.,64.41,193.23
2026-07-02,26-27/01456/Hero,Sameer Auto Parts | AFM | Faridpur,K22222KTCE900S,1,Pcs.,424.44,424.44
2026-07-02,26-27/01456/Hero,Sameer Auto Parts | AFM | Faridpur,K41412AANNB00S,1,Pcs.,541.01,541.01
2026-07-02,26-27/01456/Hero,Sameer Auto Parts | AFM | Faridpur,K53532AAEE300S,1,Pcs.,231.86,231.86
2026-07-02,26-27/01456/Hero,Sameer Auto Parts | AFM | Faridpur,K83834AAEAH00SS,3,Pcs.,112.72,338.16
2026-07-02,26-27/01456/Hero,Sameer Auto Parts | AFM | Faridpur,53100AAE110S,2,Pcs.,328.47,656.94
2026-07-02,26-27/01456/Hero,Sameer Auto Parts | AFM | Faridpur,77210AAHF00RS,1,Pcs.,354.24,354.24
2026-07-02,26-27/01456/Hero,Sameer Auto Parts | AFM | Faridpur,77220AAHF00RS,1,Pcs.,354.24,354.24
2026-07-02,26-27/01456/Hero,Sameer Auto Parts | AFM | Faridpur,77240AAG300TS,1,Pcs.,308.51,308.51
2026-07-02,26-27/01456/Hero,Sameer Auto Parts | AFM | Faridpur,77246AAD000RS,1,Pcs.,267.28,267.28
2026-07-02,26-27/01456/Hero,Sameer Auto Parts | AFM | Faridpur,77250AAG300TS,1,Pcs.,357.46,357.46
2026-07-02,26-27/01456/Hero,Sameer Auto Parts | AFM | Faridpur,77256AAD000RS,1,Pcs.,267.28,267.28
2026-07-02,26-27/01456/Hero,Sameer Auto Parts | AFM | Faridpur,77235AAG300RS,1,Pcs.,167.46,167.46
2026-07-02,26-27/01456/Hero,Sameer Auto Parts | AFM | Faridpur,50500KTRA00S,1,Pcs.,276.95,276.95
2026-07-02,26-27/01456/Hero,Sameer Auto Parts | AFM | Faridpur,35010AAE201S,1,Pcs.,573.22,573.22
2026-07-02,26-27/01456/Hero,Sameer Auto Parts | AFM | Faridpur,45125KCCH00S,6,Pcs.,64.41,386.46
2026-07-02,26-27/01457/Hero,Pankaj Auto | AFM | Bisalpur,61100KST940ZAPROS,5,Pcs.,219.49,1097.45
2026-07-02,26-27/01457/Hero,Pankaj Auto | AFM | Bisalpur,61100KST940ZAPROS,5,Pcs.,219.49,1097.45
2026-07-02,26-27/01458/Hero,Pankaj Auto | AFM | Bisalpur,61100KST940ZAPROS,5,Pcs.,219.49,1097.45
2026-07-02,26-27/01459/Hero,Pankaj Auto | AFM | Bisalpur,61100KST940ZAPROS,5,Pcs.,219.49,1097.45
2026-07-02,26-27/01460/Hero,Pankaj Auto | AFM | Bisalpur,20K1110S,1,Pcs.,501.7,501.7
2026-07-02,26-27/01460/Hero,Pankaj Auto | AFM | Bisalpur,40510AAE200S,1,Pcs.,173.09,173.09
2026-07-02,26-27/01460/Hero,Pankaj Auto | AFM | Bisalpur,4052AAAE200S,1,Pcs.,191.27,191.27
2026-07-02,26-27/01460/Hero,Pankaj Auto | AFM | Bisalpur,43100ACK011S,1,Pcs.,501.7,501.7
2026-07-02,26-27/01460/Hero,Pankaj Auto | AFM | Bisalpur,43141KTC900S,1,Pcs.,43.9,43.9
2026-07-02,26-27/01460/Hero,Pankaj Auto | AFM | Bisalpur,50701ACK000S,1,Pcs.,194.92,194.92
2026-07-02,26-27/01460/Hero,Pankaj Auto | AFM | Bisalpur,50702ACK000S,1,Pcs.,150.51,150.51
2026-07-02,26-27/01460/Hero,Pankaj Auto | AFM | Bisalpur,50803KST940S,1,Pcs.,438.98,438.98
2026-07-02,26-27/01460/Hero,Pankaj Auto | AFM | Bisalpur,51104AAEH00S,1,Pcs.,97.21,97.21
2026-07-02,26-27/01460/Hero,Pankaj Auto | AFM | Bisalpur,52101KST940S,1,Pcs.,56.44,56.44
2026-07-02,26-27/01460/Hero,Pankaj Auto | AFM | Bisalpur,K50507KCCA900LS,1,Pcs.,117.9,117.9
2026-07-02,26-27/01460/Hero,Pankaj Auto | AFM | Bisalpur,K42426AAED230S,1,Pcs.,3775.25,3775.25
2026-07-02,26-27/01460/Hero,Pankaj Auto | AFM | Bisalpur,52110AAE300S,1,Pcs.,671.02,671.02
2026-07-02,26-27/01460/Hero,Pankaj Auto | AFM | Bisalpur,83410AAEC00XS,1,Pcs.,611.44,611.44
2026-07-02,26-27/01460/Hero,Pankaj Auto | AFM | Bisalpur,18350AAE950S,1,Pcs.,7152.54,7152.54
2026-07-02,26-27/01460/Hero,Pankaj Auto | AFM | Bisalpur,50500AAE300S,1,Pcs.,294.75,294.75
2026-07-02,26-27/01461/Hero,Pankaj Auto | AFM | Bisalpur,24610KST940S,5,Pcs.,191.27,956.35
2026-07-02,26-27/01461/Hero,Pankaj Auto | AFM | Bisalpur,31120KSPB01S,1,Pcs.,639.66,639.66
2026-07-02,26-27/01461/Hero,Pankaj Auto | AFM | Bisalpur,3310AAAGH20S,2,Pcs.,479.75,959.5
2026-07-02,26-27/01461/Hero,Pankaj Auto | AFM | Bisalpur,3310BKCC710AS,1,Pcs.,351.19,351.19
2026-07-02,26-27/01461/Hero,Pankaj Auto | AFM | Bisalpur,14500035020S,10,Pcs.,40.76,407.6
2026-07-02,26-27/01461/Hero,Pankaj Auto | AFM | Bisalpur,14610086000RS,70,Pcs.,59.58,4170.6
2026-07-02,26-27/01461/Hero,Pankaj Auto | AFM | Bisalpur,17213AACA0099S,4,Pcs.,134.83,539.32
2026-07-02,26-27/01461/Hero,Pankaj Auto | AFM | Bisalpur,31120KSPB01S,1,Pcs.,639.66,639.66
2026-07-02,26-27/01461/Hero,Pankaj Auto | AFM | Bisalpur,3310AAAGH20S,1,Pcs.,479.75,479.75
2026-07-02,26-27/01461/Hero,Pankaj Auto | AFM | Bisalpur,3310BKCC710AS,2,Pcs.,351.19,702.38
2026-07-02,26-27/01461/Hero,Pankaj Auto | AFM | Bisalpur,40510AAE200S,2,Pcs.,173.09,346.18
2026-07-02,26-27/01461/Hero,Pankaj Auto | AFM | Bisalpur,40510AAE200S,1,Pcs.,191.27,191.27
2026-07-02,26-27/01461/Hero,Pankaj Auto | AFM | Bisalpur,4052AAAE200S,1,Pcs.,191.27,191.27
2026-07-02,26-27/01461/Hero,Pankaj Auto | AFM | Bisalpur,50803KCC900S,2,Pcs.,401.35,802.7
2026-07-02,26-27/01461/Hero,Pankaj Auto | AFM | Bisalpur,11321KST940S,2,Pcs.,81.53,163.06
2026-07-02,26-27/01461/Hero,Pankaj Auto | AFM | Bisalpur,14500035020S,48,Pcs.,40.76,1956.48
2026-07-02,26-27/01461/Hero,Pankaj Auto | AFM | Bisalpur,1450AACK000S,5,Pcs.,75.25,376.25
2026-07-02,26-27/01461/Hero,Pankaj Auto | AFM | Bisalpur,14550GB0910RS,19,Pcs.,68.98,1310.62
2026-07-02,26-27/01461/Hero,Pankaj Auto | AFM | Bisalpur,14610086000RS,29,Pcs.,59.58,1727.82
2026-07-02,26-27/01461/Hero,Pankaj Auto | AFM | Bisalpur,14670035030LS,5,Pcs.,65.84,329.2
2026-07-02,26-27/01461/Hero,Pankaj Auto | AFM | Bisalpur,14670ACK000S,11,Pcs.,31.35,344.85
2026-07-02,26-27/01461/Hero,Pankaj Auto | AFM | Bisalpur,14675178000S,10,Pcs.,40.76,407.6
2026-07-02,26-27/01461/Hero,Pankaj Auto | AFM | Bisalpur,17208AAT00099S,2,Pcs.,169.32,338.64
2026-07-02,26-27/01461/Hero,Pankaj Auto | AFM | Bisalpur,22K130LS,1,Pcs.,288.47,288.47
2026-07-02,26-27/01461/Hero,Pankaj Auto | AFM | Bisalpur,22K130LS,17,Pcs.,313.56,5330.52
2026-07-02,26-27/01461/Hero,Pankaj Auto | AFM | Bisalpur,22K130LS,4,Pcs.,297.88,1191.52
2026-07-02,26-27/01461/Hero,Pankaj Auto | AFM | Bisalpur,3310BKCC710AS,5,Pcs.,351.19,1755.95
2026-07-02,26-27/01461/Hero,Pankaj Auto | AFM | Bisalpur,35010AAE301S,1,Pcs.,536.19,536.19
2026-07-02,26-27/01461/Hero,Pankaj Auto | AFM | Bisalpur,91202KTP900S,3,Pcs.,34.49,103.47
2026-07-02,26-27/01461/Hero,Pankaj Auto | AFM | Bisalpur,91202KTP900S,32,Pcs.,26.34,842.88
2026-07-02,26-27/01461/Hero,Pankaj Auto | AFM | Bisalpur,91202KWP901S,50,Pcs.,25.09,1254.5
2026-07-02,26-27/01461/Hero,Pankaj Auto | AFM | Bisalpur,K42423KSTG940S,5,Pcs.,50.17,250.85
2026-07-02,26-27/01461/Hero,Pankaj Auto | AFM | Bisalpur,42702KWP900S,1,Pcs.,407.63,407.63
2026-07-02,26-27/01461/Hero,Pankaj Auto | AFM | Bisalpur,42702KWP900S,1,Pcs.,445.25,445.25
2026-07-02,26-27/01461/Hero,Pankaj Auto | AFM | Bisalpur,1450AACK000S,15,Pcs.,75.25,1128.75
2026-07-02,26-27/01461/Hero,Pankaj Auto | AFM | Bisalpur,14670035030LS,34,Pcs.,65.84,2238.56
2026-07-02,26-27/01461/Hero,Pankaj Auto | AFM | Bisalpur,14670ACK000S,9,Pcs.,31.35,282.15
2026-07-02,26-27/01461/Hero,Pankaj Auto | AFM | Bisalpur,14675178000S,20,Pcs.,40.76,815.2
2026-07-02,26-27/01461/Hero,Pankaj Auto | AFM | Bisalpur,17208AAT00099S,3,Pcs.,169.32,507.96
2026-07-02,26-27/01461/Hero,Pankaj Auto | AFM | Bisalpur,17213AACA0099S,1,Pcs.,134.83,134.83
2026-07-02,26-27/01461/Hero,Pankaj Auto | AFM | Bisalpur,22K130LS,6,Pcs.,297.88,1787.28
2026-07-02,26-27/01461/Hero,Pankaj Auto | AFM | Bisalpur,22K130LS,2,Pcs.,313.56,627.12
2026-07-02,26-27/01461/Hero,Pankaj Auto | AFM | Bisalpur,23441GB4770S,5,Pcs.,370.0,1850.0
2026-07-02,26-27/01461/Hero,Pankaj Auto | AFM | Bisalpur,23461GK4760S,5,Pcs.,282.21,1411.05
2026-07-02,26-27/01461/Hero,Pankaj Auto | AFM | Bisalpur,24211GF6000RS,30,Pcs.,203.81,6114.3
2026-07-02,26-27/01461/Hero,Pankaj Auto | AFM | Bisalpur,28101KWA940S,30,Pcs.,78.39,2351.7
2026-07-02,26-27/01461/Hero,Pankaj Auto | AFM | Bisalpur,28302KAG900S,30,Pcs.,75.25,2257.5
2026-07-02,26-27/01461/Hero,Pankaj Auto | AFM | Bisalpur,2830AKAG900S,2,Pcs.,301.02,602.04
2026-07-02,26-27/01461/Hero,Pankaj Auto | AFM | Bisalpur,2830AKSTA10S,2,Pcs.,260.25,520.5
2026-07-02,26-27/01461/Hero,Pankaj Auto | AFM | Bisalpur,31202ACK012S,5,Pcs.,43.9,219.5
2026-07-02,26-27/01461/Hero,Pankaj Auto | AFM | Bisalpur,31202GB2700LS,5,Pcs.,40.76,203.8
2026-07-02,26-27/01461/Hero,Pankaj Auto | AFM | Bisalpur,4052AAAE200S,2,Pcs.,191.27,382.54
2026-07-02,26-27/01461/Hero,Pankaj Auto | AFM | Bisalpur,42702KWP900S,1,Pcs.,445.25,445.25
2026-07-02,26-27/01461/Hero,Pankaj Auto | AFM | Bisalpur,91202KTP900S,2,Pcs.,26.34,52.68
2026-07-02,26-27/01461/Hero,Pankaj Auto | AFM | Bisalpur,K12121AANNB00S,1,Pcs.,2060.09,2060.09
2026-07-02,26-27/01461/Hero,Pankaj Auto | AFM | Bisalpur,K12121ABSC201S,1,Pcs.,1473.73,1473.73
2026-07-02,26-27/01461/Hero,Pankaj Auto | AFM | Bisalpur,K42423KSTG940S,5,Pcs.,50.17,250.85
2026-07-02,26-27/01461/Hero,Pankaj Auto | AFM | Bisalpur,21K120LS,4,Pcs.,1414.16,5656.64
2026-07-02,26-27/01461/Hero,Pankaj Auto | AFM | Bisalpur,21K130LS,2,Pcs.,1414.16,2828.32
2026-07-02,26-27/01461/Hero,Pankaj Auto | AFM | Bisalpur,K40405KCCA901S,1,Pcs.,354.32,354.32
2026-07-02,26-27/01461/Hero,Pankaj Auto | AFM | Bisalpur,K40405KSTG950S,3,Pcs.,341.78,1025.34
2026-07-02,26-27/01461/Hero,Pankaj Auto | AFM | Bisalpur,K40405KCCA901S,2,Pcs.,354.32,708.64
2026-07-02,26-27/01461/Hero,Pankaj Auto | AFM | Bisalpur,14500035020S,2,Pcs.,40.76,81.52
2026-07-02,26-27/01461/Hero,Pankaj Auto | AFM | Bisalpur,14550GB0910RS,1,Pcs.,68.98,68.98
2026-07-02,26-27/01461/Hero,Pankaj Auto | AFM | Bisalpur,14610086000RS,1,Pcs.,59.58,59.58
2026-07-02,26-27/01461/Hero,Pankaj Auto | AFM | Bisalpur,14670035030LS,1,Pcs.,65.84,65.84
2026-07-02,26-27/01461/Hero,Pankaj Auto | AFM | Bisalpur,80102KCC900S,20,Pcs.,34.49,689.8
2026-07-02,26-27/01462/Hero,New Khan Auto | AFM | Bisalpur,83402AAEB00S,1,Pcs.,234.91,234.91
2026-07-02,26-27/01462/Hero,New Khan Auto | AFM | Bisalpur,83402AAEB00S,1,Pcs.,234.91,234.91
2026-07-02,26-27/01462/Hero,New Khan Auto | AFM | Bisalpur,17253KCC900S,4,Pcs.,65.26,261.04
2026-07-02,26-27/01462/Hero,New Khan Auto | AFM | Bisalpur,17253KTC900S,5,Pcs.,84.83,424.15
2026-07-02,26-27/01462/Hero,New Khan Auto | AFM | Bisalpur,22201AAHA01S,40,Pcs.,48.94,1957.6
2026-07-02,26-27/01462/Hero,New Khan Auto | AFM | Bisalpur,23121KST901S,5,Pcs.,192.5,962.5
2026-07-02,26-27/01462/Hero,New Khan Auto | AFM | Bisalpur,35010AAE201S,2,Pcs.,580.77,1161.54
2026-07-02,26-27/01462/Hero,New Khan Auto | AFM | Bisalpur,35753035010S,150,Pcs.,9.79,1468.5
2026-07-02,26-27/01462/Hero,New Khan Auto | AFM | Bisalpur,37100AAEC23099S,1,Pcs.,2655.84,2655.84
2026-07-02,26-27/01462/Hero,New Khan Auto | AFM | Bisalpur,37230KWHH01S,6,Pcs.,55.46,332.76
2026-07-02,26-27/01462/Hero,New Khan Auto | AFM | Bisalpur,83402AAC220S,1,Pcs.,99.18,99.18
2026-07-02,26-27/01462/Hero,New Khan Auto | AFM | Bisalpur,9501151000S,20,Pcs.,6.52,130.4
2026-07-02,26-27/01462/Hero,New Khan Auto | AFM | Bisalpur,K41412AAFF400S,1,Pcs.,570.98,570.98
2026-07-02,26-27/01462/Hero,New Khan Auto | AFM | Bisalpur,17253KCC900S,1,Pcs.,65.26,65.26
2026-07-02,26-27/01462/Hero,New Khan Auto | AFM | Bisalpur,23121KST901S,15,Pcs.,192.5,2887.5
2026-07-02,26-27/01462/Hero,New Khan Auto | AFM | Bisalpur,23123KGH900S,5,Pcs.,198.38,991.9
2026-07-02,26-27/01462/Hero,New Khan Auto | AFM | Bisalpur,35753035010S,150,Pcs.,9.79,1468.5
2026-07-02,26-27/01462/Hero,New Khan Auto | AFM | Bisalpur,37230KWHH01S,14,Pcs.,55.46,776.44
2026-07-02,26-27/01462/Hero,New Khan Auto | AFM | Bisalpur,K41412AAFF400S,2,Pcs.,570.98,1141.96
2026-07-02,26-27/01462/Hero,New Khan Auto | AFM | Bisalpur,K41412AANNB00S,5,Pcs.,0.0,0.0
2026-07-02,26-27/01463/Hero,Pankaj Auto | AFM | Bisalpur,61100KST940ZAPROS,5,Pcs.,219.49,1097.45
2026-07-02,26-27/01464/Hero,Sarthak Traders | AFM | Puranpur,83402AAEB00S,1,Pcs.,228.65,228.65
2026-07-02,26-27/01464/Hero,Sarthak Traders | AFM | Puranpur,11321KST940S,2,Pcs.,74.07,148.14
2026-07-02,26-27/01464/Hero,Sarthak Traders | AFM | Puranpur,16450ACK000S,1,Pcs.,766.44,766.44
2026-07-02,26-27/01464/Hero,Sarthak Traders | AFM | Puranpur,17208AAT00099S,5,Pcs.,173.89,869.45
2026-07-02,26-27/01464/Hero,Sarthak Traders | AFM | Puranpur,28251GF6000S,3,Pcs.,251.19,753.57
2026-07-02,26-27/01464/Hero,Sarthak Traders | AFM | Puranpur,28302KAG900S,5,Pcs.,77.28,386.4
2026-07-02,26-27/01464/Hero,Sarthak Traders | AFM | Puranpur,2830AKAG900S,2,Pcs.,309.15,618.3
2026-07-02,26-27/01464/Hero,Sarthak Traders | AFM | Puranpur,31120AAC811S,1,Pcs.,921.01,921.01
2026-07-02,26-27/01464/Hero,Sarthak Traders | AFM | Puranpur,35753035010S,155,Pcs.,8.76,1357.8
2026-07-02,26-27/01464/Hero,Sarthak Traders | AFM | Puranpur,35753035010S,45,Pcs.,9.66,434.7
2026-07-02,26-27/01464/Hero,Sarthak Traders | AFM | Puranpur,37800KST861S,1,Pcs.,228.65,228.65
2026-07-02,26-27/01464/Hero,Sarthak Traders | AFM | Puranpur,K13130AAFF400S,20,Pcs.,409.62,8192.4
2026-07-02,26-27/01465/Hero,Kailash Automobile | AFM | Puranpur,14430KST940S,2,Pcs.,198.31,396.62
2026-07-02,26-27/01465/Hero,Kailash Automobile | AFM | Puranpur,14566086030S,50,Pcs.,6.61,330.5
2026-07-02,26-27/01465/Hero,Kailash Automobile | AFM | Puranpur,14670ACK000S,1,Pcs.,33.05,33.05
2026-07-02,26-27/01465/Hero,Kailash Automobile | AFM | Puranpur,14670ACK000S,9,Pcs.,27.11,243.99
2026-07-02,26-27/01465/Hero,Kailash Automobile | AFM | Puranpur,16100KWH762S,1,Pcs.,1328.64,1328.64
2026-07-02,26-27/01465/Hero,Kailash Automobile | AFM | Puranpur,22121AAG501S,4,Pcs.,264.4,1057.6
2026-07-02,26-27/01465/Hero,Kailash Automobile | AFM | Puranpur,23121KST901S,5,Pcs.,195.0,975.0
2026-07-02,26-27/01465/Hero,Kailash Automobile | AFM | Puranpur,23801GF6000S,10,Pcs.,62.8,628.0
2026-07-02,26-27/01465/Hero,Kailash Automobile | AFM | Puranpur,28251GF6000S,1,Pcs.,257.8,257.8
2026-07-02,26-27/01465/Hero,Kailash Automobile | AFM | Puranpur,31202ACK012S,5,Pcs.,46.27,231.35
2026-07-02,26-27/01465/Hero,Kailash Automobile | AFM | Puranpur,35330413003S,10,Pcs.,20.49,204.9
2026-07-02,26-27/01465/Hero,Kailash Automobile | AFM | Puranpur,35330ADJC01S,4,Pcs.,56.18,224.72
2026-07-02,26-27/01465/Hero,Kailash Automobile | AFM | Puranpur,35330ADJC01S,1,Pcs.,72.71,72.71
2026-07-02,26-27/01465/Hero,Kailash Automobile | AFM | Puranpur,37211KTCA21S,2,Pcs.,241.27,482.54
2026-07-02,26-27/01465/Hero,Kailash Automobile | AFM | Puranpur,42301ABA000S,5,Pcs.,72.71,363.55
2026-07-02,26-27/01465/Hero,Kailash Automobile | AFM | Puranpur,50400ADH800DS,1,Pcs.,670.27,670.27
2026-07-02,26-27/01465/Hero,Kailash Automobile | AFM | Puranpur,63414KVH900S,5,Pcs.,11.24,56.2
2026-07-02,26-27/01465/Hero,Kailash Automobile | AFM | Puranpur,ACKZC3H000000S,10,Pcs.,39.66,396.6
2026-07-02,26-27/01465/Hero,Kailash Automobile | AFM | Puranpur,K10123HF100DS,10,Pcs.,66.11,661.1
2026-07-02,26-27/01465/Hero,Kailash Automobile | AFM | Puranpur,K91902HF100DS,5,Pcs.,44.29,221.45
2026-07-02,26-27/01465/Hero,Kailash Automobile | AFM | Puranpur,K91910KTCE900S,2,Pcs.,439.58,879.16
2026-07-02,26-27/01465/Hero,Kailash Automobile | AFM | Puranpur,83600AAH100RS,1,Pcs.,390.0,390.0
2026-07-02,26-27/01465/Hero,Kailash Automobile | AFM | Puranpur,14500035020S,20,Pcs.,42.96,859.2
2026-07-02,26-27/01465/Hero,Kailash Automobile | AFM | Puranpur,20K211S,2,Pcs.,444.0,888.0
2026-07-02,26-27/01465/Hero,Kailash Automobile | AFM | Puranpur,22350AAG501S,4,Pcs.,130.88,523.52
2026-07-02,26-27/01465/Hero,Kailash Automobile | AFM | Puranpur,29K210S,20,Pcs.,39.66,793.2
2026-07-02,26-27/01465/Hero,Kailash Automobile | AFM | Puranpur,33K111S,3,Pcs.,423.05,1269.15
2026-07-02,26-27/01465/Hero,Kailash Automobile | AFM | Puranpur,33K112S,3,Pcs.,452.8,1358.4
2026-07-02,26-27/01465/Hero,Kailash Automobile | AFM | Puranpur,35010AADH00S,1,Pcs.,634.58,634.58
2026-07-02,26-27/01465/Hero,Kailash Automobile | AFM | Puranpur,35010AAEH00S,2,Pcs.,684.15,1368.3
2026-07-02,26-27/01465/Hero,Kailash Automobile | AFM | Puranpur,35100AAHH50S,1,Pcs.,363.56,363.56
2026-07-02,26-27/01465/Hero,Kailash Automobile | AFM | Puranpur,35100AAHH50S,1,Pcs.,350.34,350.34
2026-07-02,26-27/01465/Hero,Kailash Automobile | AFM | Puranpur,37230KWHH01S,10,Pcs.,56.18,561.8
2026-07-02,26-27/01465/Hero,Kailash Automobile | AFM | Puranpur,45010KTR700S,2,Pcs.,518.89,1037.78
2026-07-02,26-27/01465/Hero,Kailash Automobile | AFM | Puranpur,45475AAHF00S,2,Pcs.,115.68,231.36
2026-07-02,26-27/01465/Hero,Kailash Automobile | AFM | Puranpur,50530KST940S,5,Pcs.,89.24,446.2
2026-07-02,26-27/01465/Hero,Kailash Automobile | AFM | Puranpur,53166KTC900S,10,Pcs.,42.96,429.6
2026-07-02,26-27/01465/Hero,Kailash Automobile | AFM | Puranpur,53172ADJC00S,3,Pcs.,72.71,218.13
2026-07-02,26-27/01465/Hero,Kailash Automobile | AFM | Puranpur,83500AAH100RS,1,Pcs.,390.0,390.0
2026-07-02,26-27/01465/Hero,Kailash Automobile | AFM | Puranpur,K50506KCCA900LS,2,Pcs.,161.95,323.9
2026-07-02,26-27/01465/Hero,Kailash Automobile | AFM | Puranpur,80100AAE300S,1,Pcs.,770.09,770.09
2026-07-02,26-27/01465/Hero,Kailash Automobile | AFM | Puranpur,80100AAE300S,1,Pcs.,770.09,770.09
2026-07-02,26-27/01465/Hero,Kailash Automobile | AFM | Puranpur,53100KCC710S,5,Pcs.,333.82,1669.1
2026-07-02,26-27/01466/Hero,Nidhi Auto Service | AFM | Puranpur,22201GF6000S,20,Pcs.,64.41,1288.2
2026-07-02,26-27/01466/Hero,Nidhi Auto Service | AFM | Puranpur,22870KCC900S,10,Pcs.,74.58,745.8
2026-07-02,26-27/01466/Hero,Nidhi Auto Service | AFM | Puranpur,23121KST901S,5,Pcs.,200.0,1000.0
2026-07-02,26-27/01466/Hero,Nidhi Auto Service | AFM | Puranpur,28101KWA940S,5,Pcs.,84.74,423.7
2026-07-02,26-27/01466/Hero,Nidhi Auto Service | AFM | Puranpur,30700ACK00099S,10,Pcs.,74.58,745.8
2026-07-02,26-27/01466/Hero,Nidhi Auto Service | AFM | Puranpur,35850KR3870S,5,Pcs.,193.22,966.1
2026-07-02,26-27/01467/Hero,Mishra M/c Store | AFM | Bilsanda,ACKEA7B000000GS,5,Pcs.,635.59,3177.95
2026-07-02,26-27/01468/Hero,Shubh Auto Parts | AFM | Puranpur,16950KRP981S,1,Pcs.,207.39,207.39
2026-07-02,26-27/01468/Hero,Shubh Auto Parts | AFM | Puranpur,17212KTC900S,1,Pcs.,99.83,99.83
2026-07-02,26-27/01468/Hero,Shubh Auto Parts | AFM | Puranpur,17212KTC900S,2,Pcs.,86.95,173.9
2026-07-02,26-27/01468/Hero,Shubh Auto Parts | AFM | Puranpur,17570ACK00099S,2,Pcs.,293.05,586.1
2026-07-02,26-27/01468/Hero,Shubh Auto Parts | AFM | Puranpur,22102AAL400S,2,Pcs.,286.61,573.22
2026-07-02,26-27/01468/Hero,Shubh Auto Parts | AFM | Puranpur,31210AAF401S,2,Pcs.,1146.44,2292.88
2026-07-02,26-27/01468/Hero,Shubh Auto Parts | AFM | Puranpur,957010602200S,20,Pcs.,3.22,64.4
2026-07-02,26-27/01468/Hero,Shubh Auto Parts | AFM | Puranpur,ACKZC3H000000S,20,Pcs.,41.86,837.2
2026-07-02,26-27/01469/Hero,Shubh Auto Parts | AFM | Puranpur,61100KST940ZAPROS,5,Pcs.,225.42,1127.1
2026-07-02,26-27/01470/Hero,Shubh Auto Parts | AFM | Puranpur,61100KST940ZAPROS,5,Pcs.,225.42,1127.1
2026-07-02,26-27/01471/Hero,Nidhi Auto Service | AFM | Puranpur,20K710S,10,Pcs.,451.47,4514.7
2026-07-02,26-27/01471/Hero,Nidhi Auto Service | AFM | Puranpur,20K710S,10,Pcs.,451.47,4514.7
2026-07-02,26-27/01471/Hero,Nidhi Auto Service | AFM | Puranpur,12209GB4685S,30,Pcs.,29.15,874.5
2026-07-02,26-27/01471/Hero,Nidhi Auto Service | AFM | Puranpur,22121AANB00S,1,Pcs.,264.41,264.41
2026-07-02,26-27/01471/Hero,Nidhi Auto Service | AFM | Puranpur,22311107000S,6,Pcs.,37.29,223.74
2026-07-02,26-27/01471/Hero,Nidhi Auto Service | AFM | Puranpur,29K210S,5,Pcs.,40.68,203.4
2026-07-02,26-27/01471/Hero,Nidhi Auto Service | AFM | Puranpur,31120KTRA01S,1,Pcs.,715.26,715.26
2026-07-02,26-27/01471/Hero,Nidhi Auto Service | AFM | Puranpur,33703AAGH21S,1,Pcs.,145.76,145.76
2026-07-02,26-27/01471/Hero,Nidhi Auto Service | AFM | Puranpur,35010AAE301S,2,Pcs.,579.66,1159.32
2026-07-02,26-27/01471/Hero,Nidhi Auto Service | AFM | Puranpur,35010AAY301S,1,Pcs.,515.26,515.26
2026-07-02,26-27/01471/Hero,Nidhi Auto Service | AFM | Puranpur,35150AAF00099S,1,Pcs.,216.95,216.95
2026-07-02,26-27/01471/Hero,Nidhi Auto Service | AFM | Puranpur,37800AAH102S,1,Pcs.,254.24,254.24
2026-07-02,26-27/01471/Hero,Nidhi Auto Service | AFM | Puranpur,40531KTE910S,10,Pcs.,10.17,101.7
2026-07-02,26-27/01471/Hero,Nidhi Auto Service | AFM | Puranpur,42303KTR900S,2,Pcs.,50.85,101.7
2026-07-02,26-27/01471/Hero,Nidhi Auto Service | AFM | Puranpur,43100153600ZS,1,Pcs.,335.59,335.59
2026-07-02,26-27/01471/Hero,Nidhi Auto Service | AFM | Puranpur,45010KTC900S,1,Pcs.,515.26,515.26
2026-07-02,26-27/01471/Hero,Nidhi Auto Service | AFM | Puranpur,51104KCC900S,2,Pcs.,115.26,230.52
2026-07-02,26-27/01471/Hero,Nidhi Auto Service | AFM | Puranpur,51410KCC900S,2,Pcs.,552.54,1105.08
2026-07-02,26-27/01471/Hero,Nidhi Auto Service | AFM | Puranpur,52400KTCA21S,2,Pcs.,620.34,1240.68
2026-07-02,26-27/01471/Hero,Nidhi Auto Service | AFM | Puranpur,53178AAFH00S,5,Pcs.,67.8,339.0
2026-07-02,26-27/01471/Hero,Nidhi Auto Service | AFM | Puranpur,961006203000S,10,Pcs.,57.62,576.2
2026-07-02,26-27/01471/Hero,Nidhi Auto Service | AFM | Puranpur,K42423KSTG940S,2,Pcs.,54.24,108.48
2026-07-02,26-27/01471/Hero,Nidhi Auto Service | AFM | Puranpur,12209GB4685S,30,Pcs.,29.15,874.5
2026-07-02,26-27/01471/Hero,Nidhi Auto Service | AFM | Puranpur,14610086000RS,10,Pcs.,64.41,644.1
2026-07-02,26-27/01471/Hero,Nidhi Auto Service | AFM | Puranpur,22311107000S,24,Pcs.,37.29,894.96
2026-07-02,26-27/01471/Hero,Nidhi Auto Service | AFM | Puranpur,22311AAHA01S,15,Pcs.,30.51,457.65
2026-07-02,26-27/01471/Hero,Nidhi Auto Service | AFM | Puranpur,22350AAF400S,1,Pcs.,125.42,125.42
2026-07-02,26-27/01471/Hero,Nidhi Auto Service | AFM | Puranpur,25K170S,2,Pcs.,322.03,644.06
2026-07-02,26-27/01471/Hero,Nidhi Auto Service | AFM | Puranpur,29K210S,5,Pcs.,40.68,203.4
2026-07-02,26-27/01471/Hero,Nidhi Auto Service | AFM | Puranpur,35150AAF00099S,2,Pcs.,216.95,433.9
2026-07-02,26-27/01471/Hero,Nidhi Auto Service | AFM | Puranpur,35150KWA841S,5,Pcs.,91.53,457.65
2026-07-02,26-27/01471/Hero,Nidhi Auto Service | AFM | Puranpur,40531205010S,50,Pcs.,10.17,508.5
2026-07-02,26-27/01471/Hero,Nidhi Auto Service | AFM | Puranpur,42303KTR900S,2,Pcs.,46.1,92.2
2026-07-02,26-27/01471/Hero,Nidhi Auto Service | AFM | Puranpur,42303KTR900S,6,Pcs.,50.85,305.1
2026-07-02,26-27/01471/Hero,Nidhi Auto Service | AFM | Puranpur,43125KST940S,10,Pcs.,94.91,949.1
2026-07-02,26-27/01471/Hero,Nidhi Auto Service | AFM | Puranpur,45125AAHF0099S,10,Pcs.,101.7,1017.0
2026-07-02,26-27/01471/Hero,Nidhi Auto Service | AFM | Puranpur,51104KST940S,2,Pcs.,125.42,250.84
2026-07-02,26-27/01471/Hero,Nidhi Auto Service | AFM | Puranpur,K13130AAFF400S,2,Pcs.,431.18,862.36
2026-07-02,26-27/01471/Hero,Nidhi Auto Service | AFM | Puranpur,K42423KCCZ600S,10,Pcs.,50.85,508.5
2026-07-02,26-27/01471/Hero,Nidhi Auto Service | AFM | Puranpur,K42423KSTG940S,8,Pcs.,54.24,433.92
2026-07-02,26-27/01471/Hero,Nidhi Auto Service | AFM | Puranpur,K44448KTPF900S,2,Pcs.,44.06,88.12
2026-07-02,26-27/01471/Hero,Nidhi Auto Service | AFM | Puranpur,K91902HF100DS,5,Pcs.,45.42,227.1
2026-07-02,26-27/01472/Hero,Hero Honda Automobile | AFM | Puranpur,25K170S,1,Pcs.,313.98,313.98
2026-07-02,26-27/01472/Hero,Hero Honda Automobile | AFM | Puranpur,35753035010S,20,Pcs.,9.91,198.2
2026-07-02,26-27/01472/Hero,Hero Honda Automobile | AFM | Puranpur,42301ABA000S,2,Pcs.,72.71,145.42
2026-07-02,26-27/01472/Hero,Hero Honda Automobile | AFM | Puranpur,44830AAJ000S,1,Pcs.,63.46,63.46
2026-07-02,26-27/01472/Hero,Hero Honda Automobile | AFM | Puranpur,44830AAJ000S,9,Pcs.,69.4,624.6
2026-07-02,26-27/01472/Hero,Hero Honda Automobile | AFM | Puranpur,50630AANB00S,1,Pcs.,102.46,102.46
2026-07-02,26-27/01472/Hero,Hero Honda Automobile | AFM | Puranpur,50702KTCA20S,2,Pcs.,142.12,284.24
2026-07-02,26-27/01472/Hero,Hero Honda Automobile | AFM | Puranpur,61311KCC840S,1,Pcs.,103.12,103.12
2026-07-02,26-27/01472/Hero,Hero Honda Automobile | AFM | Puranpur,61311KCC840S,2,Pcs.,115.68,231.36
2026-07-02,26-27/01472/Hero,Hero Honda Automobile | AFM | Puranpur,61311KST950S,2,Pcs.,201.61,403.22
2026-07-02,26-27/01472/Hero,Hero Honda Automobile | AFM | Puranpur,77230ACK700RS,1,Pcs.,76.02,76.02
2026-07-02,26-27/01472/Hero,Hero Honda Automobile | AFM | Puranpur,83402KST950HS,3,Pcs.,46.27,138.81
2026-07-02,26-27/01472/Hero,Hero Honda Automobile | AFM | Puranpur,K06431KTNA701S,1,Pcs.,211.53,211.53
2026-07-02,26-27/01472/Hero,Hero Honda Automobile | AFM | Puranpur,17613KCC900S,10,Pcs.,19.83,198.3
2026-07-02,26-27/01472/Hero,Hero Honda Automobile | AFM | Puranpur,21K120LS,1,Pcs.,1490.6,1490.6
2026-07-02,26-27/01472/Hero,Hero Honda Automobile | AFM | Puranpur,22121AANB00S,2,Pcs.,257.8,515.6
2026-07-02,26-27/01472/Hero,Hero Honda Automobile | AFM | Puranpur,23211GF6000S,2,Pcs.,347.04,694.08
2026-07-02,26-27/01472/Hero,Hero Honda Automobile | AFM | Puranpur,23221KTR940S,2,Pcs.,254.49,508.98
2026-07-02,26-27/01472/Hero,Hero Honda Automobile | AFM | Puranpur,23471KTC902S,1,Pcs.,274.32,274.32
2026-07-02,26-27/01472/Hero,Hero Honda Automobile | AFM | Puranpur,23471KTC902S,1,Pcs.,287.54,287.54
2026-07-02,26-27/01472/Hero,Hero Honda Automobile | AFM | Puranpur,25K160S,5,Pcs.,221.44,1107.2
2026-07-02,26-27/01472/Hero,Hero Honda Automobile | AFM | Puranpur,25K170S,2,Pcs.,313.98,627.96
2026-07-02,26-27/01472/Hero,Hero Honda Automobile | AFM | Puranpur,32100AAG100S,1,Pcs.,842.8,842.8
2026-07-02,26-27/01472/Hero,Hero Honda Automobile | AFM | Puranpur,33K143S,3,Pcs.,548.64,1645.92
2026-07-02,26-27/01472/Hero,Hero Honda Automobile | AFM | Puranpur,35753035010S,10,Pcs.,9.91,99.1
2026-07-02,26-27/01472/Hero,Hero Honda Automobile | AFM | Puranpur,38110AAN00099S,4,Pcs.,142.12,568.48
2026-07-02,26-27/01472/Hero,Hero Honda Automobile | AFM | Puranpur,42301ABA000S,3,Pcs.,72.71,218.13
2026-07-02,26-27/01472/Hero,Hero Honda Automobile | AFM | Puranpur,50630AANB00S,5,Pcs.,102.46,512.3
2026-07-02,26-27/01472/Hero,Hero Honda Automobile | AFM | Puranpur,53229028310S,2,Pcs.,40.32,80.64
2026-07-02,26-27/01472/Hero,Hero Honda Automobile | AFM | Puranpur,53229028310S,3,Pcs.,49.58,148.74
2026-07-02,26-27/01472/Hero,Hero Honda Automobile | AFM | Puranpur,77230ACK700RS,1,Pcs.,76.02,76.02
2026-07-02,26-27/01472/Hero,Hero Honda Automobile | AFM | Puranpur,K06431KTNA701S,9,Pcs.,211.53,1903.77
2026-07-02,26-27/01472/Hero,Hero Honda Automobile | AFM | Puranpur,K12121KSTG940S,1,Pcs.,1636.02,1636.02
2026-07-02,26-27/01472/Hero,Hero Honda Automobile | AFM | Puranpur,K42423KCCZ600S,10,Pcs.,49.58,495.8
2026-07-02,26-27/01472/Hero,Hero Honda Automobile | AFM | Puranpur,K55912HF100DS,5,Pcs.,79.32,396.6
2026-07-02,26-27/01472/Hero,Hero Honda Automobile | AFM | Puranpur,77246ACK700S,2,Pcs.,130.88,261.76
2026-07-02,26-27/01472/Hero,Hero Honda Automobile | AFM | Puranpur,77256ACK700S,1,Pcs.,130.88,130.88
2026-07-02,26-27/01472/Hero,Hero Honda Automobile | AFM | Puranpur,77256ACK700S,1,Pcs.,152.04,152.04
2026-07-02,26-27/01473/Hero,Pankaj Auto | AFM | Bisalpur,ACKEA7B000000GS,5,Pcs.,635.59,3177.95
2026-07-02,26-27/01474/Hero,Verma Auto Agencies | AFM | Barabanki,41241GB4770S,200,Pcs.,12.54,2508.0
2026-07-02,26-27/01474/Hero,Verma Auto Agencies | AFM | Barabanki,12210KSP910S,1,Pcs.,451.53,451.53
2026-07-02,26-27/01474/Hero,Verma Auto Agencies | AFM | Barabanki,12301GB6911S,1,Pcs.,40.14,40.14
2026-07-02,26-27/01474/Hero,Verma Auto Agencies | AFM | Barabanki,12361035000S,59,Pcs.,18.81,1109.79
2026-07-02,26-27/01474/Hero,Verma Auto Agencies | AFM | Barabanki,14500035020S,14,Pcs.,37.63,526.82
2026-07-02,26-27/01474/Hero,Verma Auto Agencies | AFM | Barabanki,35200KWH970S,2,Pcs.,316.7,633.4
2026-07-02,26-27/01474/Hero,Verma Auto Agencies | AFM | Barabanki,41241GB4770S,180,Pcs.,12.54,2257.2
2026-07-02,26-27/01474/Hero,Verma Auto Agencies | AFM | Barabanki,64315KTCA20S,1,Pcs.,31.35,31.35
2026-07-02,26-27/01474/Hero,Verma Auto Agencies | AFM | Barabanki,88110AAC201US,2,Pcs.,200.68,401.36
2026-07-02,26-27/01474/Hero,Verma Auto Agencies | AFM | Barabanki,967000802000S,130,Pcs.,6.27,815.1
2026-07-02,26-27/01474/Hero,Verma Auto Agencies | AFM | Barabanki,18355ACK000S,2,Pcs.,317.95,635.9
2026-07-02,26-27/01475/Hero,Verma Auto Agencies | AFM | Barabanki,SPDMCYL09PPS,1000,Pcs.,228.81,228810.0
2026-07-02,26-27/01475/Hero,Verma Auto Agencies | AFM | Barabanki,SPDMCYL02SS,200,Pcs.,264.41,52882.0
2026-07-02,26-27/01476/Hero,Verma Auto Agencies | AFM | Barabanki,80100KWH970S,2,Pcs.,457.79,915.58
2026-07-02,26-27/01476/Hero,Verma Auto Agencies | AFM | Barabanki,53205AAW000ZS,1,Pcs.,539.32,539.32
2026-07-02,26-27/01476/Hero,Verma Auto Agencies | AFM | Barabanki,53205AAW000ZS,1,Pcs.,529.91,529.91
2026-07-02,26-27/01476/Hero,Verma Auto Agencies | AFM | Barabanki,61000AAGA00TS,1,Pcs.,780.76,780.76
2026-07-02,26-27/01476/Hero,Verma Auto Agencies | AFM | Barabanki,14100KTN900S,1,Pcs.,730.6,730.6
2026-07-02,26-27/01476/Hero,Verma Auto Agencies | AFM | Barabanki,14510KPL900S,3,Pcs.,82.78,248.34
2026-07-02,26-27/01476/Hero,Verma Auto Agencies | AFM | Barabanki,17211KZAW00S,4,Pcs.,112.88,451.52
2026-07-02,26-27/01476/Hero,Verma Auto Agencies | AFM | Barabanki,17683KPL900S,2,Pcs.,28.84,57.68
2026-07-02,26-27/01476/Hero,Verma Auto Agencies | AFM | Barabanki,17684KPL840S,2,Pcs.,63.97,127.94
2026-07-02,26-27/01476/Hero,Verma Auto Agencies | AFM | Barabanki,20K910S,2,Pcs.,519.88,1039.76
2026-07-02,26-27/01476/Hero,Verma Auto Agencies | AFM | Barabanki,22121KTP900S,24,Pcs.,31.35,752.4
2026-07-02,26-27/01476/Hero,Verma Auto Agencies | AFM | Barabanki,22810KTC900S,2,Pcs.,40.76,81.52
2026-07-02,26-27/01476/Hero,Verma Auto Agencies | AFM | Barabanki,31700124000S,1,Pcs.,31.35,31.35
2026-07-02,26-27/01476/Hero,Verma Auto Agencies | AFM | Barabanki,37100AAE31099S,1,Pcs.,906.19,906.19
2026-07-02,26-27/01476/Hero,Verma Auto Agencies | AFM | Barabanki,37700KWA830S,2,Pcs.,445.25,890.5
2026-07-02,26-27/01476/Hero,Verma Auto Agencies | AFM | Barabanki,50512AAHF00S,1,Pcs.,70.24,70.24
2026-07-02,26-27/01476/Hero,Verma Auto Agencies | AFM | Barabanki,50803KST940S,1,Pcs.,431.57,431.57
2026-07-02,26-27/01476/Hero,Verma Auto Agencies | AFM | Barabanki,52101KST940S,1,Pcs.,56.44,56.44
2026-07-02,26-27/01476/Hero,Verma Auto Agencies | AFM | Barabanki,53155KZN900S,10,Pcs.,6.9,69.0
2026-07-02,26-27/01476/Hero,Verma Auto Agencies | AFM | Barabanki,61100AAH100RS,1,Pcs.,652.21,652.21
2026-07-02,26-27/01476/Hero,Verma Auto Agencies | AFM | Barabanki,61102KZAW00S,1,Pcs.,50.17,50.17
2026-07-02,26-27/01476/Hero,Verma Auto Agencies | AFM | Barabanki,61102KZAW00S,1,Pcs.,43.27,43.27
2026-07-02,26-27/01476/Hero,Verma Auto Agencies | AFM | Barabanki,61303AAGA00S,1,Pcs.,119.16,119.16
2026-07-02,26-27/01476/Hero,Verma Auto Agencies | AFM | Barabanki,61303AAGA00S,1,Pcs.,106.61,106.61
2026-07-02,26-27/01476/Hero,Verma Auto Agencies | AFM | Barabanki,83512KWA830S,1,Pcs.,37.0,37.0
2026-07-02,26-27/01476/Hero,Verma Auto Agencies | AFM | Barabanki,91002GCC000S,5,Pcs.,100.34,501.7
2026-07-02,26-27/01476/Hero,Verma Auto Agencies | AFM | Barabanki,91356KAG900S,10,Pcs.,3.76,37.6
2026-07-02,26-27/01476/Hero,Verma Auto Agencies | AFM | Barabanki,957010603200S,40,Pcs.,6.27,250.8
2026-07-02,26-27/01476/Hero,Verma Auto Agencies | AFM | Barabanki,967000802000S,40,Pcs.,6.27,250.8
2026-07-02,26-27/01476/Hero,Verma Auto Agencies | AFM | Barabanki,14430AAT000S,4,Pcs.,194.4,777.6
2026-07-02,26-27/01476/Hero,Verma Auto Agencies | AFM | Barabanki,17211KZAW00S,6,Pcs.,112.88,677.28
2026-07-02,26-27/01476/Hero,Verma Auto Agencies | AFM | Barabanki,18355KWA830S,2,Pcs.,137.97,275.94
2026-07-02,26-27/01476/Hero,Verma Auto Agencies | AFM | Barabanki,22355KRM840S,1,Pcs.,119.16,119.16
2026-07-02,26-27/01476/Hero,Verma Auto Agencies | AFM | Barabanki,22870KWH970S,10,Pcs.,63.34,633.4
2026-07-02,26-27/01476/Hero,Verma Auto Agencies | AFM | Barabanki,2830AKWH760S,6,Pcs.,248.34,1490.04
2026-07-02,26-27/01476/Hero,Verma Auto Agencies | AFM | Barabanki,2830AKWH760S,4,Pcs.,266.53,1066.12
2026-07-02,26-27/01476/Hero,Verma Auto Agencies | AFM | Barabanki,35150KWA841S,1,Pcs.,65.84,65.84
2026-07-02,26-27/01476/Hero,Verma Auto Agencies | AFM | Barabanki,52400KWP900S,2,Pcs.,531.79,1063.58
2026-07-02,26-27/01476/Hero,Verma Auto Agencies | AFM | Barabanki,61100AAH100RS,1,Pcs.,652.21,652.21
2026-07-02,26-27/01476/Hero,Verma Auto Agencies | AFM | Barabanki,64100AAC200S,2,Pcs.,148.63,297.26
2026-07-02,26-27/01476/Hero,Verma Auto Agencies | AFM | Barabanki,90033041020S,20,Pcs.,3.14,62.8
2026-07-02,26-27/01476/Hero,Verma Auto Agencies | AFM | Barabanki,90311MT3000S,30,Pcs.,6.27,188.1
2026-07-02,26-27/01476/Hero,Verma Auto Agencies | AFM | Barabanki,9501140000S,10,Pcs.,6.27,62.7
2026-07-02,26-27/01476/Hero,Verma Auto Agencies | AFM | Barabanki,957010603200S,60,Pcs.,6.27,376.2
2026-07-02,26-27/01476/Hero,Verma Auto Agencies | AFM | Barabanki,967000802000S,10,Pcs.,6.27,62.7
2026-07-02,26-27/01476/Hero,Verma Auto Agencies | AFM | Barabanki,K50506KTCF900RS,1,Pcs.,144.24,144.24
2026-07-02,26-27/01476/Hero,Verma Auto Agencies | AFM | Barabanki,K50506KTCF900RS,1,Pcs.,141.1,141.1
2026-07-02,26-27/01477/Hero,Verma Auto Agencies | AFM | Barabanki,80100KWH970S,2,Pcs.,457.79,915.58
2026-07-02,26-27/01477/Hero,Verma Auto Agencies | AFM | Barabanki,80102KCC900S,20,Pcs.,34.49,689.8
2026-07-02,26-27/01477/Hero,Verma Auto Agencies | AFM | Barabanki,61100KTCA20ZES,2,Pcs.,730.6,1461.2
2026-07-02,26-27/01477/Hero,Verma Auto Agencies | AFM | Barabanki,K42426AACAH00S,1,Pcs.,3123.05,3123.05
2026-07-02,26-27/01477/Hero,Verma Auto Agencies | AFM | Barabanki,42702KWP900S,1,Pcs.,407.63,407.63
2026-07-02,26-27/01477/Hero,Verma Auto Agencies | AFM | Barabanki,61102KTC900S,5,Pcs.,59.58,297.9
2026-07-02,26-27/01477/Hero,Verma Auto Agencies | AFM | Barabanki,40520AAT000S,2,Pcs.,141.1,282.2
2026-07-02,26-27/01477/Hero,Verma Auto Agencies | AFM | Barabanki,2830AKWH760S,10,Pcs.,282.21,2822.1
2026-07-02,26-27/01477/Hero,Verma Auto Agencies | AFM | Barabanki,12341198900S,10,Pcs.,77.76,777.6
2026-07-02,26-27/01477/Hero,Verma Auto Agencies | AFM | Barabanki,13111087000S,10,Pcs.,40.76,407.6
2026-07-02,26-27/01477/Hero,Verma Auto Agencies | AFM | Barabanki,14550GB0910RS,100,Pcs.,68.98,6898.0
2026-07-02,26-27/01477/Hero,Verma Auto Agencies | AFM | Barabanki,17208ABS001S,5,Pcs.,144.24,721.2
2026-07-02,26-27/01477/Hero,Verma Auto Agencies | AFM | Barabanki,17910AAGJ00S,6,Pcs.,90.68,544.08
2026-07-02,26-27/01477/Hero,Verma Auto Agencies | AFM | Barabanki,22321AAG501S,32,Pcs.,37.63,1204.16
2026-07-02,26-27/01477/Hero,Verma Auto Agencies | AFM | Barabanki,35150AAF00099S,1,Pcs.,200.68,200.68
2026-07-02,26-27/01477/Hero,Verma Auto Agencies | AFM | Barabanki,52400KCC905ZAS,2,Pcs.,589.49,1178.98
2026-07-02,26-27/01477/Hero,Verma Auto Agencies | AFM | Barabanki,53167GE4000S,15,Pcs.,16.05,240.75
2026-07-02,26-27/01477/Hero,Verma Auto Agencies | AFM | Barabanki,83402KCC900S,2,Pcs.,40.76,81.52
2026-07-02,26-27/01477/Hero,Verma Auto Agencies | AFM | Barabanki,91201GBG900S,50,Pcs.,37.63,1881.5
2026-07-02,26-27/01477/Hero,Verma Auto Agencies | AFM | Barabanki,K14144AADA000S,5,Pcs.,213.22,1066.1
2026-07-02,26-27/01477/Hero,Verma Auto Agencies | AFM | Barabanki,K14144KZAAW00S,2,Pcs.,329.24,658.48
2026-07-02,26-27/01477/Hero,Verma Auto Agencies | AFM | Barabanki,K22222AAGG501S,7,Pcs.,564.4,3950.8
2026-07-02,26-27/01477/Hero,Verma Auto Agencies | AFM | Barabanki,11321KST940S,2,Pcs.,81.53,163.06
2026-07-02,26-27/01477/Hero,Verma Auto Agencies | AFM | Barabanki,11321KWA940S,9,Pcs.,94.07,846.63
2026-07-02,26-27/01477/Hero,Verma Auto Agencies | AFM | Barabanki,13011AAF00099S,1,Pcs.,225.76,225.76
2026-07-02,26-27/01477/Hero,Verma Auto Agencies | AFM | Barabanki,13111087000S,20,Pcs.,40.76,815.2
2026-07-02,26-27/01477/Hero,Verma Auto Agencies | AFM | Barabanki,14510KTC901S,10,Pcs.,50.17,501.7
2026-07-02,26-27/01477/Hero,Verma Auto Agencies | AFM | Barabanki,15651198900S,20,Pcs.,25.09,501.8
2026-07-02,26-27/01477/Hero,Verma Auto Agencies | AFM | Barabanki,17208ABS001S,3,Pcs.,144.24,432.72
2026-07-02,26-27/01477/Hero,Verma Auto Agencies | AFM | Barabanki,17208ABS001S,1,Pcs.,166.19,166.19
2026-07-02,26-27/01477/Hero,Verma Auto Agencies | AFM | Barabanki,35150AAF00099S,5,Pcs.,200.68,1003.4
2026-07-02,26-27/01477/Hero,Verma Auto Agencies | AFM | Barabanki,35150KWA841S,1,Pcs.,65.84,65.84
2026-07-02,26-27/01477/Hero,Verma Auto Agencies | AFM | Barabanki,53167GE4000S,5,Pcs.,16.05,80.25
2026-07-02,26-27/01477/Hero,Verma Auto Agencies | AFM | Barabanki,61301AAC220RS,1,Pcs.,442.12,442.12
2026-07-02,26-27/01477/Hero,Verma Auto Agencies | AFM | Barabanki,83402KCC900S,2,Pcs.,40.76,81.52
2026-07-02,26-27/01477/Hero,Verma Auto Agencies | AFM | Barabanki,K14144AADA000S,3,Pcs.,213.22,639.66
2026-07-02,26-27/01477/Hero,Verma Auto Agencies | AFM | Barabanki,K14144KZAAW00S,4,Pcs.,329.24,1316.96
2026-07-02,26-27/01477/Hero,Verma Auto Agencies | AFM | Barabanki,K22221AAN125S,1,Pcs.,925.0,925.0
2026-07-02,26-27/01477/Hero,Verma Auto Agencies | AFM | Barabanki,K22222AAGG501S,3,Pcs.,564.4,1693.2
2026-07-02,26-27/01477/Hero,Verma Auto Agencies | AFM | Barabanki,50803KCC900S,10,Pcs.,401.35,4013.5
2026-07-02,26-27/01477/Hero,Verma Auto Agencies | AFM | Barabanki,35010AACH00S,10,Pcs.,702.37,7023.7
2026-07-02,26-27/01477/Hero,Verma Auto Agencies | AFM | Barabanki,11321KST940S,2,Pcs.,81.53,163.06
2026-07-02,26-27/01477/Hero,Verma Auto Agencies | AFM | Barabanki,11321KWA940S,1,Pcs.,94.07,94.07
2026-07-02,26-27/01477/Hero,Verma Auto Agencies | AFM | Barabanki,13011AAF00099S,1,Pcs.,225.76,225.76
2026-07-02,26-27/01477/Hero,Verma Auto Agencies | AFM | Barabanki,17208ABS001S,1,Pcs.,144.24,144.24
2026-07-02,26-27/01477/Hero,Verma Auto Agencies | AFM | Barabanki,35150AAF00099S,4,Pcs.,200.68,802.72
2026-07-02,26-27/01477/Hero,Verma Auto Agencies | AFM | Barabanki,83402KCC900S,1,Pcs.,40.76,40.76
2026-07-02,26-27/01477/Hero,Verma Auto Agencies | AFM | Barabanki,K12121ACKA000S,1,Pcs.,1605.42,1605.42
2026-07-02,26-27/01477/Hero,Verma Auto Agencies | AFM | Barabanki,K12121KSTG940S,2,Pcs.,1552.12,3104.24
2026-07-02,26-27/01477/Hero,Verma Auto Agencies | AFM | Barabanki,K14144KZAAW00S,2,Pcs.,329.24,658.48
2026-07-02,26-27/01477/Hero,Verma Auto Agencies | AFM | Barabanki,K22221AAN125S,2,Pcs.,925.0,1850.0
2026-07-02,26-27/01477/Hero,Verma Auto Agencies | AFM | Barabanki,K41412ABZA000S,1,Pcs.,1119.4,1119.4
2026-07-02,26-27/01477/Hero,Verma Auto Agencies | AFM | Barabanki,K41412ACLA000S,1,Pcs.,890.51,890.51
2026-07-02,26-27/01477/Hero,Verma Auto Agencies | AFM | Barabanki,K50505ACKH700S,10,Pcs.,109.75,1097.5
2026-07-02,26-27/01477/Hero,Verma Auto Agencies | AFM | Barabanki,53100KTC900S,5,Pcs.,316.7,1583.5
2026-07-02,26-27/01477/Hero,Verma Auto Agencies | AFM | Barabanki,46544AAHF00S,2,Pcs.,602.03,1204.06
2026-07-02,26-27/01477/Hero,Verma Auto Agencies | AFM | Barabanki,61300AAGA00US,1,Pcs.,711.78,711.78
2026-07-02,26-27/01477/Hero,Verma Auto Agencies | AFM | Barabanki,3370BABS001S,1,Pcs.,730.6,730.6
2026-07-02,26-27/01477/Hero,Verma Auto Agencies | AFM | Barabanki,83500AAH100RS,1,Pcs.,370.0,370.0
2026-07-02,26-27/01477/Hero,Verma Auto Agencies | AFM | Barabanki,83500ACK010RS,1,Pcs.,357.46,357.46
2026-07-02,26-27/01477/Hero,Verma Auto Agencies | AFM | Barabanki,83600ACK010RS,1,Pcs.,363.73,363.73
2026-07-02,26-27/01477/Hero,Verma Auto Agencies | AFM | Barabanki,50500ACK000S,1,Pcs.,335.51,335.51
2026-07-02,26-27/01477/Hero,Verma Auto Agencies | AFM | Barabanki,14550GB0910RS,90,Pcs.,68.98,6208.2
2026-07-02,26-27/01477/Hero,Verma Auto Agencies | AFM | Barabanki,28101KWA940S,40,Pcs.,78.39,3135.6
2026-07-02,26-27/01477/Hero,Verma Auto Agencies | AFM | Barabanki,35010AAG501S,3,Pcs.,639.66,1918.98
2026-07-02,26-27/01477/Hero,Verma Auto Agencies | AFM | Barabanki,35010AAHA01S,6,Pcs.,605.17,3631.02
2026-07-02,26-27/01477/Hero,Verma Auto Agencies | AFM | Barabanki,50803KTC900S,2,Pcs.,482.88,965.76
2026-07-02,26-27/01477/Hero,Verma Auto Agencies | AFM | Barabanki,22121AAHF01S,1,Pcs.,197.54,197.54
2026-07-02,26-27/01477/Hero,Verma Auto Agencies | AFM | Barabanki,22350KPGT00S,1,Pcs.,153.65,153.65
2026-07-02,26-27/01477/Hero,Verma Auto Agencies | AFM | Barabanki,24430KST900S,40,Pcs.,53.3,2132.0
2026-07-02,26-27/01477/Hero,Verma Auto Agencies | AFM | Barabanki,33450KCC710S,3,Pcs.,137.97,413.91
2026-07-02,26-27/01477/Hero,Verma Auto Agencies | AFM | Barabanki,35010AAG501S,1,Pcs.,639.66,639.66
2026-07-02,26-27/01477/Hero,Verma Auto Agencies | AFM | Barabanki,35010AAHA01S,4,Pcs.,605.17,2420.68
2026-07-02,26-27/01477/Hero,Verma Auto Agencies | AFM | Barabanki,37800KWH962S,2,Pcs.,235.17,470.34
2026-07-02,26-27/01477/Hero,Verma Auto Agencies | AFM | Barabanki,37800KWH962S,2,Pcs.,291.61,583.22
2026-07-02,26-27/01477/Hero,Verma Auto Agencies | AFM | Barabanki,50530KST940S,1,Pcs.,84.66,84.66
2026-07-02,26-27/01477/Hero,Verma Auto Agencies | AFM | Barabanki,53200KST950S,1,Pcs.,555.0,555.0
2026-07-02,26-27/01477/Hero,Verma Auto Agencies | AFM | Barabanki,61314KCC900S,1,Pcs.,34.49,34.49
2026-07-02,26-27/01477/Hero,Verma Auto Agencies | AFM | Barabanki,K28281KWAG940S,1,Pcs.,97.21,97.21
2026-07-02,26-27/01477/Hero,Verma Auto Agencies | AFM | Barabanki,41241KTC900S,200,Pcs.,18.81,3762.0
2026-07-02,26-27/01477/Hero,Verma Auto Agencies | AFM | Barabanki,40510AAT000S,2,Pcs.,141.1,282.2
2026-07-02,26-27/01477/Hero,Verma Auto Agencies | AFM | Barabanki,44830KWA910S,50,Pcs.,68.98,3449.0
2026-07-02,26-27/01477/Hero,Verma Auto Agencies | AFM | Barabanki,22350KPGT00S,2,Pcs.,144.24,288.48
2026-07-02,26-27/01477/Hero,Verma Auto Agencies | AFM | Barabanki,22350KPGT00S,7,Pcs.,132.95,930.65
2026-07-02,26-27/01477/Hero,Verma Auto Agencies | AFM | Barabanki,24430KST900S,10,Pcs.,53.3,533.0
2026-07-02,26-27/01477/Hero,Verma Auto Agencies | AFM | Barabanki,33450KCC710S,1,Pcs.,137.97,137.97
2026-07-02,26-27/01477/Hero,Verma Auto Agencies | AFM | Barabanki,35160AAE31099S,3,Pcs.,141.1,423.3
2026-07-02,26-27/01477/Hero,Verma Auto Agencies | AFM | Barabanki,37800AAE30099S,6,Pcs.,297.88,1787.28
2026-07-02,26-27/01477/Hero,Verma Auto Agencies | AFM | Barabanki,41241KTC900S,96,Pcs.,18.81,1805.76
2026-07-02,26-27/01477/Hero,Verma Auto Agencies | AFM | Barabanki,43100153600ZS,1,Pcs.,288.47,288.47
2026-07-02,26-27/01477/Hero,Verma Auto Agencies | AFM | Barabanki,46544AAEB00S,2,Pcs.,627.12,1254.24
2026-07-02,26-27/01477/Hero,Verma Auto Agencies | AFM | Barabanki,50530KST940S,1,Pcs.,84.66,84.66
2026-07-02,26-27/01477/Hero,Verma Auto Agencies | AFM | Barabanki,61314KCC900S,3,Pcs.,34.49,103.47
2026-07-02,26-27/01477/Hero,Verma Auto Agencies | AFM | Barabanki,K13130AAFF400S,1,Pcs.,398.84,398.84
2026-07-02,26-27/01477/Hero,Verma Auto Agencies | AFM | Barabanki,K28281KWAG940S,4,Pcs.,97.21,388.84
2026-07-02,26-27/01477/Hero,Verma Auto Agencies | AFM | Barabanki,K28281KWAG940S,2,Pcs.,100.34,200.68
2026-07-02,26-27/01477/Hero,Verma Auto Agencies | AFM | Barabanki,21K201S,2,Pcs.,1733.98,3467.96
2026-07-02,26-27/01477/Hero,Verma Auto Agencies | AFM | Barabanki,22121AAHF01S,3,Pcs.,197.54,592.62
2026-07-02,26-27/01477/Hero,Verma Auto Agencies | AFM | Barabanki,24430KST900S,10,Pcs.,53.3,533.0
2026-07-02,26-27/01477/Hero,Verma Auto Agencies | AFM | Barabanki,37800AAE30099S,1,Pcs.,297.88,297.88
2026-07-02,26-27/01477/Hero,Verma Auto Agencies | AFM | Barabanki,50530KST940S,8,Pcs.,84.66,677.28
2026-07-02,26-27/01477/Hero,Verma Auto Agencies | AFM | Barabanki,53200KST950S,1,Pcs.,555.0,555.0
2026-07-02,26-27/01477/Hero,Verma Auto Agencies | AFM | Barabanki,61314KCC900S,2,Pcs.,34.49,68.98
2026-07-02,26-27/01477/Hero,Verma Auto Agencies | AFM | Barabanki,83512KTCA20S,1,Pcs.,52.05,52.05
2026-07-02,26-27/01477/Hero,Verma Auto Agencies | AFM | Barabanki,K12121AANF410S,2,Pcs.,2163.56,4327.12
2026-07-02,26-27/01477/Hero,Verma Auto Agencies | AFM | Barabanki,K28281KWAG940S,4,Pcs.,97.21,388.84
2026-07-02,26-27/01477/Hero,Verma Auto Agencies | AFM | Barabanki,K28281KWAG940S,3,Pcs.,100.34,301.02
2026-07-02,26-27/01477/Hero,Verma Auto Agencies | AFM | Barabanki,50500KTRA00S,5,Pcs.,269.66,1348.3
2026-07-02,26-27/01477/Hero,Verma Auto Agencies | AFM | Barabanki,50500KTRA00S,5,Pcs.,269.66,1348.3
2026-07-02,26-27/01477/Hero,Verma Auto Agencies | AFM | Barabanki,44830KWA910S,50,Pcs.,78.39,3919.5
2026-07-02,26-27/01477/Hero,Verma Auto Agencies | AFM | Barabanki,14610KPH900S,15,Pcs.,21.95,329.25
2026-07-02,26-27/01477/Hero,Verma Auto Agencies | AFM | Barabanki,17570ACK00099S,1,Pcs.,279.07,279.07
2026-07-02,26-27/01477/Hero,Verma Auto Agencies | AFM | Barabanki,22100KTC902RS,1,Pcs.,896.78,896.78
2026-07-02,26-27/01477/Hero,Verma Auto Agencies | AFM | Barabanki,22100KTC902RS,1,Pcs.,834.07,834.07
2026-07-02,26-27/01477/Hero,Verma Auto Agencies | AFM | Barabanki,22121AAHF01S,2,Pcs.,197.54,395.08
2026-07-02,26-27/01477/Hero,Verma Auto Agencies | AFM | Barabanki,31210ACK01099S,2,Pcs.,1674.4,3348.8
2026-07-02,26-27/01477/Hero,Verma Auto Agencies | AFM | Barabanki,36532AAF401S,1,Pcs.,696.1,696.1
2026-07-02,26-27/01477/Hero,Verma Auto Agencies | AFM | Barabanki,37800AAE30099S,1,Pcs.,297.88,297.88
2026-07-02,26-27/01477/Hero,Verma Auto Agencies | AFM | Barabanki,41241KTC900S,4,Pcs.,18.81,75.24
2026-07-02,26-27/01477/Hero,Verma Auto Agencies | AFM | Barabanki,43100153600ZS,1,Pcs.,288.47,288.47
2026-07-02,26-27/01477/Hero,Verma Auto Agencies | AFM | Barabanki,50530KST940S,10,Pcs.,84.66,846.6
2026-07-02,26-27/01477/Hero,Verma Auto Agencies | AFM | Barabanki,50803KST940S,1,Pcs.,431.57,431.57
2026-07-02,26-27/01477/Hero,Verma Auto Agencies | AFM | Barabanki,61314KCC900S,4,Pcs.,34.49,137.96
2026-07-02,26-27/01477/Hero,Verma Auto Agencies | AFM | Barabanki,83512KTCA20S,1,Pcs.,52.05,52.05
2026-07-02,26-27/01477/Hero,Verma Auto Agencies | AFM | Barabanki,88110AAW000S,2,Pcs.,194.4,388.8
2026-07-02,26-27/01477/Hero,Verma Auto Agencies | AFM | Barabanki,K13130AAFF400S,2,Pcs.,398.84,797.68
2026-07-02,26-27/01477/Hero,Verma Auto Agencies | AFM | Barabanki,K22222AAGA500S,2,Pcs.,608.3,1216.6
2026-07-02,26-27/01477/Hero,Verma Auto Agencies | AFM | Barabanki,K28281KWAG940S,15,Pcs.,97.21,1458.15
2026-07-02,26-27/01477/Hero,Verma Auto Agencies | AFM | Barabanki,K28281KWAG940S,1,Pcs.,100.34,100.34
2026-07-02,26-27/01477/Hero,Verma Auto Agencies | AFM | Barabanki,61000AAHF00RS,1,Pcs.,633.39,633.39
2026-07-02,26-27/01477/Hero,Verma Auto Agencies | AFM | Barabanki,12341KST870S,3,Pcs.,75.25,225.75
2026-07-02,26-27/01477/Hero,Verma Auto Agencies | AFM | Barabanki,14311035000S,30,Pcs.,37.63,1128.9
2026-07-02,26-27/01477/Hero,Verma Auto Agencies | AFM | Barabanki,17910AAL400S,2,Pcs.,111.17,222.34
2026-07-02,26-27/01477/Hero,Verma Auto Agencies | AFM | Barabanki,23211GF6000S,2,Pcs.,329.24,658.48
2026-07-02,26-27/01477/Hero,Verma Auto Agencies | AFM | Barabanki,30410KWA931S,1,Pcs.,1191.53,1191.53
2026-07-02,26-27/01477/Hero,Verma Auto Agencies | AFM | Barabanki,31120ACK012S,2,Pcs.,783.9,1567.8
2026-07-02,26-27/01477/Hero,Verma Auto Agencies | AFM | Barabanki,31120KCC901S,1,Pcs.,736.86,736.86
2026-07-02,26-27/01477/Hero,Verma Auto Agencies | AFM | Barabanki,35100AAF401S,1,Pcs.,366.61,366.61
2026-07-02,26-27/01477/Hero,Verma Auto Agencies | AFM | Barabanki,35150AAGH20S,20,Pcs.,72.12,1442.4
2026-07-02,26-27/01477/Hero,Verma Auto Agencies | AFM | Barabanki,35200AAHA1099S,1,Pcs.,294.75,294.75
2026-07-02,26-27/01477/Hero,Verma Auto Agencies | AFM | Barabanki,37100AAD00099S,1,Pcs.,1050.42,1050.42
2026-07-02,26-27/01477/Hero,Verma Auto Agencies | AFM | Barabanki,37211AAGA0099S,1,Pcs.,210.09,210.09
2026-07-02,26-27/01477/Hero,Verma Auto Agencies | AFM | Barabanki,37211KTRA21S,1,Pcs.,89.05,89.05
2026-07-02,26-27/01477/Hero,Verma Auto Agencies | AFM | Barabanki,40545ABA000S,10,Pcs.,6.27,62.7
2026-07-02,26-27/01477/Hero,Verma Auto Agencies | AFM | Barabanki,42610198900S,1,Pcs.,279.07,279.07
2026-07-02,26-27/01477/Hero,Verma Auto Agencies | AFM | Barabanki,53230KCC900S,2,Pcs.,166.19,332.38
2026-07-02,26-27/01477/Hero,Verma Auto Agencies | AFM | Barabanki,83513KTCA20S,1,Pcs.,119.16,119.16
2026-07-02,26-27/01477/Hero,Verma Auto Agencies | AFM | Barabanki,88120AAW000S,2,Pcs.,194.4,388.8
2026-07-02,26-27/01477/Hero,Verma Auto Agencies | AFM | Barabanki,K22222AAGA500S,2,Pcs.,608.3,1216.6
2026-07-02,26-27/01477/Hero,Verma Auto Agencies | AFM | Barabanki,K83834AAEE300RS,1,Pcs.,159.91,159.91
2026-07-02,26-27/01477/Hero,Verma Auto Agencies | AFM | Barabanki,14311035000S,20,Pcs.,37.63,752.6
2026-07-02,26-27/01477/Hero,Verma Auto Agencies | AFM | Barabanki,16450ACK000S,1,Pcs.,761.95,761.95
2026-07-02,26-27/01477/Hero,Verma Auto Agencies | AFM | Barabanki,16701AAE300S,2,Pcs.,122.28,244.56
2026-07-02,26-27/01477/Hero,Verma Auto Agencies | AFM | Barabanki,17570ACK00099S,1,Pcs.,279.07,279.07
2026-07-02,26-27/01477/Hero,Verma Auto Agencies | AFM | Barabanki,17611KCC900S,10,Pcs.,9.4,94.0
2026-07-02,26-27/01477/Hero,Verma Auto Agencies | AFM | Barabanki,23112AAJH10S,1,Pcs.,66.47,66.47
2026-07-02,26-27/01477/Hero,Verma Auto Agencies | AFM | Barabanki,28302KAG900S,15,Pcs.,75.25,1128.75
2026-07-02,26-27/01477/Hero,Verma Auto Agencies | AFM | Barabanki,30410KZAW01S,1,Pcs.,953.84,953.84
2026-07-02,26-27/01477/Hero,Verma Auto Agencies | AFM | Barabanki,31120AAC201S,3,Pcs.,746.27,2238.81
2026-07-02,26-27/01477/Hero,Verma Auto Agencies | AFM | Barabanki,31210KWA94099S,2,Pcs.,1530.17,3060.34
2026-07-02,26-27/01477/Hero,Verma Auto Agencies | AFM | Barabanki,35100AAF401S,3,Pcs.,366.61,1099.83
2026-07-02,26-27/01477/Hero,Verma Auto Agencies | AFM | Barabanki,35200AAHA1099S,1,Pcs.,294.75,294.75
2026-07-02,26-27/01477/Hero,Verma Auto Agencies | AFM | Barabanki,35200KST870S,1,Pcs.,244.58,244.58
2026-07-02,26-27/01477/Hero,Verma Auto Agencies | AFM | Barabanki,35200KST870S,1,Pcs.,266.53,266.53
2026-07-02,26-27/01477/Hero,Verma Auto Agencies | AFM | Barabanki,37211AAGA0099S,1,Pcs.,210.09,210.09
2026-07-02,26-27/01477/Hero,Verma Auto Agencies | AFM | Barabanki,40546KTR900S,1,Pcs.,31.35,31.35
2026-07-02,26-27/01477/Hero,Verma Auto Agencies | AFM | Barabanki,42610198900S,1,Pcs.,279.07,279.07
2026-07-02,26-27/01477/Hero,Verma Auto Agencies | AFM | Barabanki,45451AAF400S,50,Pcs.,9.4,470.0
2026-07-02,26-27/01477/Hero,Verma Auto Agencies | AFM | Barabanki,45510KVN901S,1,Pcs.,796.44,796.44
2026-07-02,26-27/01477/Hero,Verma Auto Agencies | AFM | Barabanki,50530AAF400S,1,Pcs.,138.6,138.6
2026-07-02,26-27/01477/Hero,Verma Auto Agencies | AFM | Barabanki,52170KST940S,1,Pcs.,56.44,56.44
2026-07-02,26-27/01477/Hero,Verma Auto Agencies | AFM | Barabanki,52170KST940S,2,Pcs.,59.58,119.16
2026-07-02,26-27/01477/Hero,Verma Auto Agencies | AFM | Barabanki,53140AAW000S,2,Pcs.,59.58,119.16
2026-07-02,26-27/01477/Hero,Verma Auto Agencies | AFM | Barabanki,84701KCC860S,5,Pcs.,14.8,74.0
2026-07-02,26-27/01477/Hero,Verma Auto Agencies | AFM | Barabanki,90307001000S,100,Pcs.,9.4,940.0
2026-07-02,26-27/01477/Hero,Verma Auto Agencies | AFM | Barabanki,K22222AAGA500S,1,Pcs.,608.3,608.3
2026-07-02,26-27/01477/Hero,Verma Auto Agencies | AFM | Barabanki,12301KWA900S,7,Pcs.,54.56,381.92
2026-07-02,26-27/01477/Hero,Verma Auto Agencies | AFM | Barabanki,14430KWP900S,4,Pcs.,172.46,689.84
2026-07-02,26-27/01477/Hero,Verma Auto Agencies | AFM | Barabanki,14610KPH900S,10,Pcs.,21.95,219.5
2026-07-02,26-27/01477/Hero,Verma Auto Agencies | AFM | Barabanki,16701AAE300S,2,Pcs.,122.28,244.56
2026-07-02,26-27/01477/Hero,Verma Auto Agencies | AFM | Barabanki,17611KCC900S,20,Pcs.,9.4,188.0
2026-07-02,26-27/01477/Hero,Verma Auto Agencies | AFM | Barabanki,24261121742S,20,Pcs.,3.14,62.8
2026-07-02,26-27/01477/Hero,Verma Auto Agencies | AFM | Barabanki,24701AANB00S,1,Pcs.,116.02,116.02
2026-07-02,26-27/01477/Hero,Verma Auto Agencies | AFM | Barabanki,24K160S,35,Pcs.,282.21,9877.35
2026-07-02,26-27/01477/Hero,Verma Auto Agencies | AFM | Barabanki,28120KPL901S,1,Pcs.,606.42,606.42
2026-07-02,26-27/01477/Hero,Verma Auto Agencies | AFM | Barabanki,28281KWB600S,2,Pcs.,25.09,50.18
2026-07-02,26-27/01477/Hero,Verma Auto Agencies | AFM | Barabanki,28302KAG900S,5,Pcs.,75.25,376.25
2026-07-02,26-27/01477/Hero,Verma Auto Agencies | AFM | Barabanki,30700KTCA21S,2,Pcs.,56.44,112.88
2026-07-02,26-27/01477/Hero,Verma Auto Agencies | AFM | Barabanki,30700KTCA21S,2,Pcs.,59.58,119.16
2026-07-02,26-27/01477/Hero,Verma Auto Agencies | AFM | Barabanki,31120AAC201S,1,Pcs.,746.27,746.27
2026-07-02,26-27/01477/Hero,Verma Auto Agencies | AFM | Barabanki,35150AAC811S,6,Pcs.,92.48,554.88
2026-07-02,26-27/01477/Hero,Verma Auto Agencies | AFM | Barabanki,35200AAE11099S,2,Pcs.,313.56,627.12
2026-07-02,26-27/01477/Hero,Verma Auto Agencies | AFM | Barabanki,35200AANK01S,1,Pcs.,316.7,316.7
2026-07-02,26-27/01477/Hero,Verma Auto Agencies | AFM | Barabanki,35753035010S,440,Pcs.,9.4,4136.0
2026-07-02,26-27/01477/Hero,Verma Auto Agencies | AFM | Barabanki,37750AAC801S,3,Pcs.,137.97,413.91
2026-07-02,26-27/01477/Hero,Verma Auto Agencies | AFM | Barabanki,40591KCC900S,10,Pcs.,18.81,188.1
2026-07-02,26-27/01477/Hero,Verma Auto Agencies | AFM | Barabanki,40591KCC900S,10,Pcs.,13.79,137.9
2026-07-02,26-27/01477/Hero,Verma Auto Agencies | AFM | Barabanki,43100KTR700S,1,Pcs.,348.05,348.05
2026-07-02,26-27/01477/Hero,Verma Auto Agencies | AFM | Barabanki,43459KSP900S,10,Pcs.,15.68,156.8
2026-07-02,26-27/01477/Hero,Verma Auto Agencies | AFM | Barabanki,45250AANE00S,2,Pcs.,1762.83,3525.66
2026-07-02,26-27/01478/Hero,Verma Auto Agencies | AFM | Barabanki,61000AAHF00RS,1,Pcs.,633.39,633.39
2026-07-02,26-27/01478/Hero,Verma Auto Agencies | AFM | Barabanki,83500AAH100SS,1,Pcs.,388.81,388.81
2026-07-02,26-27/01478/Hero,Verma Auto Agencies | AFM | Barabanki,83600AAH100SS,1,Pcs.,388.81,388.81
2026-07-02,26-27/01478/Hero,Verma Auto Agencies | AFM | Barabanki,53100AAE400S,5,Pcs.,244.58,1222.9
2026-07-02,26-27/01478/Hero,Verma Auto Agencies | AFM | Barabanki,16211KZAW03S,1,Pcs.,31.35,31.35
2026-07-02,26-27/01478/Hero,Verma Auto Agencies | AFM | Barabanki,16700AAC802S,1,Pcs.,2552.37,2552.37
2026-07-02,26-27/01478/Hero,Verma Auto Agencies | AFM | Barabanki,31600AAN202S,1,Pcs.,374.39,374.39
2026-07-02,26-27/01478/Hero,Verma Auto Agencies | AFM | Barabanki,35200AAW001S,9,Pcs.,40.76,366.84
2026-07-02,26-27/01478/Hero,Verma Auto Agencies | AFM | Barabanki,43550AAZ310S,1,Pcs.,43.9,43.9
2026-07-02,26-27/01478/Hero,Verma Auto Agencies | AFM | Barabanki,45456AAW000S,20,Pcs.,3.14,62.8
2026-07-02,26-27/01478/Hero,Verma Auto Agencies | AFM | Barabanki,45475AAT200S,1,Pcs.,103.22,103.22
2026-07-02,26-27/01478/Hero,Verma Auto Agencies | AFM | Barabanki,83410AAH100RS,3,Pcs.,429.58,1288.74
2026-07-02,26-27/01478/Hero,Verma Auto Agencies | AFM | Barabanki,88110AAW000S,3,Pcs.,194.4,583.2
2026-07-02,26-27/01478/Hero,Verma Auto Agencies | AFM | Barabanki,13014KZAW00S,1,Pcs.,161.79,161.79
2026-07-02,26-27/01478/Hero,Verma Auto Agencies | AFM | Barabanki,16700AAC802S,1,Pcs.,2552.37,2552.37
2026-07-02,26-27/01478/Hero,Verma Auto Agencies | AFM | Barabanki,17253KWP900S,1,Pcs.,72.12,72.12
2026-07-02,26-27/01478/Hero,Verma Auto Agencies | AFM | Barabanki,33300AAEB0099S,1,Pcs.,576.95,576.95
2026-07-02,26-27/01478/Hero,Verma Auto Agencies | AFM | Barabanki,35200AAW001S,1,Pcs.,40.76,40.76
2026-07-02,26-27/01478/Hero,Verma Auto Agencies | AFM | Barabanki,42601198D00S,4,Pcs.,633.39,2533.56
2026-07-02,26-27/01478/Hero,Verma Auto Agencies | AFM | Barabanki,45456AAW000S,20,Pcs.,3.14,62.8
2026-07-02,26-27/01478/Hero,Verma Auto Agencies | AFM | Barabanki,45475AAT200S,9,Pcs.,103.22,928.98
2026-07-02,26-27/01478/Hero,Verma Auto Agencies | AFM | Barabanki,53140AAW000S,2,Pcs.,43.9,87.8
2026-07-02,26-27/01478/Hero,Verma Auto Agencies | AFM | Barabanki,88110AAW000S,1,Pcs.,194.4,194.4
2026-07-02,26-27/01478/Hero,Verma Auto Agencies | AFM | Barabanki,9390335380S,100,Pcs.,1.25,125.0
2026-07-02,26-27/01478/Hero,Verma Auto Agencies | AFM | Barabanki,16100AAHF01S,1,Pcs.,1155.78,1155.78
2026-07-02,26-27/01478/Hero,Verma Auto Agencies | AFM | Barabanki,33110AANH02S,1,Pcs.,370.0,370.0
2026-07-02,26-27/01478/Hero,Verma Auto Agencies | AFM | Barabanki,33120AAGA0099S,1,Pcs.,341.78,341.78
2026-07-02,26-27/01478/Hero,Verma Auto Agencies | AFM | Barabanki,42601198D00S,6,Pcs.,633.39,3800.34
2026-07-02,26-27/01478/Hero,Verma Auto Agencies | AFM | Barabanki,53104KVE860S,3,Pcs.,37.63,112.89
2026-07-02,26-27/01478/Hero,Verma Auto Agencies | AFM | Barabanki,77240AAL000S,1,Pcs.,40.76,40.76
2026-07-02,26-27/01478/Hero,Verma Auto Agencies | AFM | Barabanki,K13130AAFF400S,3,Pcs.,398.84,1196.52
2026-07-02,26-27/01478/Hero,Verma Auto Agencies | AFM | Barabanki,K96961HF100DS,9,Pcs.,304.16,2737.44
2026-07-02,26-27/01478/Hero,Verma Auto Agencies | AFM | Barabanki,16100AAHF01S,1,Pcs.,1254.24,1254.24
2026-07-02,26-27/01478/Hero,Verma Auto Agencies | AFM | Barabanki,16100AAW002S,2,Pcs.,2288.98,4577.96
2026-07-02,26-27/01478/Hero,Verma Auto Agencies | AFM | Barabanki,33110AANH02S,1,Pcs.,370.0,370.0
2026-07-02,26-27/01478/Hero,Verma Auto Agencies | AFM | Barabanki,33120AAGA0099S,1,Pcs.,297.88,297.88
2026-07-02,26-27/01478/Hero,Verma Auto Agencies | AFM | Barabanki,3360BAAC201S,2,Pcs.,122.28,244.56
2026-07-02,26-27/01478/Hero,Verma Auto Agencies | AFM | Barabanki,3365BAAB101S,1,Pcs.,119.16,119.16
2026-07-02,26-27/01478/Hero,Verma Auto Agencies | AFM | Barabanki,3365BAAC201S,2,Pcs.,134.83,269.66
2026-07-02,26-27/01478/Hero,Verma Auto Agencies | AFM | Barabanki,53104KVE860S,2,Pcs.,37.63,75.26
2026-07-02,26-27/01478/Hero,Verma Auto Agencies | AFM | Barabanki,77240AAL000S,1,Pcs.,37.0,37.0
2026-07-02,26-27/01478/Hero,Verma Auto Agencies | AFM | Barabanki,77240AAY000S,2,Pcs.,83.4,166.8
2026-07-02,26-27/01478/Hero,Verma Auto Agencies | AFM | Barabanki,88120AAY000TS,1,Pcs.,188.14,188.14
2026-07-02,26-27/01478/Hero,Verma Auto Agencies | AFM | Barabanki,K12121KSTG940S,2,Pcs.,1552.12,3104.24
2026-07-02,26-27/01478/Hero,Verma Auto Agencies | AFM | Barabanki,K13130AAFF400S,6,Pcs.,398.84,2393.04
2026-07-02,26-27/01478/Hero,Verma Auto Agencies | AFM | Barabanki,K96961HF100DS,1,Pcs.,304.16,304.16
2026-07-02,26-27/01478/Hero,Verma Auto Agencies | AFM | Barabanki,14100AAW000S,1,Pcs.,479.75,479.75
2026-07-02,26-27/01478/Hero,Verma Auto Agencies | AFM | Barabanki,17253AAL500S,1,Pcs.,103.47,103.47
2026-07-02,26-27/01478/Hero,Verma Auto Agencies | AFM | Barabanki,6410AAAGA00S,1,Pcs.,247.72,247.72
2026-07-02,26-27/01480/Hero,Verma Auto Agencies | AFM | Barabanki,14500035020S,1,Pcs.,37.63,37.63
2026-07-02,26-27/01480/Hero,Verma Auto Agencies | AFM | Barabanki,14500035020S,26,Pcs.,34.49,896.74
2026-07-02,26-27/01480/Hero,Verma Auto Agencies | AFM | Barabanki,14550GB0910RS,20,Pcs.,68.98,1379.6
2026-07-02,26-27/01480/Hero,Verma Auto Agencies | AFM | Barabanki,14550GB0910RS,10,Pcs.,65.84,658.4
2026-07-02,26-27/01480/Hero,Verma Auto Agencies | AFM | Barabanki,29K300S,10,Pcs.,75.25,752.5
2026-07-02,26-27/01480/Hero,Verma Auto Agencies | AFM | Barabanki,30700098150S,5,Pcs.,65.84,329.2
2026-07-02,26-27/01480/Hero,Verma Auto Agencies | AFM | Barabanki,30700098150S,1,Pcs.,63.97,63.97
2026-07-02,26-27/01480/Hero,Verma Auto Agencies | AFM | Barabanki,33702AANH01S,2,Pcs.,122.28,244.56
2026-07-02,26-27/01480/Hero,Verma Auto Agencies | AFM | Barabanki,3370BAAC201S,2,Pcs.,313.56,627.12
2026-07-02,26-27/01480/Hero,Verma Auto Agencies | AFM | Barabanki,44830KVEH00S,1,Pcs.,57.7,57.7
2026-07-02,26-27/01480/Hero,Verma Auto Agencies | AFM | Barabanki,53166KFN850S,1,Pcs.,37.0,37.0
2026-07-02,26-27/01480/Hero,Verma Auto Agencies | AFM | Barabanki,53200KCC690S,2,Pcs.,589.49,1178.98
2026-07-02,26-27/01480/Hero,Verma Auto Agencies | AFM | Barabanki,61103KRY900S,20,Pcs.,3.14,62.8
2026-07-02,26-27/01480/Hero,Verma Auto Agencies | AFM | Barabanki,83550ACK00099S,1,Pcs.,26.34,26.34
2026-07-02,26-27/01480/Hero,Verma Auto Agencies | AFM | Barabanki,90083KVH900S,20,Pcs.,3.14,62.8
2026-07-02,26-27/01480/Hero,Verma Auto Agencies | AFM | Barabanki,91202302010S,100,Pcs.,12.54,1254.0
2026-07-02,26-27/01480/Hero,Verma Auto Agencies | AFM | Barabanki,91304GB1900S,10,Pcs.,5.02,50.2
2026-07-02,26-27/01480/Hero,Verma Auto Agencies | AFM | Barabanki,91304GB1900S,10,Pcs.,6.27,62.7
2026-07-02,26-27/01480/Hero,Verma Auto Agencies | AFM | Barabanki,14500035020S,2,Pcs.,37.63,75.26
2026-07-02,26-27/01480/Hero,Verma Auto Agencies | AFM | Barabanki,14500035020S,31,Pcs.,34.49,1069.19
2026-07-02,26-27/01480/Hero,Verma Auto Agencies | AFM | Barabanki,14510KWP900S,4,Pcs.,65.84,263.36
2026-07-02,26-27/01480/Hero,Verma Auto Agencies | AFM | Barabanki,14510KWP900S,1,Pcs.,62.72,62.72
2026-07-02,26-27/01480/Hero,Verma Auto Agencies | AFM | Barabanki,14781MA6000S,20,Pcs.,7.53,150.6
2026-07-02,26-27/01480/Hero,Verma Auto Agencies | AFM | Barabanki,16952KCC900S,10,Pcs.,25.09,250.9
2026-07-02,26-27/01480/Hero,Verma Auto Agencies | AFM | Barabanki,16955ABA000S,5,Pcs.,11.91,59.55
2026-07-02,26-27/01480/Hero,Verma Auto Agencies | AFM | Barabanki,23211GF6000S,5,Pcs.,329.24,1646.2
2026-07-02,26-27/01480/Hero,Verma Auto Agencies | AFM | Barabanki,30700098150S,1,Pcs.,63.97,63.97
2026-07-02,26-27/01480/Hero,Verma Auto Agencies | AFM | Barabanki,30700098150S,3,Pcs.,65.84,197.52
2026-07-02,26-27/01480/Hero,Verma Auto Agencies | AFM | Barabanki,31120AAD001S,1,Pcs.,623.98,623.98
2026-07-02,26-27/01480/Hero,Verma Auto Agencies | AFM | Barabanki,33710KZAW01S,1,Pcs.,260.25,260.25
2026-07-02,26-27/01480/Hero,Verma Auto Agencies | AFM | Barabanki,35100KZAW01S,1,Pcs.,310.17,310.17
2026-07-02,26-27/01480/Hero,Verma Auto Agencies | AFM | Barabanki,35753035010S,100,Pcs.,9.4,940.0
2026-07-02,26-27/01480/Hero,Verma Auto Agencies | AFM | Barabanki,53172KTC920S,6,Pcs.,68.98,413.88
2026-07-02,26-27/01480/Hero,Verma Auto Agencies | AFM | Barabanki,53178KFN850S,3,Pcs.,61.46,184.38
2026-07-02,26-27/01480/Hero,Verma Auto Agencies | AFM | Barabanki,77230AAHF00RS,1,Pcs.,87.79,87.79
2026-07-02,26-27/01480/Hero,Verma Auto Agencies | AFM | Barabanki,83550ACK00099S,1,Pcs.,26.34,26.34
2026-07-02,26-27/01480/Hero,Verma Auto Agencies | AFM | Barabanki,87501AAGH00S,10,Pcs.,15.68,156.8
2026-07-02,26-27/01480/Hero,Verma Auto Agencies | AFM | Barabanki,88110AAY000TS,2,Pcs.,163.05,326.1
2026-07-02,26-27/01480/Hero,Verma Auto Agencies | AFM | Barabanki,90307GJ6000S,50,Pcs.,3.14,157.0
2026-07-02,26-27/01480/Hero,Verma Auto Agencies | AFM | Barabanki,961006001000S,5,Pcs.,59.58,297.9
2026-07-02,26-27/01480/Hero,Verma Auto Agencies | AFM | Barabanki,961006001000S,15,Pcs.,65.84,987.6
2026-07-02,26-27/01480/Hero,Verma Auto Agencies | AFM | Barabanki,K91913HF100DS,5,Pcs.,125.42,627.1
2026-07-02,26-27/01480/Hero,Verma Auto Agencies | AFM | Barabanki,53100AAF040S,2,Pcs.,266.53,533.06
2026-07-02,26-27/01480/Hero,Verma Auto Agencies | AFM | Barabanki,64301KZN900ZBS,1,Pcs.,460.93,460.93
2026-07-02,26-27/01480/Hero,Verma Auto Agencies | AFM | Barabanki,51410KCC900S,10,Pcs.,532.8,5328.0
2026-07-02,26-27/01481/Hero,Verma Auto Agencies | AFM | Barabanki,80100AANB00S,1,Pcs.,429.58,429.58
2026-07-02,26-27/01481/Hero,Verma Auto Agencies | AFM | Barabanki,40520AAN410S,1,Pcs.,97.21,97.21
2026-07-02,26-27/01481/Hero,Verma Auto Agencies | AFM | Barabanki,61301AAC220RS,1,Pcs.,442.12,442.12
2026-07-02,26-27/01481/Hero,Verma Auto Agencies | AFM | Barabanki,61301KTCA20RS,2,Pcs.,617.72,1235.44
2026-07-02,26-27/01481/Hero,Verma Auto Agencies | AFM | Barabanki,50271AANB10RS,1,Pcs.,664.75,664.75
2026-07-02,26-27/01481/Hero,Verma Auto Agencies | AFM | Barabanki,83500ACK000YS,1,Pcs.,352.44,352.44
2026-07-02,26-27/01481/Hero,Verma Auto Agencies | AFM | Barabanki,64100AAGA00S,1,Pcs.,244.58,244.58
2026-07-02,26-27/01481/Hero,Verma Auto Agencies | AFM | Barabanki,6410AADG010S,1,Pcs.,244.58,244.58
2026-07-02,26-27/01481/Hero,Verma Auto Agencies | AFM | Barabanki,83402AAE940S,1,Pcs.,188.14,188.14
2026-07-02,26-27/01481/Hero,Verma Auto Agencies | AFM | Barabanki,83410AAEB00SS,1,Pcs.,661.61,661.61
2026-07-02,26-27/01481/Hero,Verma Auto Agencies | AFM | Barabanki,40520AAT000S,2,Pcs.,137.97,275.94
2026-07-02,26-27/01481/Hero,Verma Auto Agencies | AFM | Barabanki,K40405KWAG930S,2,Pcs.,294.75,589.5
2026-07-02,26-27/01481/Hero,Verma Auto Agencies | AFM | Barabanki,40510AAN410S,1,Pcs.,96.58,96.58
2026-07-02,26-27/01481/Hero,Verma Auto Agencies | AFM | Barabanki,51400AAF400S,1,Pcs.,1577.21,1577.21
2026-07-02,26-27/01481/Hero,Verma Auto Agencies | AFM | Barabanki,51500AAF400S,1,Pcs.,1405.37,1405.37
2026-07-02,26-27/01481/Hero,Verma Auto Agencies | AFM | Barabanki,13011AAF00099S,4,Pcs.,225.76,903.04
2026-07-02,26-27/01481/Hero,Verma Auto Agencies | AFM | Barabanki,14440KWP900S,1,Pcs.,181.86,181.86
2026-07-02,26-27/01481/Hero,Verma Auto Agencies | AFM | Barabanki,14610AAT001S,5,Pcs.,16.93,84.65
2026-07-02,26-27/01481/Hero,Verma Auto Agencies | AFM | Barabanki,14670ACK000S,4,Pcs.,31.35,125.4
2026-07-02,26-27/01481/Hero,Verma Auto Agencies | AFM | Barabanki,16424AAF400S,2,Pcs.,40.14,80.28
2026-07-02,26-27/01481/Hero,Verma Auto Agencies | AFM | Barabanki,16700AAEL42S,2,Pcs.,2125.93,4251.86
2026-07-02,26-27/01481/Hero,Verma Auto Agencies | AFM | Barabanki,24261121742S,40,Pcs.,3.14,125.6
2026-07-02,26-27/01481/Hero,Verma Auto Agencies | AFM | Barabanki,28102ACK010S,5,Pcs.,18.81,94.05
2026-07-02,26-27/01481/Hero,Verma Auto Agencies | AFM | Barabanki,28103ACK010S,2,Pcs.,15.68,31.36
2026-07-02,26-27/01481/Hero,Verma Auto Agencies | AFM | Barabanki,31120ACK011S,2,Pcs.,752.54,1505.08
2026-07-02,26-27/01481/Hero,Verma Auto Agencies | AFM | Barabanki,31210ACK01099S,1,Pcs.,1674.4,1674.4
2026-07-02,26-27/01481/Hero,Verma Auto Agencies | AFM | Barabanki,33100AAE941S,1,Pcs.,2345.42,2345.42
2026-07-02,26-27/01481/Hero,Verma Auto Agencies | AFM | Barabanki,3310BAAEB0099S,1,Pcs.,454.66,454.66
2026-07-02,26-27/01481/Hero,Verma Auto Agencies | AFM | Barabanki,3360BAAEB0099S,1,Pcs.,144.24,144.24
2026-07-02,26-27/01481/Hero,Verma Auto Agencies | AFM | Barabanki,3365BAAEB0099S,1,Pcs.,144.24,144.24
2026-07-02,26-27/01481/Hero,Verma Auto Agencies | AFM | Barabanki,3365BAAJ101S,1,Pcs.,109.75,109.75
2026-07-02,26-27/01481/Hero,Verma Auto Agencies | AFM | Barabanki,35100AAE301S,1,Pcs.,357.21,357.21
2026-07-02,26-27/01481/Hero,Verma Auto Agencies | AFM | Barabanki,35100AAE301S,1,Pcs.,285.08,285.08
2026-07-02,26-27/01481/Hero,Verma Auto Agencies | AFM | Barabanki,35200AANK01S,2,Pcs.,316.7,633.4
2026-07-02,26-27/01481/Hero,Verma Auto Agencies | AFM | Barabanki,35330ACA001S,1,Pcs.,144.24,144.24
2026-07-02,26-27/01481/Hero,Verma Auto Agencies | AFM | Barabanki,35759AAC80099S,1,Pcs.,43.9,43.9
2026-07-02,26-27/01481/Hero,Verma Auto Agencies | AFM | Barabanki,46518AAHF00S,10,Pcs.,12.54,125.4
2026-07-02,26-27/01481/Hero,Verma Auto Agencies | AFM | Barabanki,50400ADH800DS,1,Pcs.,692.97,692.97
2026-07-02,26-27/01481/Hero,Verma Auto Agencies | AFM | Barabanki,51103AAL000S,1,Pcs.,28.22,28.22
2026-07-02,26-27/01481/Hero,Verma Auto Agencies | AFM | Barabanki,61314AAE710S,1,Pcs.,56.44,56.44
2026-07-02,26-27/01481/Hero,Verma Auto Agencies | AFM | Barabanki,83601MN5000S,20,Pcs.,2.51,50.2
2026-07-02,26-27/01481/Hero,Verma Auto Agencies | AFM | Barabanki,83700AAE300S,1,Pcs.,53.3,53.3
2026-07-02,26-27/01481/Hero,Verma Auto Agencies | AFM | Barabanki,88110ABH501S,1,Pcs.,127.3,127.3
2026-07-02,26-27/01481/Hero,Verma Auto Agencies | AFM | Barabanki,88120AAN410S,1,Pcs.,119.16,119.16
2026-07-02,26-27/01481/Hero,Verma Auto Agencies | AFM | Barabanki,91001ABT00099S,1,Pcs.,153.02,153.02
2026-07-02,26-27/01481/Hero,Verma Auto Agencies | AFM | Barabanki,K10123HF100DS,1,Pcs.,62.72,62.72
2026-07-02,26-27/01481/Hero,Verma Auto Agencies | AFM | Barabanki,K12121AAEE300S,1,Pcs.,1668.14,1668.14
2026-07-02,26-27/01481/Hero,Verma Auto Agencies | AFM | Barabanki,K90907HF100DS,1,Pcs.,25.09,25.09
2026-07-02,26-27/01481/Hero,Verma Auto Agencies | AFM | Barabanki,16700AAEL42S,1,Pcs.,2125.93,2125.93
2026-07-02,26-27/01481/Hero,Verma Auto Agencies | AFM | Barabanki,17910ACL000S,1,Pcs.,100.34,100.34
2026-07-02,26-27/01481/Hero,Verma Auto Agencies | AFM | Barabanki,22120KRM840S,1,Pcs.,200.68,200.68
2026-07-02,26-27/01481/Hero,Verma Auto Agencies | AFM | Barabanki,22131AAW300S,1,Pcs.,94.07,94.07
2026-07-02,26-27/01481/Hero,Verma Auto Agencies | AFM | Barabanki,3360BAAEB0099S,1,Pcs.,144.24,144.24
2026-07-02,26-27/01481/Hero,Verma Auto Agencies | AFM | Barabanki,3365BAAEB0099S,1,Pcs.,144.24,144.24
2026-07-02,26-27/01481/Hero,Verma Auto Agencies | AFM | Barabanki,3365BAAJ101S,1,Pcs.,119.16,119.16
2026-07-02,26-27/01481/Hero,Verma Auto Agencies | AFM | Barabanki,35170ABT001S,1,Pcs.,62.72,62.72
2026-07-02,26-27/01481/Hero,Verma Auto Agencies | AFM | Barabanki,41241ABZ000S,4,Pcs.,28.22,112.88
2026-07-02,26-27/01481/Hero,Verma Auto Agencies | AFM | Barabanki,52170KST940S,1,Pcs.,59.58,59.58
2026-07-02,26-27/01481/Hero,Verma Auto Agencies | AFM | Barabanki,61303ADG000S,2,Pcs.,122.28,244.56
2026-07-02,26-27/01481/Hero,Verma Auto Agencies | AFM | Barabanki,83518KTCA20S,1,Pcs.,43.9,43.9
2026-07-02,26-27/01481/Hero,Verma Auto Agencies | AFM | Barabanki,83601MN5000S,10,Pcs.,2.51,25.1
2026-07-02,26-27/01481/Hero,Verma Auto Agencies | AFM | Barabanki,91001ABZ000S,1,Pcs.,263.39,263.39
2026-07-02,26-27/01481/Hero,Verma Auto Agencies | AFM | Barabanki,K83834AAEAH00RS,1,Pcs.,106.61,106.61
2026-07-02,26-27/01481/Hero,Verma Auto Agencies | AFM | Barabanki,K86866AAGC100RS,1,Pcs.,103.47,103.47
2026-07-02,26-27/01481/Hero,Verma Auto Agencies | AFM | Barabanki,K86866AAGMA00RS,1,Pcs.,144.24,144.24
2026-07-02,26-27/01481/Hero,Verma Auto Agencies | AFM | Barabanki,K86866AAGN500US,1,Pcs.,103.47,103.47
2026-07-02,26-27/01481/Hero,Verma Auto Agencies | AFM | Barabanki,44830AAY000S,1,Pcs.,72.12,72.12
2026-07-02,26-27/01481/Hero,Verma Auto Agencies | AFM | Barabanki,53200AAE300S,1,Pcs.,598.9,598.9
2026-07-02,26-27/01481/Hero,Verma Auto Agencies | AFM | Barabanki,K12121ACKA000S,2,Pcs.,1605.42,3210.84
2026-07-02,26-27/01481/Hero,Verma Auto Agencies | AFM | Barabanki,K22222KTNA900S,1,Pcs.,940.68,940.68
2026-07-02,26-27/01481/Hero,Verma Auto Agencies | AFM | Barabanki,K50505ACKH700S,5,Pcs.,109.75,548.75
2026-07-03,26-27/01482/Hero,Ramesh Auto Service | AFM | Aonla,ACKEA7B000000GS,5,Pcs.,635.59,3177.95
2026-07-03,26-27/01483/Hero,Ramesh Auto Service | AFM | Aonla,ACKEA7B000000GS,5,Pcs.,635.59,3177.95
2026-07-03,26-27/01484/Hero,Sanjay Cycles | C B Ganj,20K710S,60,Pcs.,423.73,25423.8
2026-07-03,26-27/01485/Hero,Krishna M/c Store | AFM | Allahpur,50500KTRA00S,5,Pcs.,260.6,1303.0
2026-07-03,26-27/01485/Hero,Krishna M/c Store | AFM | Allahpur,22870KCC900S,50,Pcs.,69.91,3495.5
2026-07-03,26-27/01485/Hero,Krishna M/c Store | AFM | Allahpur,44830KST940S,50,Pcs.,64.19,3209.5
2026-07-03,26-27/01485/Hero,Krishna M/c Store | AFM | Allahpur,53100AAE110S,5,Pcs.,324.15,1620.75
2026-07-03,26-27/01485/Hero,Krishna M/c Store | AFM | Allahpur,52110KST940S,1,Pcs.,661.02,661.02
2026-07-03,26-27/01485/Hero,Krishna M/c Store | AFM | Allahpur,52110KST940S,1,Pcs.,661.02,661.02
2026-07-03,26-27/01485/Hero,Krishna M/c Store | AFM | Allahpur,K91902HF100DS,200,Pcs.,47.67,9534.0
2026-07-03,26-27/01485/Hero,Krishna M/c Store | AFM | Allahpur,K12121KZAAW00S,6,Pcs.,1366.52,8199.12
2026-07-03,26-27/01485/Hero,Krishna M/c Store | AFM | Allahpur,35010AAE301S,10,Pcs.,543.44,5434.4
2026-07-03,26-27/01485/Hero,Krishna M/c Store | AFM | Allahpur,22870KWA940S,50,Pcs.,76.27,3813.5
2026-07-03,26-27/01485/Hero,Krishna M/c Store | AFM | Allahpur,41241KTC900S,200,Pcs.,19.06,3812.0
2026-07-03,26-27/01485/Hero,Krishna M/c Store | AFM | Allahpur,17208AAT00099S,40,Pcs.,171.61,6864.4
2026-07-03,26-27/01485/Hero,Krishna M/c Store | AFM | Allahpur,28251GF6000S,20,Pcs.,247.88,4957.6
2026-07-03,26-27/01485/Hero,Krishna M/c Store | AFM | Allahpur,44830KST940S,50,Pcs.,64.19,3209.5
2026-07-03,26-27/01485/Hero,Krishna M/c Store | AFM | Allahpur,14100KCC910S,4,Pcs.,769.06,3076.24
2026-07-03,26-27/01485/Hero,Krishna M/c Store | AFM | Allahpur,22201AAHA01S,60,Pcs.,47.67,2860.2
2026-07-03,26-27/01485/Hero,Krishna M/c Store | AFM | Allahpur,3310BKCC710AS,5,Pcs.,355.94,1779.7
2026-07-03,26-27/01485/Hero,Krishna M/c Store | AFM | Allahpur,K22222AAGG501S,4,Pcs.,572.03,2288.12
2026-07-03,26-27/01485/Hero,Krishna M/c Store | AFM | Allahpur,83401KCC900SS,4,Pcs.,371.82,1487.28
2026-07-03,26-27/01485/Hero,Krishna M/c Store | AFM | Allahpur,14100KCC910S,1,Pcs.,769.06,769.06
2026-07-03,26-27/01485/Hero,Krishna M/c Store | AFM | Allahpur,22201AAHA01S,52,Pcs.,47.67,2478.84
2026-07-03,26-27/01485/Hero,Krishna M/c Store | AFM | Allahpur,35100ACK00099S,10,Pcs.,349.57,3495.7
2026-07-03,26-27/01485/Hero,Krishna M/c Store | AFM | Allahpur,77220KY6000S,20,Pcs.,60.38,1207.6
2026-07-03,26-27/01485/Hero,Krishna M/c Store | AFM | Allahpur,83401KCC900SS,1,Pcs.,371.82,371.82
2026-07-03,26-27/01485/Hero,Krishna M/c Store | AFM | Allahpur,ACKZC3H000000S,50,Pcs.,41.31,2065.5
2026-07-03,26-27/01485/Hero,Krishna M/c Store | AFM | Allahpur,17208AAT00099S,10,Pcs.,171.61,1716.1
2026-07-03,26-27/01485/Hero,Krishna M/c Store | AFM | Allahpur,18355KWA830S,5,Pcs.,139.83,699.15
2026-07-03,26-27/01485/Hero,Krishna M/c Store | AFM | Allahpur,22201AAHA01S,88,Pcs.,47.67,4194.96
2026-07-03,26-27/01485/Hero,Krishna M/c Store | AFM | Allahpur,14401AAG00099S,5,Pcs.,197.03,985.15
2026-07-03,26-27/01485/Hero,Krishna M/c Store | AFM | Allahpur,14430AAT000S,2,Pcs.,174.79,349.58
2026-07-03,26-27/01485/Hero,Krishna M/c Store | AFM | Allahpur,14430AAT000S,4,Pcs.,197.03,788.12
2026-07-03,26-27/01485/Hero,Krishna M/c Store | AFM | Allahpur,14566086030S,110,Pcs.,6.35,698.5
2026-07-03,26-27/01485/Hero,Krishna M/c Store | AFM | Allahpur,14610AAT000S,10,Pcs.,79.45,794.5
2026-07-03,26-27/01485/Hero,Krishna M/c Store | AFM | Allahpur,17208AABA00S,16,Pcs.,120.77,1932.32
2026-07-03,26-27/01485/Hero,Krishna M/c Store | AFM | Allahpur,23461GK4760S,4,Pcs.,286.02,1144.08
2026-07-03,26-27/01485/Hero,Krishna M/c Store | AFM | Allahpur,24701KCC900S,9,Pcs.,139.83,1258.47
2026-07-03,26-27/01485/Hero,Krishna M/c Store | AFM | Allahpur,35753035010S,75,Pcs.,8.65,648.75
2026-07-03,26-27/01485/Hero,Krishna M/c Store | AFM | Allahpur,51104KCC900S,5,Pcs.,108.05,540.25
2026-07-03,26-27/01485/Hero,Krishna M/c Store | AFM | Allahpur,53140KCC900S,6,Pcs.,40.68,244.08
2026-07-03,26-27/01485/Hero,Krishna M/c Store | AFM | Allahpur,53140KCC900S,4,Pcs.,50.85,203.4
2026-07-03,26-27/01485/Hero,Krishna M/c Store | AFM | Allahpur,53166KY0750S,10,Pcs.,40.04,400.4
2026-07-03,26-27/01485/Hero,Krishna M/c Store | AFM | Allahpur,K22222KZAAW00VS,5,Pcs.,444.91,2224.55
2026-07-03,26-27/01485/Hero,Krishna M/c Store | AFM | Allahpur,K55912KTCE900S,20,Pcs.,34.96,699.2
2026-07-03,26-27/01485/Hero,Krishna M/c Store | AFM | Allahpur,K90907HF100DS,20,Pcs.,25.43,508.6
2026-07-03,26-27/01485/Hero,Krishna M/c Store | AFM | Allahpur,14311035000S,10,Pcs.,38.14,381.4
2026-07-03,26-27/01485/Hero,Krishna M/c Store | AFM | Allahpur,14401AAG00099S,15,Pcs.,197.03,2955.45
2026-07-03,26-27/01485/Hero,Krishna M/c Store | AFM | Allahpur,14566086030S,90,Pcs.,6.35,571.5
2026-07-03,26-27/01485/Hero,Krishna M/c Store | AFM | Allahpur,17208AABA00S,4,Pcs.,120.77,483.08
2026-07-03,26-27/01485/Hero,Krishna M/c Store | AFM | Allahpur,23461GK4760S,1,Pcs.,286.02,286.02
2026-07-03,26-27/01485/Hero,Krishna M/c Store | AFM | Allahpur,24701KCC900S,1,Pcs.,139.83,139.83
2026-07-03,26-27/01485/Hero,Krishna M/c Store | AFM | Allahpur,35753035010S,25,Pcs.,8.65,216.25
2026-07-03,26-27/01485/Hero,Krishna M/c Store | AFM | Allahpur,53173KTRA20S,5,Pcs.,55.3,276.5
2026-07-03,26-27/01485/Hero,Krishna M/c Store | AFM | Allahpur,K90907HF100DS,10,Pcs.,25.43,254.3
2026-07-03,26-27/01485/Hero,Krishna M/c Store | AFM | Allahpur,80100KST940S,2,Pcs.,400.43,800.86
2026-07-03,26-27/01485/Hero,Krishna M/c Store | AFM | Allahpur,99620AAN701S,20,Pcs.,21.19,423.8
2026-07-03,26-27/01485/Hero,Krishna M/c Store | AFM | Allahpur,20K450S,5,Pcs.,572.03,2860.15
2026-07-04,26-27/01486/Hero,Raj Cycle Works | AFM | C B Ganj,53178AAFH00PROS,100,Pcs.,47.78,4778.0
2026-07-04,26-27/01487/Hero,Raj Cycle Works | AFM | C B Ganj,33400KCC710PROS,25,Pcs.,84.74,2118.5
2026-07-04,26-27/01488/Hero,Surendr Cycle | AFM | C B Ganj,35100AAE102S,1,Pcs.,344.58,344.58
2026-07-04,26-27/01488/Hero,Surendr Cycle | AFM | C B Ganj,35100AAEH00S,2,Pcs.,363.89,727.78
2026-07-04,26-27/01488/Hero,Surendr Cycle | AFM | C B Ganj,35160AAE31099S,2,Pcs.,144.92,289.84
2026-07-04,26-27/01488/Hero,Surendr Cycle | AFM | C B Ganj,37750AAF401S,1,Pcs.,138.47,138.47
2026-07-04,26-27/01488/Hero,Surendr Cycle | AFM | C B Ganj,61311KCC840S,5,Pcs.,112.72,563.6
2026-07-04,26-27/01488/Hero,Surendr Cycle | AFM | C B Ganj,61313KCC900S,5,Pcs.,32.2,161.0
2026-07-04,26-27/01488/Hero,Surendr Cycle | AFM | C B Ganj,61314KCC900S,4,Pcs.,35.42,141.68
2026-07-04,26-27/01488/Hero,Surendr Cycle | AFM | C B Ganj,K22221AAN125S,2,Pcs.,950.0,1900.0
2026-07-04,26-27/01488/Hero,Surendr Cycle | AFM | C B Ganj,K22222HF100DS,5,Pcs.,627.96,3139.8
2026-07-04,26-27/01488/Hero,Surendr Cycle | AFM | C B Ganj,K22222KTRK000S,2,Pcs.,901.69,1803.38
2026-07-04,26-27/01488/Hero,Surendr Cycle | AFM | C B Ganj,12209GB4685S,10,Pcs.,28.99,289.9
2026-07-04,26-27/01488/Hero,Surendr Cycle | AFM | C B Ganj,13011KTC305S,1,Pcs.,177.12,177.12
2026-07-04,26-27/01488/Hero,Surendr Cycle | AFM | C B Ganj,14401AAD00099S,20,Pcs.,88.24,1764.8
2026-07-04,26-27/01488/Hero,Surendr Cycle | AFM | C B Ganj,14401AAF40099S,4,Pcs.,103.05,412.2
2026-07-04,26-27/01488/Hero,Surendr Cycle | AFM | C B Ganj,14502086000RS,24,Pcs.,51.53,1236.72
2026-07-04,26-27/01488/Hero,Surendr Cycle | AFM | C B Ganj,14510AANB00S,3,Pcs.,45.08,135.24
2026-07-04,26-27/01488/Hero,Surendr Cycle | AFM | C B Ganj,14610086000RS,10,Pcs.,61.19,611.9
2026-07-04,26-27/01488/Hero,Surendr Cycle | AFM | C B Ganj,17208AAT00099S,3,Pcs.,173.89,521.67
2026-07-04,26-27/01488/Hero,Surendr Cycle | AFM | C B Ganj,22121AAHF01S,1,Pcs.,202.88,202.88
2026-07-04,26-27/01488/Hero,Surendr Cycle | AFM | C B Ganj,22321AAG501S,24,Pcs.,38.65,927.6
2026-07-04,26-27/01488/Hero,Surendr Cycle | AFM | C B Ganj,22350115020S,3,Pcs.,122.38,367.14
2026-07-04,26-27/01488/Hero,Surendr Cycle | AFM | C B Ganj,22350115020S,2,Pcs.,115.93,231.86
2026-07-04,26-27/01488/Hero,Surendr Cycle | AFM | C B Ganj,22350AAF400S,2,Pcs.,112.72,225.44
2026-07-04,26-27/01488/Hero,Surendr Cycle | AFM | C B Ganj,22K130LS,5,Pcs.,305.93,1529.65
2026-07-04,26-27/01488/Hero,Surendr Cycle | AFM | C B Ganj,23451GK4761S,3,Pcs.,351.01,1053.03
2026-07-04,26-27/01488/Hero,Surendr Cycle | AFM | C B Ganj,24211GF6000RS,10,Pcs.,190.0,1900.0
2026-07-04,26-27/01488/Hero,Surendr Cycle | AFM | C B Ganj,25K170S,1,Pcs.,305.93,305.93
2026-07-04,26-27/01488/Hero,Surendr Cycle | AFM | C B Ganj,28261198000S,20,Pcs.,28.99,579.8
2026-07-04,26-27/01488/Hero,Surendr Cycle | AFM | C B Ganj,31201KWA942S,3,Pcs.,177.12,531.36
2026-07-04,26-27/01488/Hero,Surendr Cycle | AFM | C B Ganj,33K111S,2,Pcs.,431.53,863.06
2026-07-04,26-27/01488/Hero,Surendr Cycle | AFM | C B Ganj,35010AAC701S,1,Pcs.,666.61,666.61
2026-07-04,26-27/01488/Hero,Surendr Cycle | AFM | C B Ganj,35010AAC801S,1,Pcs.,743.89,743.89
2026-07-04,26-27/01488/Hero,Surendr Cycle | AFM | C B Ganj,35100AAE102S,1,Pcs.,293.05,293.05
2026-07-04,26-27/01488/Hero,Surendr Cycle | AFM | C B Ganj,35100AAE102S,1,Pcs.,318.81,318.81
2026-07-04,26-27/01488/Hero,Surendr Cycle | AFM | C B Ganj,35100AAE301S,2,Pcs.,370.34,740.68
2026-07-04,26-27/01488/Hero,Surendr Cycle | AFM | C B Ganj,35100AAEH00S,1,Pcs.,363.89,363.89
2026-07-04,26-27/01488/Hero,Surendr Cycle | AFM | C B Ganj,35160AAE31099S,4,Pcs.,144.92,579.68
2026-07-04,26-27/01488/Hero,Surendr Cycle | AFM | C B Ganj,35330413003S,20,Pcs.,19.96,399.2
2026-07-04,26-27/01488/Hero,Surendr Cycle | AFM | C B Ganj,37230KWHH01S,34,Pcs.,54.74,1861.16
2026-07-04,26-27/01488/Hero,Surendr Cycle | AFM | C B Ganj,12209GB4685S,30,Pcs.,28.99,869.7
2026-07-04,26-27/01488/Hero,Surendr Cycle | AFM | C B Ganj,13011KTC305S,1,Pcs.,177.12,177.12
2026-07-04,26-27/01488/Hero,Surendr Cycle | AFM | C B Ganj,13014198771S,2,Pcs.,170.68,341.36
2026-07-04,26-27/01488/Hero,Surendr Cycle | AFM | C B Ganj,14401AAD00099S,40,Pcs.,88.24,3529.6
2026-07-04,26-27/01488/Hero,Surendr Cycle | AFM | C B Ganj,14401AAF40099S,1,Pcs.,103.05,103.05
2026-07-04,26-27/01488/Hero,Surendr Cycle | AFM | C B Ganj,14401AAG00099S,5,Pcs.,190.0,950.0
2026-07-04,26-27/01488/Hero,Surendr Cycle | AFM | C B Ganj,14502086000RS,1,Pcs.,51.53,51.53
2026-07-04,26-27/01488/Hero,Surendr Cycle | AFM | C B Ganj,14670035030LS,5,Pcs.,64.41,322.05
2026-07-04,26-27/01488/Hero,Surendr Cycle | AFM | C B Ganj,14670035030LS,11,Pcs.,59.26,651.86
2026-07-04,26-27/01488/Hero,Surendr Cycle | AFM | C B Ganj,14670035030LS,1,Pcs.,67.62,67.62
2026-07-04,26-27/01488/Hero,Surendr Cycle | AFM | C B Ganj,17208AAT00099S,2,Pcs.,173.89,347.78
2026-07-04,26-27/01488/Hero,Surendr Cycle | AFM | C B Ganj,22121AAHF01S,1,Pcs.,202.88,202.88
2026-07-04,26-27/01488/Hero,Surendr Cycle | AFM | C B Ganj,22321AAG501S,16,Pcs.,38.65,618.4
2026-07-04,26-27/01488/Hero,Surendr Cycle | AFM | C B Ganj,23431GN5910S,4,Pcs.,463.73,1854.92
2026-07-04,26-27/01488/Hero,Surendr Cycle | AFM | C B Ganj,23451GK4761S,1,Pcs.,351.01,351.01
2026-07-04,26-27/01488/Hero,Surendr Cycle | AFM | C B Ganj,25K170S,1,Pcs.,305.93,305.93
2026-07-04,26-27/01488/Hero,Surendr Cycle | AFM | C B Ganj,28110ACK010S,2,Pcs.,341.35,682.7
2026-07-04,26-27/01488/Hero,Surendr Cycle | AFM | C B Ganj,31201AAT012S,5,Pcs.,35.42,177.1
2026-07-04,26-27/01488/Hero,Surendr Cycle | AFM | C B Ganj,33K112S,2,Pcs.,441.19,882.38
2026-07-04,26-27/01488/Hero,Surendr Cycle | AFM | C B Ganj,33K151S,1,Pcs.,450.85,450.85
2026-07-04,26-27/01488/Hero,Surendr Cycle | AFM | C B Ganj,33K152S,1,Pcs.,457.28,457.28
2026-07-04,26-27/01488/Hero,Surendr Cycle | AFM | C B Ganj,33K153S,1,Pcs.,441.19,441.19
2026-07-04,26-27/01488/Hero,Surendr Cycle | AFM | C B Ganj,35100AAE102S,1,Pcs.,293.05,293.05
2026-07-04,26-27/01488/Hero,Surendr Cycle | AFM | C B Ganj,35100AAE301S,2,Pcs.,370.34,740.68
2026-07-04,26-27/01488/Hero,Surendr Cycle | AFM | C B Ganj,35100AAEH00S,1,Pcs.,363.89,363.89
2026-07-04,26-27/01488/Hero,Surendr Cycle | AFM | C B Ganj,35160AAE31099S,4,Pcs.,144.92,579.68
2026-07-04,26-27/01488/Hero,Surendr Cycle | AFM | C B Ganj,37230KWHH01S,16,Pcs.,54.74,875.84
2026-07-04,26-27/01488/Hero,Surendr Cycle | AFM | C B Ganj,37750AAF401S,4,Pcs.,138.47,553.88
2026-07-04,26-27/01488/Hero,Surendr Cycle | AFM | C B Ganj,46544AAEB00S,1,Pcs.,644.07,644.07
2026-07-04,26-27/01488/Hero,Surendr Cycle | AFM | C B Ganj,61314KCC900S,1,Pcs.,35.42,35.42
2026-07-04,26-27/01488/Hero,Surendr Cycle | AFM | C B Ganj,K40405KSTG950S,2,Pcs.,326.54,653.08
2026-07-04,26-27/01489/Hero,Raj Cycle Works | AFM | C B Ganj,14670035030LS,30,Pcs.,69.67,2090.1
2026-07-04,26-27/01489/Hero,Raj Cycle Works | AFM | C B Ganj,35100AAEH00S,5,Pcs.,338.34,1691.7
2026-07-04,26-27/01489/Hero,Raj Cycle Works | AFM | C B Ganj,35330413003S,50,Pcs.,20.57,1028.5
2026-07-04,26-27/01489/Hero,Raj Cycle Works | AFM | C B Ganj,K22222HF100DS,3,Pcs.,646.97,1940.91
2026-07-04,26-27/01490/Hero,Raj Cycle Works | AFM | C B Ganj,22201AAHA01S,16,Pcs.,44.9,718.4
2026-07-04,26-27/01490/Hero,Raj Cycle Works | AFM | C B Ganj,22321AAG501S,4,Pcs.,39.82,159.28
2026-07-04,26-27/01490/Hero,Raj Cycle Works | AFM | C B Ganj,3370BAAHA010099S,1,Pcs.,246.84,246.84
2026-07-04,26-27/01490/Hero,Raj Cycle Works | AFM | C B Ganj,3370BAAHA010099S,1,Pcs.,275.37,275.37
2026-07-04,26-27/01490/Hero,Raj Cycle Works | AFM | C B Ganj,35010AAW011S,1,Pcs.,564.03,564.03
2026-07-04,26-27/01490/Hero,Raj Cycle Works | AFM | C B Ganj,41241ABZ000S,8,Pcs.,29.86,238.88
2026-07-04,26-27/01490/Hero,Raj Cycle Works | AFM | C B Ganj,42301KTR700S,2,Pcs.,63.04,126.08
2026-07-04,26-27/01490/Hero,Raj Cycle Works | AFM | C B Ganj,44830KST940S,5,Pcs.,82.94,414.7
2026-07-04,26-27/01490/Hero,Raj Cycle Works | AFM | C B Ganj,50803KCC900S,3,Pcs.,424.68,1274.04
2026-07-04,26-27/01490/Hero,Raj Cycle Works | AFM | C B Ganj,51420KWA941S,1,Pcs.,547.43,547.43
2026-07-04,26-27/01490/Hero,Raj Cycle Works | AFM | C B Ganj,51520KWA941S,1,Pcs.,500.99,500.99
2026-07-04,26-27/01490/Hero,Raj Cycle Works | AFM | C B Ganj,K10122KSTG940DS,2,Pcs.,384.87,769.74
2026-07-04,26-27/01490/Hero,Raj Cycle Works | AFM | C B Ganj,K13132KTCE900S,1,Pcs.,458.52,458.52
2026-07-04,26-27/01490/Hero,Raj Cycle Works | AFM | C B Ganj,K22222AAGG501S,5,Pcs.,643.65,3218.25
2026-07-04,26-27/01490/Hero,Raj Cycle Works | AFM | C B Ganj,K22222HF100DS,5,Pcs.,610.47,3052.35
2026-07-04,26-27/01490/Hero,Raj Cycle Works | AFM | C B Ganj,14100AANB00S,1,Pcs.,643.65,643.65
2026-07-04,26-27/01490/Hero,Raj Cycle Works | AFM | C B Ganj,16450AAL901S,2,Pcs.,832.77,1665.54
2026-07-04,26-27/01490/Hero,Raj Cycle Works | AFM | C B Ganj,22201AAHA01S,64,Pcs.,44.9,2873.6
2026-07-04,26-27/01490/Hero,Raj Cycle Works | AFM | C B Ganj,22321AAG501S,16,Pcs.,39.82,637.12
2026-07-04,26-27/01490/Hero,Raj Cycle Works | AFM | C B Ganj,41241ABZ000S,12,Pcs.,29.86,358.32
2026-07-04,26-27/01490/Hero,Raj Cycle Works | AFM | C B Ganj,42301KTR700S,3,Pcs.,63.04,189.12
2026-07-04,26-27/01490/Hero,Raj Cycle Works | AFM | C B Ganj,44830KST940S,5,Pcs.,82.94,414.7
2026-07-04,26-27/01491/Hero,Guru Kripa Auto | AFM | Koharapeer,14550GB0910RS,10,Pcs.,72.99,729.9
2026-07-04,26-27/01491/Hero,Guru Kripa Auto | AFM | Koharapeer,22K130LS,1,Pcs.,298.61,298.61
2026-07-04,26-27/01491/Hero,Guru Kripa Auto | AFM | Koharapeer,22K130LS,4,Pcs.,308.35,1233.4
2026-07-04,26-27/01491/Hero,Guru Kripa Auto | AFM | Koharapeer,24430KST900S,10,Pcs.,54.53,545.3
2026-07-04,26-27/01491/Hero,Guru Kripa Auto | AFM | Koharapeer,35010AAC801S,2,Pcs.,766.41,1532.82
2026-07-04,26-27/01491/Hero,Guru Kripa Auto | AFM | Koharapeer,35130AAD00099S,5,Pcs.,39.82,199.1
2026-07-04,26-27/01491/Hero,Guru Kripa Auto | AFM | Koharapeer,35130ABH502S,5,Pcs.,56.4,282.0
2026-07-04,26-27/01491/Hero,Guru Kripa Auto | AFM | Koharapeer,35150KWA841S,10,Pcs.,89.58,895.8
2026-07-04,26-27/01491/Hero,Guru Kripa Auto | AFM | Koharapeer,43100153600HS,3,Pcs.,398.13,1194.39
2026-07-04,26-27/01491/Hero,Guru Kripa Auto | AFM | Koharapeer,43100153600ZS,1,Pcs.,328.46,328.46
2026-07-04,26-27/01491/Hero,Guru Kripa Auto | AFM | Koharapeer,43100153600ZS,2,Pcs.,305.24,610.48
2026-07-04,26-27/01491/Hero,Guru Kripa Auto | AFM | Koharapeer,88110AAEH31S,5,Pcs.,116.13,580.65
2026-07-04,26-27/01491/Hero,Guru Kripa Auto | AFM | Koharapeer,88110AAHH00S,5,Pcs.,92.89,464.45
2026-07-04,26-27/01491/Hero,Guru Kripa Auto | AFM | Koharapeer,88120AAEH31S,5,Pcs.,116.13,580.65
2026-07-04,26-27/01491/Hero,Guru Kripa Auto | AFM | Koharapeer,88120AAHH00S,5,Pcs.,106.17,530.85
2026-07-04,26-27/01491/Hero,Guru Kripa Auto | AFM | Koharapeer,ACKZC3H000000S,20,Pcs.,39.82,796.4
2026-07-04,26-27/01492/Hero,Guru Kripa Auto | AFM | Koharapeer,53205AAWA00TS,1,Pcs.,477.1,477.1
2026-07-04,26-27/01492/Hero,Guru Kripa Auto | AFM | Koharapeer,53205AAWA00TS,1,Pcs.,477.1,477.1
2026-07-04,26-27/01492/Hero,Guru Kripa Auto | AFM | Koharapeer,53205AAWA00TS,1,Pcs.,477.1,477.1
2026-07-04,26-27/01492/Hero,Guru Kripa Auto | AFM | Koharapeer,3370BABS001S,1,Pcs.,773.05,773.05
2026-07-04,26-27/01492/Hero,Guru Kripa Auto | AFM | Koharapeer,3370AKZN901S,1,Pcs.,802.9,802.9
2026-07-04,26-27/01492/Hero,Guru Kripa Auto | AFM | Koharapeer,3370BABS001S,1,Pcs.,773.05,773.05
2026-07-04,26-27/01492/Hero,Guru Kripa Auto | AFM | Koharapeer,18355KSTA10S,2,Pcs.,355.0,710.0
2026-07-04,26-27/01492/Hero,Guru Kripa Auto | AFM | Koharapeer,64305ABS300YS,1,Pcs.,1031.84,1031.84
2026-07-04,26-27/01492/Hero,Guru Kripa Auto | AFM | Koharapeer,63421KVH950ZAS,1,Pcs.,274.72,274.72
2026-07-04,26-27/01492/Hero,Guru Kripa Auto | AFM | Koharapeer,63421KVH950ZAS,1,Pcs.,274.72,274.72
2026-07-04,26-27/01492/Hero,Guru Kripa Auto | AFM | Koharapeer,63421KVH950ZAS,1,Pcs.,318.51,318.51
2026-07-04,26-27/01492/Hero,Guru Kripa Auto | AFM | Koharapeer,64309ABS300YS,1,Pcs.,945.57,945.57
2026-07-04,26-27/01492/Hero,Guru Kripa Auto | AFM | Koharapeer,18355KWH970S,1,Pcs.,278.69,278.69
2026-07-04,26-27/01492/Hero,Guru Kripa Auto | AFM | Koharapeer,18355KWH970S,2,Pcs.,285.33,570.66
2026-07-04,26-27/01492/Hero,Guru Kripa Auto | AFM | Koharapeer,22870KCC900S,9,Pcs.,76.31,686.79
2026-07-04,26-27/01492/Hero,Guru Kripa Auto | AFM | Koharapeer,3340BAAW00099S,2,Pcs.,195.75,391.5
2026-07-04,26-27/01492/Hero,Guru Kripa Auto | AFM | Koharapeer,35010AAFH01S,1,Pcs.,620.43,620.43
2026-07-04,26-27/01492/Hero,Guru Kripa Auto | AFM | Koharapeer,35100AAE301S,2,Pcs.,378.16,756.32
2026-07-04,26-27/01492/Hero,Guru Kripa Auto | AFM | Koharapeer,42611KST940S,2,Pcs.,232.25,464.5
2026-07-04,26-27/01492/Hero,Guru Kripa Auto | AFM | Koharapeer,43100153600HS,3,Pcs.,398.13,1194.39
2026-07-04,26-27/01492/Hero,Guru Kripa Auto | AFM | Koharapeer,43100153600ZS,2,Pcs.,305.24,610.48
2026-07-04,26-27/01492/Hero,Guru Kripa Auto | AFM | Koharapeer,50803KCC900S,3,Pcs.,424.68,1274.04
2026-07-04,26-27/01492/Hero,Guru Kripa Auto | AFM | Koharapeer,77240AAY301S,5,Pcs.,99.54,497.7
2026-07-04,26-27/01492/Hero,Guru Kripa Auto | AFM | Koharapeer,77243AAW30099S,5,Pcs.,86.26,431.3
2026-07-04,26-27/01492/Hero,Guru Kripa Auto | AFM | Koharapeer,83402AACK00S,2,Pcs.,235.57,471.14
2026-07-04,26-27/01492/Hero,Guru Kripa Auto | AFM | Koharapeer,K22222HF100DS,2,Pcs.,646.97,1293.94
2026-07-04,26-27/01492/Hero,Guru Kripa Auto | AFM | Koharapeer,12391AAW000S,10,Pcs.,175.85,1758.5
2026-07-04,26-27/01492/Hero,Guru Kripa Auto | AFM | Koharapeer,14100AAHH41S,2,Pcs.,567.35,1134.7
2026-07-04,26-27/01492/Hero,Guru Kripa Auto | AFM | Koharapeer,14502086000RS,15,Pcs.,51.33,769.95
2026-07-04,26-27/01492/Hero,Guru Kripa Auto | AFM | Koharapeer,14502086000RS,10,Pcs.,54.53,545.3
2026-07-04,26-27/01492/Hero,Guru Kripa Auto | AFM | Koharapeer,14502086000RS,5,Pcs.,57.74,288.7
2026-07-04,26-27/01492/Hero,Guru Kripa Auto | AFM | Koharapeer,14610086000RS,50,Pcs.,64.16,3208.0
2026-07-04,26-27/01492/Hero,Guru Kripa Auto | AFM | Koharapeer,14670035030LS,10,Pcs.,61.05,610.5
2026-07-04,26-27/01492/Hero,Guru Kripa Auto | AFM | Koharapeer,22870KCC900S,1,Pcs.,76.31,76.31
2026-07-04,26-27/01492/Hero,Guru Kripa Auto | AFM | Koharapeer,23121AAF400S,2,Pcs.,209.02,418.04
2026-07-04,26-27/01492/Hero,Guru Kripa Auto | AFM | Koharapeer,24211GF6000RS,10,Pcs.,189.25,1892.5
2026-07-04,26-27/01492/Hero,Guru Kripa Auto | AFM | Koharapeer,29K210S,20,Pcs.,38.49,769.8
2026-07-04,26-27/01492/Hero,Guru Kripa Auto | AFM | Koharapeer,35010AAFH01S,1,Pcs.,620.43,620.43
2026-07-04,26-27/01492/Hero,Guru Kripa Auto | AFM | Koharapeer,35100AAE102S,1,Pcs.,325.07,325.07
2026-07-04,26-27/01492/Hero,Guru Kripa Auto | AFM | Koharapeer,35100AAE102S,2,Pcs.,298.53,597.06
2026-07-04,26-27/01492/Hero,Guru Kripa Auto | AFM | Koharapeer,37113AACK01S,2,Pcs.,175.85,351.7
2026-07-04,26-27/01492/Hero,Guru Kripa Auto | AFM | Koharapeer,37750ACK001S,3,Pcs.,142.66,427.98
2026-07-04,26-27/01492/Hero,Guru Kripa Auto | AFM | Koharapeer,38501AAW30099S,20,Pcs.,106.17,2123.4
2026-07-04,26-27/01492/Hero,Guru Kripa Auto | AFM | Koharapeer,42611KST940S,1,Pcs.,232.25,232.25
2026-07-04,26-27/01492/Hero,Guru Kripa Auto | AFM | Koharapeer,K12121KZNA900S,2,Pcs.,1918.25,3836.5
2026-07-04,26-27/01492/Hero,Guru Kripa Auto | AFM | Koharapeer,K22222HF100DS,1,Pcs.,646.97,646.97
2026-07-04,26-27/01492/Hero,Guru Kripa Auto | AFM | Koharapeer,20K710S,1,Pcs.,444.0,444.0
2026-07-04,26-27/01492/Hero,Guru Kripa Auto | AFM | Koharapeer,20K820S,1,Pcs.,553.41,553.41
2026-07-04,26-27/01492/Hero,Guru Kripa Auto | AFM | Koharapeer,K41412ABZA000S,3,Pcs.,1184.45,3553.35
2026-07-04,26-27/01492/Hero,Guru Kripa Auto | AFM | Koharapeer,20K710S,4,Pcs.,444.0,1776.0
2026-07-04,26-27/01492/Hero,Guru Kripa Auto | AFM | Koharapeer,20K820S,2,Pcs.,553.41,1106.82
2026-07-04,26-27/01492/Hero,Guru Kripa Auto | AFM | Koharapeer,K22222HF100DS,2,Pcs.,646.97,1293.94
2026-07-04,26-27/01492/Hero,Guru Kripa Auto | AFM | Koharapeer,K41412AABMA00S,1,Pcs.,1144.64,1144.64
2026-07-04,26-27/01492/Hero,Guru Kripa Auto | AFM | Koharapeer,80100KST940S,1,Pcs.,418.04,418.04
2026-07-04,26-27/01493/Hero,Guru Kripa Auto | AFM | Koharapeer,83401KCC900SPROS,8,Pcs.,203.39,1627.12
2026-07-04,26-27/01493/Hero,Guru Kripa Auto | AFM | Koharapeer,83401KCC900SPROS,8,Pcs.,203.39,1627.12
2026-07-04,26-27/01494/Hero,Z R Auto Traders | AFM | Choupla,14100AAT000S,1,Pcs.,550.75,550.75
2026-07-04,26-27/01494/Hero,Z R Auto Traders | AFM | Choupla,14430AAT000S,2,Pcs.,182.48,364.96
2026-07-04,26-27/01494/Hero,Z R Auto Traders | AFM | Choupla,17683KWP900S,10,Pcs.,33.18,331.8
2026-07-04,26-27/01494/Hero,Z R Auto Traders | AFM | Choupla,17910KWA940S,10,Pcs.,54.35,543.5
2026-07-04,26-27/01494/Hero,Z R Auto Traders | AFM | Choupla,33K111S,2,Pcs.,424.68,849.36
2026-07-04,26-27/01494/Hero,Z R Auto Traders | AFM | Choupla,33K112S,2,Pcs.,454.54,909.08
2026-07-04,26-27/01494/Hero,Z R Auto Traders | AFM | Choupla,33K131S,2,Pcs.,471.52,943.04
2026-07-04,26-27/01494/Hero,Z R Auto Traders | AFM | Choupla,33K132S,2,Pcs.,467.81,935.62
2026-07-04,26-27/01494/Hero,Z R Auto Traders | AFM | Choupla,35100AAE102S,2,Pcs.,298.53,597.06
2026-07-04,26-27/01494/Hero,Z R Auto Traders | AFM | Choupla,45125AAHF0099S,10,Pcs.,96.15,961.5
2026-07-04,26-27/01494/Hero,Z R Auto Traders | AFM | Choupla,K22222HF100DS,2,Pcs.,610.47,1220.94
2026-07-04,26-27/01495/Hero,S K Enterprises | AFM | Shahjahnpur,20K710S,1000,Pcs.,415.25,415250.0
2026-07-04,26-27/01496/Hero,Sanjay Cycles | C B Ganj,20K710S,30,Pcs.,423.73,12711.9
2026-07-04,26-27/01497/Hero,Pooja Spares | Chainsets | Gola,20K710S,20,Pcs.,423.73,8474.6
2026-07-04,26-27/01498/Hero,Maa Durga GST | AFM | Harunagla,SPDMCYL02SS,20,Pcs.,217.8,4356.0
2026-07-04,26-27/01499/Hero,Adil Auto Parts | AFM | Sirauli,SPDMCYL02SS,20,Pcs.,217.8,4356.0
2026-07-04,26-27/01500/Hero,Sanjay Cycles | C B Ganj,20K710S,40,Pcs.,423.73,16949.2
2026-07-04,26-27/01501/Hero,Maa Durga GST | AFM | Harunagla,3345AKWH961S,3,Pcs.,178.99,536.97
2026-07-04,26-27/01501/Hero,Maa Durga GST | AFM | Harunagla,35010KSTH00S,1,Pcs.,611.26,611.26
2026-07-04,26-27/01501/Hero,Maa Durga GST | AFM | Harunagla,35100AACH01S,2,Pcs.,351.21,702.42
2026-07-04,26-27/01501/Hero,Maa Durga GST | AFM | Harunagla,35100AAHA01S,2,Pcs.,341.07,682.14
2026-07-04,26-27/01501/Hero,Maa Durga GST | AFM | Harunagla,35100ACK00099S,2,Pcs.,368.09,736.18
2026-07-04,26-27/01501/Hero,Maa Durga GST | AFM | Harunagla,45010KTC900S,1,Pcs.,426.2,426.2
2026-07-04,26-27/01501/Hero,Maa Durga GST | AFM | Harunagla,45010KTR700S,1,Pcs.,530.2,530.2
2026-07-04,26-27/01501/Hero,Maa Durga GST | AFM | Harunagla,83402KWA830S,2,Pcs.,108.06,216.12
2026-07-04,26-27/01501/Hero,Maa Durga GST | AFM | Harunagla,83700AAE110S,2,Pcs.,44.58,89.16
2026-07-04,26-27/01501/Hero,Maa Durga GST | AFM | Harunagla,18355KWH970S,2,Pcs.,290.44,580.88
2026-07-04,26-27/01501/Hero,Maa Durga GST | AFM | Harunagla,14430KST940S,4,Pcs.,182.36,729.44
2026-07-04,26-27/01501/Hero,Maa Durga GST | AFM | Harunagla,14566086030S,50,Pcs.,6.53,326.5
2026-07-04,26-27/01501/Hero,Maa Durga GST | AFM | Harunagla,14670035030LS,15,Pcs.,70.92,1063.8
2026-07-04,26-27/01501/Hero,Maa Durga GST | AFM | Harunagla,22K130LS,4,Pcs.,313.98,1255.92
2026-07-04,26-27/01501/Hero,Maa Durga GST | AFM | Harunagla,22K130LS,1,Pcs.,330.51,330.51
2026-07-04,26-27/01501/Hero,Maa Durga GST | AFM | Harunagla,28110AADH40S,2,Pcs.,357.97,715.94
2026-07-04,26-27/01501/Hero,Maa Durga GST | AFM | Harunagla,3340AKWH961S,3,Pcs.,141.84,425.52
2026-07-04,26-27/01501/Hero,Maa Durga GST | AFM | Harunagla,35010KSTH00S,1,Pcs.,695.69,695.69
2026-07-04,26-27/01501/Hero,Maa Durga GST | AFM | Harunagla,32100KSTA20S,1,Pcs.,1286.69,1286.69
2026-07-04,26-27/01501/Hero,Maa Durga GST | AFM | Harunagla,83402AAC220S,2,Pcs.,118.2,236.4
2026-07-04,26-27/01502/Hero,Veer Pal Auto Service | AFM | Bhuta,14401AAD00099S,5,Pcs.,99.15,495.75
2026-07-04,26-27/01502/Hero,Veer Pal Auto Service | AFM | Bhuta,24211GF6000RS,10,Pcs.,212.35,2123.5
2026-07-04,26-27/01502/Hero,Veer Pal Auto Service | AFM | Bhuta,35100AACH01S,5,Pcs.,351.21,1756.05
2026-07-04,26-27/01503/Hero,Khan Auto Parts | AFM | Shahi,44711HTF700S,2,Pcs.,1008.47,2016.94
2026-07-06,26-27/01504/Hero,Hasan And Jafar Auto | AFM | Sirauli,14610086000RS,5,Pcs.,62.07,310.35
2026-07-06,26-27/01504/Hero,Hasan And Jafar Auto | AFM | Sirauli,35100AAE301S,2,Pcs.,384.98,769.96
2026-07-06,26-27/01504/Hero,Hasan And Jafar Auto | AFM | Sirauli,35130ABH501S,3,Pcs.,50.66,151.98
2026-07-06,26-27/01504/Hero,Hasan And Jafar Auto | AFM | Sirauli,3514AABH50099S,2,Pcs.,175.61,351.22
2026-07-06,26-27/01504/Hero,Hasan And Jafar Auto | AFM | Sirauli,37210AAH101S,1,Pcs.,280.3,280.3
2026-07-06,26-27/01504/Hero,Hasan And Jafar Auto | AFM | Sirauli,37300AAE102S,1,Pcs.,155.35,155.35
2026-07-06,26-27/01504/Hero,Hasan And Jafar Auto | AFM | Sirauli,37800AAE30099S,2,Pcs.,280.3,560.6
2026-07-06,26-27/01504/Hero,Hasan And Jafar Auto | AFM | Sirauli,37800KWH962S,1,Pcs.,314.07,314.07
2026-07-06,26-27/01504/Hero,Hasan And Jafar Auto | AFM | Sirauli,80102KCC900S,15,Pcs.,37.15,557.25
2026-07-06,26-27/01504/Hero,Hasan And Jafar Auto | AFM | Sirauli,90461357000S,20,Pcs.,3.38,67.6
2026-07-06,26-27/01504/Hero,Hasan And Jafar Auto | AFM | Sirauli,80102KCC900S,5,Pcs.,37.15,185.75
2026-07-06,26-27/01504/Hero,Hasan And Jafar Auto | AFM | Sirauli,80100KST940S,1,Pcs.,425.52,425.52
2026-07-06,26-27/01504/Hero,Hasan And Jafar Auto | AFM | Sirauli,80100KWH970S,1,Pcs.,398.5,398.5
2026-07-06,26-27/01505/Hero,Hussain Spare Parts | AFM | Sheeshgarh,SPDMCYL02SS,60,Pcs.,216.1,12966.0
2026-07-06,26-27/01506/Hero,Hasim Auto Service | AFM | Dunka,12361035000S,4,Pcs.,20.26,81.04
2026-07-06,26-27/01506/Hero,Hasim Auto Service | AFM | Dunka,17208AAT00099S,2,Pcs.,182.36,364.72
2026-07-06,26-27/01506/Hero,Hasim Auto Service | AFM | Dunka,17213AACA0099S,2,Pcs.,118.2,236.4
2026-07-06,26-27/01506/Hero,Hasim Auto Service | AFM | Dunka,20K710S,2,Pcs.,466.57,933.14
2026-07-06,26-27/01506/Hero,Hasim Auto Service | AFM | Dunka,22201GF6000S,8,Pcs.,67.55,540.4
2026-07-06,26-27/01506/Hero,Hasim Auto Service | AFM | Dunka,35130ABH501S,5,Pcs.,50.66,253.3
2026-07-06,26-27/01506/Hero,Hasim Auto Service | AFM | Dunka,37230KWHH01S,5,Pcs.,57.41,287.05
2026-07-06,26-27/01506/Hero,Hasim Auto Service | AFM | Dunka,38110KCC900S,1,Pcs.,151.97,151.97
2026-07-06,26-27/01506/Hero,Hasim Auto Service | AFM | Dunka,43120365H70S,6,Pcs.,46.26,277.56
2026-07-06,26-27/01506/Hero,Hasim Auto Service | AFM | Dunka,45125KCCH00S,6,Pcs.,64.16,384.96
2026-07-06,26-27/01506/Hero,Hasim Auto Service | AFM | Dunka,45475AAHF00S,2,Pcs.,114.81,229.62
2026-07-06,26-27/01506/Hero,Hasim Auto Service | AFM | Dunka,53178AAFH00S,3,Pcs.,67.55,202.65
2026-07-06,26-27/01506/Hero,Hasim Auto Service | AFM | Dunka,K42423KCCZ600S,3,Pcs.,55.53,166.59
2026-07-06,26-27/01507/Hero,Adil Auto Parts | AFM | Sirauli,21K120LS,1,Pcs.,1452.38,1452.38
2026-07-06,26-27/01507/Hero,Adil Auto Parts | AFM | Sirauli,35010AAHA01S,2,Pcs.,621.53,1243.06
2026-07-06,26-27/01507/Hero,Adil Auto Parts | AFM | Sirauli,35100AAE301S,4,Pcs.,370.34,1481.36
2026-07-06,26-27/01507/Hero,Adil Auto Parts | AFM | Sirauli,35100AAHH50S,2,Pcs.,341.35,682.7
2026-07-06,26-27/01507/Hero,Adil Auto Parts | AFM | Sirauli,K41412AANNB00S,5,Pcs.,515.26,2576.3
2026-07-06,26-27/01507/Hero,Adil Auto Parts | AFM | Sirauli,14502086000RS,10,Pcs.,54.74,547.4
2026-07-06,26-27/01507/Hero,Adil Auto Parts | AFM | Sirauli,14610086000RS,10,Pcs.,61.19,611.9
2026-07-06,26-27/01507/Hero,Adil Auto Parts | AFM | Sirauli,23461GK4760S,3,Pcs.,289.83,869.49
2026-07-06,26-27/01507/Hero,Adil Auto Parts | AFM | Sirauli,35010ACK00099S,1,Pcs.,640.85,640.85
2026-07-06,26-27/01507/Hero,Adil Auto Parts | AFM | Sirauli,35100AAE301S,1,Pcs.,370.34,370.34
2026-07-06,26-27/01507/Hero,Adil Auto Parts | AFM | Sirauli,35100AAHH50S,1,Pcs.,341.35,341.35
2026-07-06,26-27/01508/Hero,Delhi Automobile | AFM | Sirauli,12209GB4685S,20,Pcs.,30.4,608.0
2026-07-06,26-27/01508/Hero,Delhi Automobile | AFM | Sirauli,14670035030LS,5,Pcs.,67.55,337.75
2026-07-06,26-27/01508/Hero,Delhi Automobile | AFM | Sirauli,15430KSP910S,2,Pcs.,87.81,175.62
2026-07-06,26-27/01508/Hero,Delhi Automobile | AFM | Sirauli,16701AAE300S,1,Pcs.,114.82,114.82
2026-07-06,26-27/01508/Hero,Delhi Automobile | AFM | Sirauli,16701AAE300S,2,Pcs.,131.7,263.4
2026-07-06,26-27/01508/Hero,Delhi Automobile | AFM | Sirauli,17253KTC900S,5,Pcs.,87.81,439.05
2026-07-06,26-27/01508/Hero,Delhi Automobile | AFM | Sirauli,17620KWA930HS,2,Pcs.,226.27,452.54
2026-07-06,26-27/01508/Hero,Delhi Automobile | AFM | Sirauli,17620KWA930HS,1,Pcs.,229.65,229.65
2026-07-06,26-27/01508/Hero,Delhi Automobile | AFM | Sirauli,22121AANB00S,3,Pcs.,249.91,749.73
2026-07-06,26-27/01508/Hero,Delhi Automobile | AFM | Sirauli,22350AAF400S,3,Pcs.,124.95,374.85
2026-07-06,26-27/01508/Hero,Delhi Automobile | AFM | Sirauli,22870AANB00S,3,Pcs.,77.67,233.01
2026-07-06,26-27/01508/Hero,Delhi Automobile | AFM | Sirauli,31201KPTA01S,5,Pcs.,64.17,320.85
2026-07-06,26-27/01508/Hero,Delhi Automobile | AFM | Sirauli,37300AAE102S,2,Pcs.,155.35,310.7
2026-07-06,26-27/01508/Hero,Delhi Automobile | AFM | Sirauli,37800ACK00099S,2,Pcs.,243.15,486.3
2026-07-06,26-27/01508/Hero,Delhi Automobile | AFM | Sirauli,45450ACK000S,3,Pcs.,256.65,769.95
2026-07-06,26-27/01508/Hero,Delhi Automobile | AFM | Sirauli,45475AAHF00S,3,Pcs.,114.81,344.43
2026-07-06,26-27/01508/Hero,Delhi Automobile | AFM | Sirauli,K40405AACNB00S,2,Pcs.,557.22,1114.44
2026-07-06,26-27/01508/Hero,Delhi Automobile | AFM | Sirauli,18355KWH760S,2,Pcs.,222.89,445.78
2026-07-06,26-27/01509/Hero,Prashant Automobiles | AFM | Lalpur,957010611000S,10,Pcs.,9.95,99.5
2026-07-06,26-27/01510/Hero,Maa Durga GST | AFM | Harunagla,37210AAE30099S,1,Pcs.,341.09,341.09
2026-07-06,26-27/01510/Hero,Maa Durga GST | AFM | Harunagla,37800AAE30099S,3,Pcs.,280.3,840.9
2026-07-06,26-27/01510/Hero,Maa Durga GST | AFM | Harunagla,K41412ACLA000S,2,Pcs.,959.1,1918.2
2026-07-06,26-27/01511/Hero,Khan Auto Parts | AFM | Shahi,14401AAD00099S,10,Pcs.,91.17,911.7
2026-07-06,26-27/01511/Hero,Khan Auto Parts | AFM | Shahi,14401AAD00099S,10,Pcs.,97.69,976.9
2026-07-06,26-27/01511/Hero,Khan Auto Parts | AFM | Shahi,14610086000RS,10,Pcs.,61.87,618.7
2026-07-06,26-27/01511/Hero,Khan Auto Parts | AFM | Shahi,22121198900S,3,Pcs.,188.87,566.61
2026-07-06,26-27/01511/Hero,Khan Auto Parts | AFM | Shahi,22201GF6000S,4,Pcs.,61.87,247.48
2026-07-06,26-27/01511/Hero,Khan Auto Parts | AFM | Shahi,22201GF6000S,16,Pcs.,65.13,1042.08
2026-07-06,26-27/01511/Hero,Khan Auto Parts | AFM | Shahi,22350115020S,3,Pcs.,123.74,371.22
2026-07-06,26-27/01511/Hero,Khan Auto Parts | AFM | Shahi,22350AAF400S,5,Pcs.,120.49,602.45
2026-07-06,26-27/01511/Hero,Khan Auto Parts | AFM | Shahi,22K130LS,5,Pcs.,325.64,1628.2
2026-07-06,26-27/01511/Hero,Khan Auto Parts | AFM | Shahi,23121KST901S,20,Pcs.,192.12,3842.4
2026-07-06,26-27/01511/Hero,Khan Auto Parts | AFM | Shahi,23441GB4770S,1,Pcs.,384.25,384.25
2026-07-06,26-27/01511/Hero,Khan Auto Parts | AFM | Shahi,28110ACK010S,2,Pcs.,345.17,690.34
2026-07-06,26-27/01511/Hero,Khan Auto Parts | AFM | Shahi,35130ABH501S,20,Pcs.,48.85,977.0
2026-07-06,26-27/01511/Hero,Khan Auto Parts | AFM | Shahi,35753035010S,15,Pcs.,8.86,132.9
2026-07-06,26-27/01511/Hero,Khan Auto Parts | AFM | Shahi,35753035010S,5,Pcs.,9.77,48.85
2026-07-06,26-27/01511/Hero,Khan Auto Parts | AFM | Shahi,37100AAE31099S,1,Pcs.,817.35,817.35
2026-07-06,26-27/01511/Hero,Khan Auto Parts | AFM | Shahi,37200AAG101S,1,Pcs.,377.74,377.74
2026-07-06,26-27/01511/Hero,Khan Auto Parts | AFM | Shahi,38770AAE311S,1,Pcs.,2917.69,2917.69
2026-07-06,26-27/01511/Hero,Khan Auto Parts | AFM | Shahi,38770AAEC11S,1,Pcs.,3321.48,3321.48
2026-07-06,26-27/01511/Hero,Khan Auto Parts | AFM | Shahi,40531205010S,100,Pcs.,9.77,977.0
2026-07-06,26-27/01511/Hero,Khan Auto Parts | AFM | Shahi,51401KST941S,10,Pcs.,55.35,553.5
2026-07-06,26-27/01511/Hero,Khan Auto Parts | AFM | Shahi,83401KCC900SS,1,Pcs.,380.99,380.99
2026-07-06,26-27/01511/Hero,Khan Auto Parts | AFM | Shahi,83401KCC900SS,1,Pcs.,442.86,442.86
2026-07-06,26-27/01511/Hero,Khan Auto Parts | AFM | Shahi,91303719000S,60,Pcs.,6.51,390.6
2026-07-06,26-27/01511/Hero,Khan Auto Parts | AFM | Shahi,K22222HF100DS,1,Pcs.,634.99,634.99
2026-07-06,26-27/01511/Hero,Khan Auto Parts | AFM | Shahi,K83834AAEAH00SS,5,Pcs.,113.98,569.9
2026-07-06,26-27/01511/Hero,Khan Auto Parts | AFM | Shahi,16100KWA935S,1,Pcs.,1497.92,1497.92
2026-07-06,26-27/01511/Hero,Khan Auto Parts | AFM | Shahi,21K120LS,2,Pcs.,1468.62,2937.24
2026-07-06,26-27/01511/Hero,Khan Auto Parts | AFM | Shahi,K12121KZAAW00S,1,Pcs.,1344.88,1344.88
2026-07-06,26-27/01512/Hero,Aban Auto Parts | AFM | Kargaina,14610086000RS,10,Pcs.,62.07,620.7
2026-07-06,26-27/01512/Hero,Aban Auto Parts | AFM | Kargaina,14670035030LS,5,Pcs.,67.55,337.75
2026-07-06,26-27/01512/Hero,Aban Auto Parts | AFM | Kargaina,17208AABA00S,5,Pcs.,128.33,641.65
2026-07-06,26-27/01512/Hero,Aban Auto Parts | AFM | Kargaina,22201AAHA01S,20,Pcs.,49.0,980.0
2026-07-06,26-27/01512/Hero,Aban Auto Parts | AFM | Kargaina,30700ACK00099S,10,Pcs.,74.3,743.0
2026-07-06,26-27/01512/Hero,Aban Auto Parts | AFM | Kargaina,45125KCCH00S,10,Pcs.,64.16,641.6
2026-07-06,26-27/01512/Hero,Aban Auto Parts | AFM | Kargaina,53105KRC900S,20,Pcs.,5.4,108.0
2026-07-06,26-27/01512/Hero,Aban Auto Parts | AFM | Kargaina,53178AAFH00S,10,Pcs.,67.55,675.5
2026-07-06,26-27/01513/Hero,Dolphin Automotives | AFM | Choupla,22201AAHA01S,40,Pcs.,48.12,1924.8
2026-07-06,26-27/01513/Hero,Dolphin Automotives | AFM | Choupla,23121KST901S,10,Pcs.,189.25,1892.5
2026-07-06,26-27/01513/Hero,Dolphin Automotives | AFM | Choupla,24211GF6000RS,4,Pcs.,208.49,833.96
2026-07-06,26-27/01513/Hero,Dolphin Automotives | AFM | Choupla,3310AKVEH01S,1,Pcs.,564.03,564.03
2026-07-06,26-27/01513/Hero,Dolphin Automotives | AFM | Choupla,3310BAAY001S,2,Pcs.,527.53,1055.06
2026-07-06,26-27/01513/Hero,Dolphin Automotives | AFM | Choupla,3310BAAZ001S,1,Pcs.,683.46,683.46
2026-07-06,26-27/01513/Hero,Dolphin Automotives | AFM | Choupla,35753035010S,50,Pcs.,9.95,497.5
2026-07-06,26-27/01514/Hero,Hussain Spare Parts | AFM | Sheeshgarh,14502086000RS,5,Pcs.,58.61,293.05
2026-07-06,26-27/01514/Hero,Hussain Spare Parts | AFM | Sheeshgarh,22201AAHA01S,100,Pcs.,48.85,4885.0
2026-07-06,26-27/01514/Hero,Hussain Spare Parts | AFM | Sheeshgarh,22201GF6000S,40,Pcs.,65.13,2605.2
2026-07-06,26-27/01514/Hero,Hussain Spare Parts | AFM | Sheeshgarh,22K130LS,8,Pcs.,299.58,2396.64
2026-07-06,26-27/01514/Hero,Hussain Spare Parts | AFM | Sheeshgarh,22K130LS,2,Pcs.,309.35,618.7
2026-07-06,26-27/01514/Hero,Hussain Spare Parts | AFM | Sheeshgarh,25K170S,1,Pcs.,309.35,309.35
2026-07-06,26-27/01514/Hero,Hussain Spare Parts | AFM | Sheeshgarh,28261198000S,5,Pcs.,29.31,146.55
2026-07-06,26-27/01514/Hero,Hussain Spare Parts | AFM | Sheeshgarh,33K111S,3,Pcs.,436.36,1309.08
2026-07-06,26-27/01514/Hero,Hussain Spare Parts | AFM | Sheeshgarh,35100AAE102S,5,Pcs.,296.33,1481.65
2026-07-06,26-27/01514/Hero,Hussain Spare Parts | AFM | Sheeshgarh,35100AAGH21S,5,Pcs.,403.78,2018.9
2026-07-06,26-27/01514/Hero,Hussain Spare Parts | AFM | Sheeshgarh,37100AAEH00S,2,Pcs.,817.35,1634.7
2026-07-06,26-27/01514/Hero,Hussain Spare Parts | AFM | Sheeshgarh,37100AAEH00S,3,Pcs.,941.09,2823.27
2026-07-06,26-27/01514/Hero,Hussain Spare Parts | AFM | Sheeshgarh,12361035000S,50,Pcs.,19.53,976.5
2026-07-06,26-27/01514/Hero,Hussain Spare Parts | AFM | Sheeshgarh,14502086000RS,25,Pcs.,58.61,1465.25
2026-07-06,26-27/01514/Hero,Hussain Spare Parts | AFM | Sheeshgarh,14610086000RS,50,Pcs.,65.13,3256.5
2026-07-06,26-27/01514/Hero,Hussain Spare Parts | AFM | Sheeshgarh,22311107000S,30,Pcs.,35.82,1074.6
2026-07-06,26-27/01514/Hero,Hussain Spare Parts | AFM | Sheeshgarh,24211GF6000RS,10,Pcs.,211.66,2116.6
2026-07-06,26-27/01514/Hero,Hussain Spare Parts | AFM | Sheeshgarh,25K170S,4,Pcs.,309.35,1237.4
2026-07-06,26-27/01514/Hero,Hussain Spare Parts | AFM | Sheeshgarh,28261198000S,5,Pcs.,29.31,146.55
2026-07-06,26-27/01514/Hero,Hussain Spare Parts | AFM | Sheeshgarh,33K111S,2,Pcs.,436.36,872.72
2026-07-06,26-27/01514/Hero,Hussain Spare Parts | AFM | Sheeshgarh,33K112S,5,Pcs.,446.12,2230.6
2026-07-06,26-27/01514/Hero,Hussain Spare Parts | AFM | Sheeshgarh,33K151S,5,Pcs.,455.89,2279.45
2026-07-06,26-27/01514/Hero,Hussain Spare Parts | AFM | Sheeshgarh,33K152S,5,Pcs.,462.4,2312.0
2026-07-06,26-27/01514/Hero,Hussain Spare Parts | AFM | Sheeshgarh,35100AAHH50S,5,Pcs.,345.17,1725.85
2026-07-06,26-27/01514/Hero,Hussain Spare Parts | AFM | Sheeshgarh,35330413003S,30,Pcs.,20.19,605.7
2026-07-06,26-27/01514/Hero,Hussain Spare Parts | AFM | Sheeshgarh,61313KCC900S,10,Pcs.,32.56,325.6
2026-07-06,26-27/01514/Hero,Hussain Spare Parts | AFM | Sheeshgarh,61314KCC900S,10,Pcs.,35.82,358.2
2026-07-06,26-27/01514/Hero,Hussain Spare Parts | AFM | Sheeshgarh,53166KTC900S,50,Pcs.,42.33,2116.5
2026-07-06,26-27/01514/Hero,Hussain Spare Parts | AFM | Sheeshgarh,53140KTC900S,50,Pcs.,35.82,1791.0
2026-07-06,26-27/01515/Hero,Pooja Spares | Chainsets | Gola,20K710S,30,Pcs.,423.73,12711.9
2026-07-06,26-27/01516/Hero,K P Auto Parts | AFM | Lal Fatak,17213AACA0099S,10,Pcs.,118.2,1182.0
2026-07-06,26-27/01516/Hero,K P Auto Parts | AFM | Lal Fatak,20K710S,5,Pcs.,466.57,2332.85
2026-07-06,26-27/01516/Hero,K P Auto Parts | AFM | Lal Fatak,44830KST940S,10,Pcs.,74.3,743.0
2026-07-06,26-27/01516/Hero,K P Auto Parts | AFM | Lal Fatak,50701ACK000S,3,Pcs.,224.58,673.74
2026-07-06,26-27/01516/Hero,K P Auto Parts | AFM | Lal Fatak,53100KST870S,1,Pcs.,308.67,308.67
2026-07-06,26-27/01516/Hero,K P Auto Parts | AFM | Lal Fatak,53100KST870S,2,Pcs.,320.82,641.64
2026-07-06,26-27/01516/Hero,K P Auto Parts | AFM | Lal Fatak,99620AAM201S,2,Pcs.,27.12,54.24
2026-07-06,26-27/01517/Hero,Adil Auto Parts | AFM | Sirauli,14610086000RS,10,Pcs.,61.19,611.9
2026-07-06,26-27/01517/Hero,Adil Auto Parts | AFM | Sirauli,22102KWP900S,2,Pcs.,225.42,450.84
2026-07-06,26-27/01517/Hero,Adil Auto Parts | AFM | Sirauli,22201AAHA01S,80,Pcs.,48.31,3864.8
2026-07-06,26-27/01517/Hero,Adil Auto Parts | AFM | Sirauli,22201GF6000S,4,Pcs.,59.26,237.04
2026-07-06,26-27/01517/Hero,Adil Auto Parts | AFM | Sirauli,22201GF6000S,96,Pcs.,64.41,6183.36
2026-07-06,26-27/01517/Hero,Adil Auto Parts | AFM | Sirauli,22311107000S,27,Pcs.,35.42,956.34
2026-07-06,26-27/01517/Hero,Adil Auto Parts | AFM | Sirauli,28302KAG900S,10,Pcs.,77.28,772.8
2026-07-06,26-27/01517/Hero,Adil Auto Parts | AFM | Sirauli,K22222HF100DS,2,Pcs.,627.96,1255.92
2026-07-06,26-27/01517/Hero,Adil Auto Parts | AFM | Sirauli,14502086000RS,5,Pcs.,54.74,273.7
2026-07-06,26-27/01517/Hero,Adil Auto Parts | AFM | Sirauli,14502086000RS,5,Pcs.,57.96,289.8
2026-07-06,26-27/01517/Hero,Adil Auto Parts | AFM | Sirauli,14610086000RS,10,Pcs.,61.19,611.9
2026-07-06,26-27/01517/Hero,Adil Auto Parts | AFM | Sirauli,22311107000S,3,Pcs.,35.42,106.26
2026-07-06,26-27/01517/Hero,Adil Auto Parts | AFM | Sirauli,28251GF6000S,2,Pcs.,251.19,502.38
2026-07-06,26-27/01517/Hero,Adil Auto Parts | AFM | Sirauli,29K210S,20,Pcs.,32.2,644.0
2026-07-06,26-27/01517/Hero,Adil Auto Parts | AFM | Sirauli,35100AAE102S,2,Pcs.,293.05,586.1
2026-07-06,26-27/01517/Hero,Adil Auto Parts | AFM | Sirauli,35100AAE102S,3,Pcs.,318.81,956.43
2026-07-06,26-27/01517/Hero,Adil Auto Parts | AFM | Sirauli,35100AAEH00S,5,Pcs.,363.89,1819.45
2026-07-06,26-27/01518/Hero,Shri Ram Auto Parts | AFM | Kargaina,K41412AANNB00S,10,Pcs.,557.39,5573.9
2026-07-06,26-27/01518/Hero,Shri Ram Auto Parts | AFM | Kargaina,14401AAD00099S,5,Pcs.,90.88,454.4
2026-07-06,26-27/01518/Hero,Shri Ram Auto Parts | AFM | Kargaina,14401AAD00099S,15,Pcs.,97.37,1460.55
2026-07-06,26-27/01518/Hero,Shri Ram Auto Parts | AFM | Kargaina,14502086000RS,5,Pcs.,51.33,256.65
2026-07-06,26-27/01518/Hero,Shri Ram Auto Parts | AFM | Kargaina,14502086000RS,5,Pcs.,54.53,272.65
2026-07-06,26-27/01518/Hero,Shri Ram Auto Parts | AFM | Kargaina,14610086000RS,10,Pcs.,60.95,609.5
2026-07-06,26-27/01518/Hero,Shri Ram Auto Parts | AFM | Kargaina,14670035030LS,10,Pcs.,66.36,663.6
2026-07-06,26-27/01518/Hero,Shri Ram Auto Parts | AFM | Kargaina,23121KST901S,5,Pcs.,189.25,946.25
2026-07-06,26-27/01518/Hero,Shri Ram Auto Parts | AFM | Kargaina,23441GB4770S,2,Pcs.,391.5,783.0
2026-07-06,26-27/01518/Hero,Shri Ram Auto Parts | AFM | Kargaina,23461GK4760S,2,Pcs.,298.61,597.22
2026-07-06,26-27/01518/Hero,Shri Ram Auto Parts | AFM | Kargaina,37230KWHH01S,10,Pcs.,49.77,497.7
2026-07-06,26-27/01518/Hero,Shri Ram Auto Parts | AFM | Kargaina,37230KWHH01S,1,Pcs.,53.09,53.09
2026-07-06,26-27/01518/Hero,Shri Ram Auto Parts | AFM | Kargaina,37230KWHH01S,9,Pcs.,56.4,507.6
2026-07-06,26-27/01519/Hero,Shri Ram Auto Parts | AFM | Kargaina,22201AAHA01S,40,Pcs.,48.12,1924.8
2026-07-06,26-27/01519/Hero,Shri Ram Auto Parts | AFM | Kargaina,23441GB4770S,1,Pcs.,366.94,366.94
2026-07-06,26-27/01519/Hero,Shri Ram Auto Parts | AFM | Kargaina,23461GK4760S,2,Pcs.,298.61,597.22
2026-07-06,26-27/01519/Hero,Shri Ram Auto Parts | AFM | Kargaina,2830AKAG900S,2,Pcs.,318.51,637.02
2026-07-06,26-27/01519/Hero,Shri Ram Auto Parts | AFM | Kargaina,38501AAW30099S,5,Pcs.,132.71,663.55
2026-07-06,26-27/01519/Hero,Shri Ram Auto Parts | AFM | Kargaina,38501AAW30099S,5,Pcs.,106.17,530.85
2026-07-06,26-27/01519/Hero,Shri Ram Auto Parts | AFM | Kargaina,51400KWP901S,1,Pcs.,227.2,227.2
2026-07-06,26-27/01519/Hero,Shri Ram Auto Parts | AFM | Kargaina,51500KWP901S,1,Pcs.,227.2,227.2
2026-07-06,26-27/01519/Hero,Shri Ram Auto Parts | AFM | Kargaina,52400KWP900S,1,Pcs.,550.48,550.48
2026-07-06,26-27/01520/Hero,Dashmesh Auto Parts | AFM | Kargaina,14670035030LS,10,Pcs.,69.67,696.7
2026-07-06,26-27/01520/Hero,Dashmesh Auto Parts | AFM | Kargaina,23431GN5910S,3,Pcs.,477.76,1433.28
2026-07-06,26-27/01520/Hero,Dashmesh Auto Parts | AFM | Kargaina,23451GK4761S,3,Pcs.,378.23,1134.69
2026-07-06,26-27/01520/Hero,Dashmesh Auto Parts | AFM | Kargaina,23461GK4760S,3,Pcs.,298.61,895.83
2026-07-06,26-27/01520/Hero,Dashmesh Auto Parts | AFM | Kargaina,24211GF6000RS,5,Pcs.,208.49,1042.45
2026-07-06,26-27/01520/Hero,Dashmesh Auto Parts | AFM | Kargaina,35010AAGA0099S,2,Pcs.,829.45,1658.9
2026-07-06,26-27/01520/Hero,Dashmesh Auto Parts | AFM | Kargaina,35753035010S,10,Pcs.,9.95,99.5
2026-07-06,26-27/01520/Hero,Dashmesh Auto Parts | AFM | Kargaina,44830KWA830S,10,Pcs.,61.05,610.5
2026-07-06,26-27/01521/Hero,Khan Auto Parts | AFM | Shahi,44711HTF700S,1,Pcs.,1008.47,1008.47
2026-07-06,26-27/01522/Hero,Khan Auto Parts | AFM | Shahi,ACKEA7B000000GS,5,Pcs.,635.59,3177.95
2026-07-06,26-27/01523/Hero,Khan Auto Parts | AFM | Shahi,ACKEA7B000000GS,5,Pcs.,635.59,3177.95
2026-07-06,26-27/01524/Hero,Khan Auto Parts | AFM | Shahi,83401KCC900SPROS,8,Pcs.,194.92,1559.36
2026-07-06,26-27/01525/Hero,Khan Auto Parts | AFM | Shahi,83401KCC900SPROS,8,Pcs.,194.92,1559.36
2026-07-06,26-27/01526/Hero,Khan Auto Parts | AFM | Shahi,44711HTF700S,2,Pcs.,1008.47,2016.94
2026-07-06,26-27/01527/Hero,Maa Durga GST | AFM | Harunagla,3345AKWH961S,3,Pcs.,178.99,536.97
2026-07-06,26-27/01527/Hero,Maa Durga GST | AFM | Harunagla,35010KSTH00S,1,Pcs.,611.26,611.26
2026-07-06,26-27/01527/Hero,Maa Durga GST | AFM | Harunagla,35100AACH01S,2,Pcs.,351.21,702.42
2026-07-06,26-27/01527/Hero,Maa Durga GST | AFM | Harunagla,35100AAHA01S,2,Pcs.,341.07,682.14
2026-07-06,26-27/01527/Hero,Maa Durga GST | AFM | Harunagla,35100ACK00099S,2,Pcs.,368.09,736.18
2026-07-06,26-27/01527/Hero,Maa Durga GST | AFM | Harunagla,45010KTC900S,1,Pcs.,426.2,426.2
2026-07-06,26-27/01527/Hero,Maa Durga GST | AFM | Harunagla,45010KTR700S,1,Pcs.,530.2,530.2
2026-07-06,26-27/01527/Hero,Maa Durga GST | AFM | Harunagla,83402KWA830S,2,Pcs.,108.06,216.12
2026-07-06,26-27/01527/Hero,Maa Durga GST | AFM | Harunagla,83700AAE110S,2,Pcs.,44.58,89.16
2026-07-06,26-27/01527/Hero,Maa Durga GST | AFM | Harunagla,18355KWH970S,2,Pcs.,290.44,580.88
2026-07-06,26-27/01527/Hero,Maa Durga GST | AFM | Harunagla,14430KST940S,4,Pcs.,182.36,729.44
2026-07-06,26-27/01527/Hero,Maa Durga GST | AFM | Harunagla,14566086030S,50,Pcs.,6.53,326.5
2026-07-06,26-27/01527/Hero,Maa Durga GST | AFM | Harunagla,14670035030LS,15,Pcs.,70.92,1063.8
2026-07-06,26-27/01527/Hero,Maa Durga GST | AFM | Harunagla,22K130LS,4,Pcs.,313.98,1255.92
2026-07-06,26-27/01527/Hero,Maa Durga GST | AFM | Harunagla,22K130LS,1,Pcs.,330.51,330.51
2026-07-06,26-27/01527/Hero,Maa Durga GST | AFM | Harunagla,28110AADH40S,2,Pcs.,357.97,715.94
2026-07-06,26-27/01527/Hero,Maa Durga GST | AFM | Harunagla,3340AKWH961S,3,Pcs.,141.84,425.52
2026-07-06,26-27/01527/Hero,Maa Durga GST | AFM | Harunagla,35010KSTH00S,1,Pcs.,695.69,695.69
2026-07-06,26-27/01527/Hero,Maa Durga GST | AFM | Harunagla,32100KSTA20S,1,Pcs.,1286.69,1286.69
2026-07-06,26-27/01527/Hero,Maa Durga GST | AFM | Harunagla,83402AAC220S,2,Pcs.,118.2,236.4
2026-07-06,26-27/01528/Hero,Aban Auto Parts | AFM | Kargaina,14502086000RS,1,Pcs.,52.27,52.27
2026-07-06,26-27/01528/Hero,Aban Auto Parts | AFM | Kargaina,14502086000RS,9,Pcs.,58.8,529.2
2026-07-06,26-27/01528/Hero,Aban Auto Parts | AFM | Kargaina,24211GF6000RS,5,Pcs.,212.35,1061.75
2026-07-07,26-27/01529/Hero,Jay Hanuman Auto Parts | AFM | Aonla,SPDMCYL02SS,20,Pcs.,217.8,4356.0
2026-07-07,26-27/01530/Hero,Pramod Service Center | AFM | Ballia,61100KST940ZAS,5,Pcs.,655.16,3275.8
2026-07-07,26-27/01530/Hero,Pramod Service Center | AFM | Ballia,15650AACH00S,10,Pcs.,20.26,202.6
2026-07-07,26-27/01530/Hero,Pramod Service Center | AFM | Ballia,22815166000S,50,Pcs.,6.75,337.5
2026-07-07,26-27/01530/Hero,Pramod Service Center | AFM | Ballia,32100AAE010S,1,Pcs.,1148.22,1148.22
2026-07-07,26-27/01530/Hero,Pramod Service Center | AFM | Ballia,45530KCC841S,5,Pcs.,206.0,1030.0
2026-07-07,26-27/01530/Hero,Pramod Service Center | AFM | Ballia,52170KST940S,9,Pcs.,60.79,547.11
2026-07-07,26-27/01530/Hero,Pramod Service Center | AFM | Ballia,52170KST940S,1,Pcs.,64.17,64.17
2026-07-07,26-27/01530/Hero,Pramod Service Center | AFM | Ballia,88120AAEH31S,10,Pcs.,118.2,1182.0
2026-07-07,26-27/01531/Hero,Rajeev Auto Mobile | AFM | Choupla,44701AACH00S,4,Pcs.,495.77,1983.08
2026-07-07,26-27/01531/Hero,Rajeev Auto Mobile | AFM | Choupla,44701AACH00S,4,Pcs.,456.99,1827.96
2026-07-07,26-27/01531/Hero,Rajeev Auto Mobile | AFM | Choupla,44701AACH00S,4,Pcs.,495.77,1983.08
2026-07-07,26-27/01531/Hero,Rajeev Auto Mobile | AFM | Choupla,14510AANB00S,3,Pcs.,47.67,143.01
2026-07-07,26-27/01531/Hero,Rajeev Auto Mobile | AFM | Choupla,17235ACK000S,1,Pcs.,108.05,108.05
2026-07-07,26-27/01531/Hero,Rajeev Auto Mobile | AFM | Choupla,24430KST900S,10,Pcs.,54.02,540.2
2026-07-07,26-27/01531/Hero,Rajeev Auto Mobile | AFM | Choupla,35130ABH501S,10,Pcs.,47.67,476.7
2026-07-07,26-27/01531/Hero,Rajeev Auto Mobile | AFM | Choupla,80102KCC900S,17,Pcs.,34.96,594.32
2026-07-07,26-27/01531/Hero,Rajeev Auto Mobile | AFM | Choupla,83510KWH970S,1,Pcs.,92.16,92.16
2026-07-07,26-27/01531/Hero,Rajeev Auto Mobile | AFM | Choupla,83512KWH960S,1,Pcs.,40.68,40.68
2026-07-07,26-27/01531/Hero,Rajeev Auto Mobile | AFM | Choupla,12301AAT000S,3,Pcs.,85.81,257.43
2026-07-07,26-27/01531/Hero,Rajeev Auto Mobile | AFM | Choupla,12341AAT000S,3,Pcs.,98.52,295.56
2026-07-07,26-27/01531/Hero,Rajeev Auto Mobile | AFM | Choupla,14510AANB00S,2,Pcs.,47.67,95.34
2026-07-07,26-27/01531/Hero,Rajeev Auto Mobile | AFM | Choupla,14566086030S,20,Pcs.,6.35,127.0
2026-07-07,26-27/01531/Hero,Rajeev Auto Mobile | AFM | Choupla,24430KST900S,10,Pcs.,54.02,540.2
2026-07-07,26-27/01531/Hero,Rajeev Auto Mobile | AFM | Choupla,30700ACK00099S,1,Pcs.,63.56,63.56
2026-07-07,26-27/01531/Hero,Rajeev Auto Mobile | AFM | Choupla,30700ACK00099S,19,Pcs.,69.91,1328.29
2026-07-07,26-27/01531/Hero,Rajeev Auto Mobile | AFM | Choupla,50400ADH800DS,1,Pcs.,644.49,644.49
2026-07-07,26-27/01531/Hero,Rajeev Auto Mobile | AFM | Choupla,80102KCC900S,3,Pcs.,34.96,104.88
2026-07-07,26-27/01532/Hero,Rajeev Auto Mobile | AFM | Choupla,14610AAT001S,5,Pcs.,17.16,85.8
2026-07-07,26-27/01532/Hero,Rajeev Auto Mobile | AFM | Choupla,14610AAT001S,5,Pcs.,22.24,111.2
2026-07-07,26-27/01532/Hero,Rajeev Auto Mobile | AFM | Choupla,16100KWH961S,1,Pcs.,1601.69,1601.69
2026-07-07,26-27/01532/Hero,Rajeev Auto Mobile | AFM | Choupla,17211KVN900S,5,Pcs.,101.69,508.45
2026-07-07,26-27/01532/Hero,Rajeev Auto Mobile | AFM | Choupla,17211KVN900S,5,Pcs.,111.23,556.15
2026-07-07,26-27/01532/Hero,Rajeev Auto Mobile | AFM | Choupla,24610KWS900S,1,Pcs.,169.7,169.7
2026-07-07,26-27/01532/Hero,Rajeev Auto Mobile | AFM | Choupla,28120KTRA00AS,4,Pcs.,400.43,1601.72
2026-07-07,26-27/01532/Hero,Rajeev Auto Mobile | AFM | Choupla,28120KTRA00AS,1,Pcs.,429.02,429.02
2026-07-07,26-27/01532/Hero,Rajeev Auto Mobile | AFM | Choupla,35010AAGA0099S,1,Pcs.,727.76,727.76
2026-07-07,26-27/01532/Hero,Rajeev Auto Mobile | AFM | Choupla,35010AAGH21S,2,Pcs.,645.13,1290.26
2026-07-07,26-27/01532/Hero,Rajeev Auto Mobile | AFM | Choupla,35010AAHA01S,1,Pcs.,613.35,613.35
2026-07-07,26-27/01532/Hero,Rajeev Auto Mobile | AFM | Choupla,35010AAY301S,1,Pcs.,483.05,483.05
2026-07-07,26-27/01532/Hero,Rajeev Auto Mobile | AFM | Choupla,35010ABS00099S,1,Pcs.,565.68,565.68
2026-07-07,26-27/01532/Hero,Rajeev Auto Mobile | AFM | Choupla,35100AAF401S,4,Pcs.,375.0,1500.0
2026-07-07,26-27/01532/Hero,Rajeev Auto Mobile | AFM | Choupla,35100AAFH00S,2,Pcs.,346.39,692.78
2026-07-07,26-27/01532/Hero,Rajeev Auto Mobile | AFM | Choupla,44830KWA830S,20,Pcs.,63.56,1271.2
2026-07-07,26-27/01532/Hero,Rajeev Auto Mobile | AFM | Choupla,46500KWA910S,2,Pcs.,174.79,349.58
2026-07-07,26-27/01532/Hero,Rajeev Auto Mobile | AFM | Choupla,K14144KZAAW00S,7,Pcs.,333.69,2335.83
2026-07-07,26-27/01532/Hero,Rajeev Auto Mobile | AFM | Choupla,K17172KCC900S,10,Pcs.,76.27,762.7
2026-07-07,26-27/01532/Hero,Rajeev Auto Mobile | AFM | Choupla,83402KWA830S,5,Pcs.,101.69,508.45
2026-07-07,26-27/01532/Hero,Rajeev Auto Mobile | AFM | Choupla,17910KTC900S,50,Pcs.,69.91,3495.5
2026-07-07,26-27/01532/Hero,Rajeev Auto Mobile | AFM | Choupla,52400KCC905ZBS,10,Pcs.,695.98,6959.8
2026-07-07,26-27/01532/Hero,Rajeev Auto Mobile | AFM | Choupla,22201AAHA01S,200,Pcs.,47.67,9534.0
2026-07-07,26-27/01532/Hero,Rajeev Auto Mobile | AFM | Choupla,35010AAHA01S,2,Pcs.,613.35,1226.7
2026-07-07,26-27/01532/Hero,Rajeev Auto Mobile | AFM | Choupla,35010KZAW00S,1,Pcs.,657.84,657.84
2026-07-07,26-27/01532/Hero,Rajeev Auto Mobile | AFM | Choupla,35010KZAW00S,1,Pcs.,715.04,715.04
2026-07-07,26-27/01532/Hero,Rajeev Auto Mobile | AFM | Choupla,35010KZAW00S,3,Pcs.,727.76,2183.28
2026-07-07,26-27/01532/Hero,Rajeev Auto Mobile | AFM | Choupla,35100ACK00099S,5,Pcs.,349.57,1747.85
2026-07-07,26-27/01533/Hero,Sartaz Auto Service | AFM | Choupla,80103KCC860S,10,Pcs.,60.79,607.9
2026-07-07,26-27/01533/Hero,Sartaz Auto Service | AFM | Choupla,14550GB0910RS,2,Pcs.,74.3,148.6
2026-07-07,26-27/01533/Hero,Sartaz Auto Service | AFM | Choupla,18421438670S,10,Pcs.,6.75,67.5
2026-07-07,26-27/01533/Hero,Sartaz Auto Service | AFM | Choupla,22201AAHA01S,16,Pcs.,49.0,784.0
2026-07-07,26-27/01533/Hero,Sartaz Auto Service | AFM | Choupla,22870KWA940S,5,Pcs.,81.05,405.25
2026-07-07,26-27/01533/Hero,Sartaz Auto Service | AFM | Choupla,35100AACH01S,2,Pcs.,351.21,702.42
2026-07-07,26-27/01533/Hero,Sartaz Auto Service | AFM | Choupla,35330413003S,6,Pcs.,20.94,125.64
2026-07-07,26-27/01533/Hero,Sartaz Auto Service | AFM | Choupla,40531205010S,10,Pcs.,10.13,101.3
2026-07-07,26-27/01533/Hero,Sartaz Auto Service | AFM | Choupla,40531KTE910S,10,Pcs.,10.13,101.3
2026-07-07,26-27/01533/Hero,Sartaz Auto Service | AFM | Choupla,43100153600HS,1,Pcs.,405.25,405.25
2026-07-07,26-27/01533/Hero,Sartaz Auto Service | AFM | Choupla,43410KCC900S,2,Pcs.,31.74,63.48
2026-07-07,26-27/01533/Hero,Sartaz Auto Service | AFM | Choupla,45450KCC900S,4,Pcs.,83.74,334.96
2026-07-07,26-27/01533/Hero,Sartaz Auto Service | AFM | Choupla,45450KCC900S,1,Pcs.,91.17,91.17
2026-07-07,26-27/01533/Hero,Sartaz Auto Service | AFM | Choupla,45451AAF400S,20,Pcs.,10.13,202.6
2026-07-07,26-27/01533/Hero,Sartaz Auto Service | AFM | Choupla,45475AAG900S,2,Pcs.,95.9,191.8
2026-07-07,26-27/01533/Hero,Sartaz Auto Service | AFM | Choupla,45475AAHF00S,2,Pcs.,114.81,229.62
2026-07-07,26-27/01533/Hero,Sartaz Auto Service | AFM | Choupla,53172KTC920S,2,Pcs.,74.3,148.6
2026-07-07,26-27/01533/Hero,Sartaz Auto Service | AFM | Choupla,64311KCC860S,10,Pcs.,27.02,270.2
2026-07-07,26-27/01533/Hero,Sartaz Auto Service | AFM | Choupla,K13132KCCA900S,1,Pcs.,472.8,472.8
2026-07-07,26-27/01533/Hero,Sartaz Auto Service | AFM | Choupla,K96960HF100DLS,2,Pcs.,16.89,33.78
2026-07-07,26-27/01533/Hero,Sartaz Auto Service | AFM | Choupla,80100KWH970S,1,Pcs.,398.5,398.5
2026-07-07,26-27/01533/Hero,Sartaz Auto Service | AFM | Choupla,80120AACH30S,1,Pcs.,466.05,466.05
2026-07-07,26-27/01534/Hero,Taiyab Auto Parts | AFM | Choupla,12209GB4685S,20,Pcs.,32.2,644.0
2026-07-07,26-27/01534/Hero,Taiyab Auto Parts | AFM | Choupla,14401AAD00099S,10,Pcs.,96.61,966.1
2026-07-07,26-27/01534/Hero,Taiyab Auto Parts | AFM | Choupla,14401AAG00099S,2,Pcs.,199.66,399.32
2026-07-07,26-27/01534/Hero,Taiyab Auto Parts | AFM | Choupla,14610086000RS,10,Pcs.,61.19,611.9
2026-07-07,26-27/01534/Hero,Taiyab Auto Parts | AFM | Choupla,14670035030LS,5,Pcs.,67.62,338.1
2026-07-07,26-27/01534/Hero,Taiyab Auto Parts | AFM | Choupla,14670ACK000S,10,Pcs.,32.2,322.0
2026-07-07,26-27/01534/Hero,Taiyab Auto Parts | AFM | Choupla,14675178000S,5,Pcs.,41.86,209.3
2026-07-07,26-27/01534/Hero,Taiyab Auto Parts | AFM | Choupla,22201AAHA01S,16,Pcs.,48.31,772.96
2026-07-07,26-27/01534/Hero,Taiyab Auto Parts | AFM | Choupla,22201GF6000S,8,Pcs.,61.19,489.52
2026-07-07,26-27/01534/Hero,Taiyab Auto Parts | AFM | Choupla,22K130LS,2,Pcs.,322.04,644.08
2026-07-07,26-27/01534/Hero,Taiyab Auto Parts | AFM | Choupla,23121KST901S,5,Pcs.,190.0,950.0
2026-07-07,26-27/01534/Hero,Taiyab Auto Parts | AFM | Choupla,K14144AACK000S,2,Pcs.,309.15,618.3
2026-07-07,26-27/01535/Hero,Bareilly Auto Parts | AFM | Aonla,14401AAD00099S,10,Pcs.,92.54,925.4
2026-07-07,26-27/01535/Hero,Bareilly Auto Parts | AFM | Aonla,14502086000RS,10,Pcs.,58.8,588.0
2026-07-07,26-27/01535/Hero,Bareilly Auto Parts | AFM | Aonla,14610086000RS,10,Pcs.,62.07,620.7
2026-07-07,26-27/01535/Hero,Bareilly Auto Parts | AFM | Aonla,20K710S,5,Pcs.,466.57,2332.85
2026-07-07,26-27/01535/Hero,Bareilly Auto Parts | AFM | Aonla,33K111S,10,Pcs.,452.54,4525.4
2026-07-07,26-27/01535/Hero,Bareilly Auto Parts | AFM | Aonla,33K151S,5,Pcs.,457.37,2286.85
2026-07-07,26-27/01535/Hero,Bareilly Auto Parts | AFM | Aonla,33K152S,2,Pcs.,479.55,959.1
2026-07-07,26-27/01535/Hero,Bareilly Auto Parts | AFM | Aonla,43120365H70S,8,Pcs.,54.02,432.16
2026-07-07,26-27/01535/Hero,Bareilly Auto Parts | AFM | Aonla,43120365H70S,12,Pcs.,57.4,688.8
2026-07-07,26-27/01535/Hero,Bareilly Auto Parts | AFM | Aonla,K12121KZAAW00S,1,Pcs.,1500.51,1500.51
2026-07-07,26-27/01536/Hero,Guddu Auto Service Center | AFM | Aonla,20K710S,10,Pcs.,466.57,4665.7
2026-07-07,26-27/01537/Hero,Krishna Auto Services | AFM | Aonla,14401AAD00099S,5,Pcs.,92.54,462.7
2026-07-07,26-27/01537/Hero,Krishna Auto Services | AFM | Aonla,14520KTC902S,1,Pcs.,156.16,156.16
2026-07-07,26-27/01537/Hero,Krishna Auto Services | AFM | Aonla,14610086000RS,5,Pcs.,62.07,310.35
2026-07-07,26-27/01537/Hero,Krishna Auto Services | AFM | Aonla,22201AAHA01S,20,Pcs.,49.0,980.0
2026-07-07,26-27/01537/Hero,Krishna Auto Services | AFM | Aonla,23121KST901S,2,Pcs.,192.75,385.5
2026-07-07,26-27/01537/Hero,Krishna Auto Services | AFM | Aonla,24K160S,1,Pcs.,303.94,303.94
2026-07-07,26-27/01537/Hero,Krishna Auto Services | AFM | Aonla,25K160S,2,Pcs.,226.27,452.54
2026-07-07,26-27/01537/Hero,Krishna Auto Services | AFM | Aonla,33K152S,1,Pcs.,479.55,479.55
2026-07-07,26-27/01537/Hero,Krishna Auto Services | AFM | Aonla,33K153S,1,Pcs.,486.31,486.31
2026-07-07,26-27/01537/Hero,Krishna Auto Services | AFM | Aonla,42303KTR900S,5,Pcs.,50.66,253.3
2026-07-07,26-27/01537/Hero,Krishna Auto Services | AFM | Aonla,43125KST940S,4,Pcs.,91.17,364.68
2026-07-07,26-27/01537/Hero,Krishna Auto Services | AFM | Aonla,45125AAHF0099S,4,Pcs.,104.67,418.68
2026-07-07,26-27/01537/Hero,Krishna Auto Services | AFM | Aonla,K22222HF100DS,1,Pcs.,621.39,621.39
2026-07-07,26-27/01537/Hero,Krishna Auto Services | AFM | Aonla,K91902HF100DS,10,Pcs.,47.28,472.8
2026-07-07,26-27/01537/Hero,Krishna Auto Services | AFM | Aonla,K96961HF100DS,1,Pcs.,327.58,327.58
2026-07-07,26-27/01537/Hero,Krishna Auto Services | AFM | Aonla,K96961HF100DS,3,Pcs.,347.84,1043.52
2026-07-07,26-27/01538/Hero,Pal Automobile | AFM | Aonla,14401AAD00099S,5,Pcs.,99.15,495.75
2026-07-07,26-27/01538/Hero,Pal Automobile | AFM | Aonla,14401AAG00099S,5,Pcs.,204.91,1024.55
2026-07-07,26-27/01538/Hero,Pal Automobile | AFM | Aonla,14502086000RS,5,Pcs.,58.8,294.0
2026-07-07,26-27/01538/Hero,Pal Automobile | AFM | Aonla,14541GB4681S,20,Pcs.,3.38,67.6
2026-07-07,26-27/01538/Hero,Pal Automobile | AFM | Aonla,14610086000RS,5,Pcs.,62.07,310.35
2026-07-07,26-27/01538/Hero,Pal Automobile | AFM | Aonla,14670ACK000S,10,Pcs.,33.77,337.7
2026-07-07,26-27/01538/Hero,Pal Automobile | AFM | Aonla,23121KST901S,3,Pcs.,192.75,578.25
2026-07-07,26-27/01538/Hero,Pal Automobile | AFM | Aonla,24K160S,5,Pcs.,303.94,1519.7
2026-07-07,26-27/01538/Hero,Pal Automobile | AFM | Aonla,35100AACH01S,3,Pcs.,341.07,1023.21
2026-07-07,26-27/01538/Hero,Pal Automobile | AFM | Aonla,35100AAE102S,3,Pcs.,303.92,911.76
2026-07-07,26-27/01538/Hero,Pal Automobile | AFM | Aonla,35100ACK00099S,2,Pcs.,368.09,736.18
2026-07-07,26-27/01538/Hero,Pal Automobile | AFM | Aonla,40531205010S,20,Pcs.,10.13,202.6
2026-07-07,26-27/01538/Hero,Pal Automobile | AFM | Aonla,K22222KTCE900S,5,Pcs.,482.93,2414.65
2026-07-07,26-27/01538/Hero,Pal Automobile | AFM | Aonla,K41412AANNB00S,2,Pcs.,540.34,1080.68
2026-07-07,26-27/01539/Hero,Raza Auto Parts | AFM | Aonla,14401AAD00099S,5,Pcs.,92.54,462.7
2026-07-07,26-27/01539/Hero,Raza Auto Parts | AFM | Aonla,14610086000RS,5,Pcs.,62.07,310.35
2026-07-07,26-27/01539/Hero,Raza Auto Parts | AFM | Aonla,14670ACK000S,5,Pcs.,33.77,168.85
2026-07-07,26-27/01539/Hero,Raza Auto Parts | AFM | Aonla,16701AAE300S,5,Pcs.,114.82,574.1
2026-07-07,26-27/01539/Hero,Raza Auto Parts | AFM | Aonla,20K710S,5,Pcs.,466.57,2332.85
2026-07-07,26-27/01539/Hero,Raza Auto Parts | AFM | Aonla,22201AAHA01S,12,Pcs.,49.0,588.0
2026-07-07,26-27/01539/Hero,Raza Auto Parts | AFM | Aonla,22201GF6000S,8,Pcs.,64.17,513.36
2026-07-07,26-27/01539/Hero,Raza Auto Parts | AFM | Aonla,23121KST901S,3,Pcs.,192.75,578.25
2026-07-07,26-27/01539/Hero,Raza Auto Parts | AFM | Aonla,25K160S,1,Pcs.,226.27,226.27
2026-07-07,26-27/01539/Hero,Raza Auto Parts | AFM | Aonla,33K111S,1,Pcs.,452.54,452.54
2026-07-07,26-27/01539/Hero,Raza Auto Parts | AFM | Aonla,38501AAW30099S,3,Pcs.,108.06,324.18
2026-07-07,26-27/01539/Hero,Raza Auto Parts | AFM | Aonla,53167GE4000S,5,Pcs.,20.26,101.3
2026-07-07,26-27/01539/Hero,Raza Auto Parts | AFM | Aonla,53168166000S,5,Pcs.,27.02,135.1
2026-07-07,26-27/01539/Hero,Raza Auto Parts | AFM | Aonla,80102KCC900S,5,Pcs.,33.77,168.85
2026-07-07,26-27/01539/Hero,Raza Auto Parts | AFM | Aonla,K41412AANNB00S,1,Pcs.,540.34,540.34
2026-07-07,26-27/01539/Hero,Raza Auto Parts | AFM | Aonla,K91902HF100DS,5,Pcs.,47.28,236.4
2026-07-07,26-27/01540/Hero,Pintu Aotomobile | AFM | Aonla,14401AAD00099S,5,Pcs.,90.88,454.4
2026-07-07,26-27/01540/Hero,Pintu Aotomobile | AFM | Aonla,14550GB0910RS,5,Pcs.,72.99,364.95
2026-07-07,26-27/01540/Hero,Pintu Aotomobile | AFM | Aonla,14670035030LS,10,Pcs.,69.67,696.7
2026-07-07,26-27/01540/Hero,Pintu Aotomobile | AFM | Aonla,14675178000S,5,Pcs.,43.13,215.65
2026-07-07,26-27/01540/Hero,Pintu Aotomobile | AFM | Aonla,15100KCC900S,2,Pcs.,222.29,444.58
2026-07-07,26-27/01540/Hero,Pintu Aotomobile | AFM | Aonla,29K210S,5,Pcs.,32.07,160.35
2026-07-07,26-27/01540/Hero,Pintu Aotomobile | AFM | Aonla,40531205010S,50,Pcs.,9.95,497.5
2026-07-07,26-27/01540/Hero,Pintu Aotomobile | AFM | Aonla,45475AAHF00S,2,Pcs.,112.74,225.48
2026-07-07,26-27/01540/Hero,Pintu Aotomobile | AFM | Aonla,50500KTRA00S,1,Pcs.,285.33,285.33
2026-07-07,26-27/01540/Hero,Pintu Aotomobile | AFM | Aonla,18355KTRA21S,1,Pcs.,291.96,291.96
2026-07-07,26-27/01540/Hero,Pintu Aotomobile | AFM | Aonla,18355KWH970S,1,Pcs.,256.8,256.8
2026-07-07,26-27/01541/Hero,Jai Hanuman Autoparts | AFM | Aonla,14401AAD00099S,5,Pcs.,99.15,495.75
2026-07-07,26-27/01541/Hero,Jai Hanuman Autoparts | AFM | Aonla,17910KTC900S,3,Pcs.,55.66,166.98
2026-07-07,26-27/01541/Hero,Jai Hanuman Autoparts | AFM | Aonla,17910KWA940S,5,Pcs.,55.66,278.3
2026-07-07,26-27/01541/Hero,Jai Hanuman Autoparts | AFM | Aonla,20K710S,5,Pcs.,466.57,2332.85
2026-07-07,26-27/01541/Hero,Jai Hanuman Autoparts | AFM | Aonla,22201AAHA01S,12,Pcs.,45.74,548.88
2026-07-07,26-27/01541/Hero,Jai Hanuman Autoparts | AFM | Aonla,22201AAHA01S,8,Pcs.,49.0,392.0
2026-07-07,26-27/01541/Hero,Jai Hanuman Autoparts | AFM | Aonla,44830KST940S,5,Pcs.,74.3,371.5
2026-07-07,26-27/01541/Hero,Jai Hanuman Autoparts | AFM | Aonla,88120AAEH31S,3,Pcs.,118.2,354.6
2026-07-07,26-27/01541/Hero,Jai Hanuman Autoparts | AFM | Aonla,K22222KTCE900S,2,Pcs.,445.1,890.2
2026-07-07,26-27/01542/Hero,Ramesh Auto Service | AFM | Aonla,14401AAD00099S,20,Pcs.,97.37,1947.4
2026-07-07,26-27/01542/Hero,Ramesh Auto Service | AFM | Aonla,14541GB4681S,50,Pcs.,3.32,166.0
2026-07-07,26-27/01542/Hero,Ramesh Auto Service | AFM | Aonla,14566086030S,20,Pcs.,6.41,128.2
2026-07-07,26-27/01542/Hero,Ramesh Auto Service | AFM | Aonla,14610086000RS,20,Pcs.,60.95,1219.0
2026-07-07,26-27/01542/Hero,Ramesh Auto Service | AFM | Aonla,14670035030LS,10,Pcs.,69.67,696.7
2026-07-07,26-27/01542/Hero,Ramesh Auto Service | AFM | Aonla,22201GF6000S,40,Pcs.,63.04,2521.6
2026-07-07,26-27/01542/Hero,Ramesh Auto Service | AFM | Aonla,22350115020S,10,Pcs.,126.08,1260.8
2026-07-07,26-27/01542/Hero,Ramesh Auto Service | AFM | Aonla,22870KWA940S,10,Pcs.,79.62,796.2
2026-07-07,26-27/01542/Hero,Ramesh Auto Service | AFM | Aonla,23121KST901S,5,Pcs.,189.25,946.25
2026-07-07,26-27/01542/Hero,Ramesh Auto Service | AFM | Aonla,23471GN5910S,2,Pcs.,288.64,577.28
2026-07-07,26-27/01542/Hero,Ramesh Auto Service | AFM | Aonla,25K160S,5,Pcs.,222.29,1111.45
2026-07-07,26-27/01542/Hero,Ramesh Auto Service | AFM | Aonla,25K170S,5,Pcs.,315.19,1575.95
2026-07-07,26-27/01542/Hero,Ramesh Auto Service | AFM | Aonla,28251GF6000S,4,Pcs.,258.79,1035.16
2026-07-07,26-27/01542/Hero,Ramesh Auto Service | AFM | Aonla,33400KCC710S,5,Pcs.,182.48,912.4
2026-07-07,26-27/01542/Hero,Ramesh Auto Service | AFM | Aonla,33450KCC710S,5,Pcs.,182.48,912.4
2026-07-07,26-27/01542/Hero,Ramesh Auto Service | AFM | Aonla,33K151S,3,Pcs.,449.07,1347.21
2026-07-07,26-27/01542/Hero,Ramesh Auto Service | AFM | Aonla,35100AAE301S,5,Pcs.,325.07,1625.35
2026-07-07,26-27/01542/Hero,Ramesh Auto Service | AFM | Aonla,35150AAF00099S,5,Pcs.,182.48,912.4
2026-07-07,26-27/01542/Hero,Ramesh Auto Service | AFM | Aonla,35753035010S,20,Pcs.,9.95,199.0
2026-07-07,26-27/01542/Hero,Ramesh Auto Service | AFM | Aonla,37610KCC900S,5,Pcs.,122.76,613.8
2026-07-07,26-27/01542/Hero,Ramesh Auto Service | AFM | Aonla,45475AAHF00S,5,Pcs.,112.74,563.7
2026-07-07,26-27/01542/Hero,Ramesh Auto Service | AFM | Aonla,51410KCC900S,4,Pcs.,537.41,2149.64
2026-07-07,26-27/01542/Hero,Ramesh Auto Service | AFM | Aonla,83410AAH100RS,1,Pcs.,454.54,454.54
2026-07-07,26-27/01542/Hero,Ramesh Auto Service | AFM | Aonla,90801035000S,20,Pcs.,9.95,199.0
2026-07-07,26-27/01542/Hero,Ramesh Auto Service | AFM | Aonla,37800AAE30099S,5,Pcs.,315.19,1575.95
2026-07-07,26-27/01542/Hero,Ramesh Auto Service | AFM | Aonla,51410KCC900S,1,Pcs.,563.96,563.96
2026-07-07,26-27/01542/Hero,Ramesh Auto Service | AFM | Aonla,K22222KTCE900S,3,Pcs.,474.44,1423.32
2026-07-07,26-27/01543/Hero,Shri Bala Ji Auto Parts | AFM | Aonla,11360AAC200S,1,Pcs.,99.19,99.19
2026-07-07,26-27/01543/Hero,Shri Bala Ji Auto Parts | AFM | Aonla,16701AAE300S,1,Pcs.,109.49,109.49
2026-07-07,26-27/01543/Hero,Shri Bala Ji Auto Parts | AFM | Aonla,16701AAE300S,1,Pcs.,125.59,125.59
2026-07-07,26-27/01543/Hero,Shri Bala Ji Auto Parts | AFM | Aonla,17570AAGA0099S,1,Pcs.,235.08,235.08
2026-07-07,26-27/01543/Hero,Shri Bala Ji Auto Parts | AFM | Aonla,17620KWA930HS,2,Pcs.,218.99,437.98
2026-07-07,26-27/01543/Hero,Shri Bala Ji Auto Parts | AFM | Aonla,22350AAG501S,1,Pcs.,148.14,148.14
2026-07-07,26-27/01543/Hero,Shri Bala Ji Auto Parts | AFM | Aonla,22350ACL000S,1,Pcs.,177.12,177.12
2026-07-07,26-27/01543/Hero,Shri Bala Ji Auto Parts | AFM | Aonla,24610KST940S,1,Pcs.,196.44,196.44
2026-07-07,26-27/01543/Hero,Shri Bala Ji Auto Parts | AFM | Aonla,25K160S,3,Pcs.,215.76,647.28
2026-07-07,26-27/01543/Hero,Shri Bala Ji Auto Parts | AFM | Aonla,3310BAAH10099S,1,Pcs.,396.11,396.11
2026-07-07,26-27/01543/Hero,Shri Bala Ji Auto Parts | AFM | Aonla,33600KCC710S,1,Pcs.,177.12,177.12
2026-07-07,26-27/01543/Hero,Shri Bala Ji Auto Parts | AFM | Aonla,35010AAE201S,1,Pcs.,573.22,573.22
2026-07-07,26-27/01543/Hero,Shri Bala Ji Auto Parts | AFM | Aonla,35010KCCH40AS,1,Pcs.,531.35,531.35
2026-07-07,26-27/01543/Hero,Shri Bala Ji Auto Parts | AFM | Aonla,35100AACH01S,2,Pcs.,338.14,676.28
2026-07-07,26-27/01543/Hero,Shri Bala Ji Auto Parts | AFM | Aonla,35100AAE102S,2,Pcs.,318.81,637.62
2026-07-07,26-27/01543/Hero,Shri Bala Ji Auto Parts | AFM | Aonla,35150AAC00099S,2,Pcs.,135.89,271.78
2026-07-07,26-27/01543/Hero,Shri Bala Ji Auto Parts | AFM | Aonla,35150AAC00099S,2,Pcs.,177.12,354.24
2026-07-07,26-27/01543/Hero,Shri Bala Ji Auto Parts | AFM | Aonla,42610198900S,1,Pcs.,286.61,286.61
2026-07-07,26-27/01543/Hero,Shri Bala Ji Auto Parts | AFM | Aonla,51103AAH030S,1,Pcs.,204.81,204.81
2026-07-07,26-27/01543/Hero,Shri Bala Ji Auto Parts | AFM | Aonla,53178AAFH00S,10,Pcs.,54.11,541.1
2026-07-07,26-27/01543/Hero,Shri Bala Ji Auto Parts | AFM | Aonla,53230KST950S,1,Pcs.,151.35,151.35
2026-07-07,26-27/01543/Hero,Shri Bala Ji Auto Parts | AFM | Aonla,83512AAH100S,1,Pcs.,51.53,51.53
2026-07-07,26-27/01543/Hero,Shri Bala Ji Auto Parts | AFM | Aonla,83512AAH110S,1,Pcs.,45.08,45.08
2026-07-07,26-27/01543/Hero,Shri Bala Ji Auto Parts | AFM | Aonla,86838AAEH00ZAS,8,Pcs.,28.99,231.92
2026-07-07,26-27/01543/Hero,Shri Bala Ji Auto Parts | AFM | Aonla,K22222HF100DS,2,Pcs.,592.54,1185.08
2026-07-07,26-27/01543/Hero,Shri Bala Ji Auto Parts | AFM | Aonla,14401AAD00099S,10,Pcs.,96.61,966.1
2026-07-07,26-27/01543/Hero,Shri Bala Ji Auto Parts | AFM | Aonla,16701AAE300S,1,Pcs.,109.49,109.49
2026-07-07,26-27/01543/Hero,Shri Bala Ji Auto Parts | AFM | Aonla,16701AAE300S,2,Pcs.,125.59,251.18
2026-07-07,26-27/01543/Hero,Shri Bala Ji Auto Parts | AFM | Aonla,16701AAF400S,3,Pcs.,90.17,270.51
2026-07-07,26-27/01543/Hero,Shri Bala Ji Auto Parts | AFM | Aonla,17620KWA930HS,2,Pcs.,218.99,437.98
2026-07-07,26-27/01543/Hero,Shri Bala Ji Auto Parts | AFM | Aonla,22121198900S,3,Pcs.,186.78,560.34
2026-07-07,26-27/01543/Hero,Shri Bala Ji Auto Parts | AFM | Aonla,22121AAG501S,2,Pcs.,257.62,515.24
2026-07-07,26-27/01543/Hero,Shri Bala Ji Auto Parts | AFM | Aonla,22350115020S,10,Pcs.,122.38,1223.8
2026-07-07,26-27/01543/Hero,Shri Bala Ji Auto Parts | AFM | Aonla,22350AAG501S,1,Pcs.,148.14,148.14
2026-07-07,26-27/01543/Hero,Shri Bala Ji Auto Parts | AFM | Aonla,22350ACL000S,1,Pcs.,177.12,177.12
2026-07-07,26-27/01543/Hero,Shri Bala Ji Auto Parts | AFM | Aonla,22870KTCA00S,2,Pcs.,61.83,123.66
2026-07-07,26-27/01543/Hero,Shri Bala Ji Auto Parts | AFM | Aonla,25K160S,1,Pcs.,215.76,215.76
2026-07-07,26-27/01543/Hero,Shri Bala Ji Auto Parts | AFM | Aonla,31210AAC811S,1,Pcs.,1101.35,1101.35
2026-07-07,26-27/01543/Hero,Shri Bala Ji Auto Parts | AFM | Aonla,3310AAAGH20S,2,Pcs.,425.08,850.16
2026-07-07,26-27/01543/Hero,Shri Bala Ji Auto Parts | AFM | Aonla,33400KCC710S,2,Pcs.,177.12,354.24
2026-07-07,26-27/01543/Hero,Shri Bala Ji Auto Parts | AFM | Aonla,33600KCC710S,1,Pcs.,177.12,177.12
2026-07-07,26-27/01543/Hero,Shri Bala Ji Auto Parts | AFM | Aonla,3370BKST930S,2,Pcs.,286.61,573.22
2026-07-07,26-27/01543/Hero,Shri Bala Ji Auto Parts | AFM | Aonla,35010AAE301S,1,Pcs.,550.68,550.68
2026-07-07,26-27/01543/Hero,Shri Bala Ji Auto Parts | AFM | Aonla,35150AAC00099S,1,Pcs.,177.12,177.12
2026-07-07,26-27/01543/Hero,Shri Bala Ji Auto Parts | AFM | Aonla,44830KST940S,10,Pcs.,65.05,650.5
2026-07-07,26-27/01543/Hero,Shri Bala Ji Auto Parts | AFM | Aonla,86838AAEH00ZAS,2,Pcs.,28.99,57.98
2026-07-07,26-27/01543/Hero,Shri Bala Ji Auto Parts | AFM | Aonla,980565773800S,20,Pcs.,65.05,1301.0
2026-07-07,26-27/01544/Hero,Sanjay Cycles | C B Ganj,20K710S,50,Pcs.,423.73,21186.5
2026-07-07,26-27/01545/Hero,Sanjay Cycles | C B Ganj,20K710S,20,Pcs.,423.73,8474.6
2026-07-07,26-27/01546/Hero,Sanjay Cycles | C B Ganj,20K710S,10,Pcs.,428.81,4288.1
2026-07-07,26-27/01547/Hero,Sanjay Cycles | C B Ganj,20K710S,10,Pcs.,428.81,4288.1
2026-07-07,26-27/01548/Hero,Verma Auto Agencies | AFM | Barabanki,22K130LS,50,Pcs.,313.56,15678.0
2026-07-07,26-27/01548/Hero,Verma Auto Agencies | AFM | Barabanki,18805KPL900S,20,Pcs.,25.09,501.8
2026-07-07,26-27/01548/Hero,Verma Auto Agencies | AFM | Barabanki,22201AAHA01S,180,Pcs.,40.51,7291.8
2026-07-07,26-27/01548/Hero,Verma Auto Agencies | AFM | Barabanki,25K160S,40,Pcs.,210.09,8403.6
2026-07-07,26-27/01548/Hero,Verma Auto Agencies | AFM | Barabanki,45450KCC900S,10,Pcs.,94.07,940.7
2026-07-07,26-27/01548/Hero,Verma Auto Agencies | AFM | Barabanki,50803KST940S,2,Pcs.,409.99,819.98
2026-07-07,26-27/01548/Hero,Verma Auto Agencies | AFM | Barabanki,K42423KSTG940S,50,Pcs.,50.17,2508.5
2026-07-07,26-27/01548/Hero,Verma Auto Agencies | AFM | Barabanki,11395AAF4099S,3,Pcs.,31.35,94.05
2026-07-07,26-27/01548/Hero,Verma Auto Agencies | AFM | Barabanki,23801GF6000S,15,Pcs.,59.58,893.7
2026-07-07,26-27/01548/Hero,Verma Auto Agencies | AFM | Barabanki,24211GF6000RS,20,Pcs.,203.81,4076.2
2026-07-07,26-27/01548/Hero,Verma Auto Agencies | AFM | Barabanki,3360BAAEB0099S,3,Pcs.,144.24,432.72
2026-07-07,26-27/01548/Hero,Verma Auto Agencies | AFM | Barabanki,3365BAAEB0099S,3,Pcs.,144.24,432.72
2026-07-07,26-27/01548/Hero,Verma Auto Agencies | AFM | Barabanki,45125AAHF0099S,44,Pcs.,100.34,4414.96
2026-07-07,26-27/01548/Hero,Verma Auto Agencies | AFM | Barabanki,961006203010S,15,Pcs.,72.12,1081.8
2026-07-07,26-27/01548/Hero,Verma Auto Agencies | AFM | Barabanki,14541GB4681S,200,Pcs.,3.14,628.0
2026-07-07,26-27/01548/Hero,Verma Auto Agencies | AFM | Barabanki,14566086030S,90,Pcs.,6.27,564.3
2026-07-07,26-27/01548/Hero,Verma Auto Agencies | AFM | Barabanki,17208AAT00099S,3,Pcs.,169.32,507.96
2026-07-07,26-27/01548/Hero,Verma Auto Agencies | AFM | Barabanki,17910AAN410S,5,Pcs.,56.61,283.05
2026-07-07,26-27/01548/Hero,Verma Auto Agencies | AFM | Barabanki,22K130LS,1,Pcs.,288.47,288.47
2026-07-07,26-27/01548/Hero,Verma Auto Agencies | AFM | Barabanki,23801GF6000S,5,Pcs.,59.58,297.9
2026-07-07,26-27/01548/Hero,Verma Auto Agencies | AFM | Barabanki,24211GF6000RS,20,Pcs.,203.81,4076.2
2026-07-07,26-27/01548/Hero,Verma Auto Agencies | AFM | Barabanki,35330ADJC01S,1,Pcs.,53.3,53.3
2026-07-07,26-27/01548/Hero,Verma Auto Agencies | AFM | Barabanki,41241KTC900S,84,Pcs.,18.81,1580.04
2026-07-07,26-27/01548/Hero,Verma Auto Agencies | AFM | Barabanki,45125AAHF0099S,16,Pcs.,100.34,1605.44
2026-07-07,26-27/01548/Hero,Verma Auto Agencies | AFM | Barabanki,61314AAE710S,1,Pcs.,56.44,56.44
2026-07-07,26-27/01548/Hero,Verma Auto Agencies | AFM | Barabanki,961006203000S,20,Pcs.,53.3,1066.0
2026-07-07,26-27/01548/Hero,Verma Auto Agencies | AFM | Barabanki,961006203010S,25,Pcs.,72.12,1803.0
2026-07-07,26-27/01548/Hero,Verma Auto Agencies | AFM | Barabanki,K22228HF100DS,5,Pcs.,47.03,235.15
2026-07-07,26-27/01548/Hero,Verma Auto Agencies | AFM | Barabanki,K44448KTPF900S,1,Pcs.,34.49,34.49
2026-07-07,26-27/01548/Hero,Verma Auto Agencies | AFM | Barabanki,K44448KTPF900S,3,Pcs.,40.76,122.28
2026-07-07,26-27/01548/Hero,Verma Auto Agencies | AFM | Barabanki,K55912HF100DS,100,Pcs.,75.25,7525.0
2026-07-07,26-27/01548/Hero,Verma Auto Agencies | AFM | Barabanki,17208AAT00099S,16,Pcs.,169.32,2709.12
2026-07-07,26-27/01548/Hero,Verma Auto Agencies | AFM | Barabanki,22K130LS,5,Pcs.,313.56,1567.8
2026-07-07,26-27/01548/Hero,Verma Auto Agencies | AFM | Barabanki,22K130LS,3,Pcs.,288.47,865.41
2026-07-07,26-27/01548/Hero,Verma Auto Agencies | AFM | Barabanki,35150KWA841S,5,Pcs.,84.66,423.3
2026-07-07,26-27/01548/Hero,Verma Auto Agencies | AFM | Barabanki,37610AAH102S,1,Pcs.,88.42,88.42
2026-07-07,26-27/01548/Hero,Verma Auto Agencies | AFM | Barabanki,37610AAH102S,3,Pcs.,100.34,301.02
2026-07-07,26-27/01548/Hero,Verma Auto Agencies | AFM | Barabanki,37800AAE30099S,2,Pcs.,260.25,520.5
2026-07-07,26-27/01548/Hero,Verma Auto Agencies | AFM | Barabanki,17208AAT00099S,1,Pcs.,169.32,169.32
2026-07-07,26-27/01548/Hero,Verma Auto Agencies | AFM | Barabanki,22201AAHA01S,8,Pcs.,40.51,324.08
2026-07-07,26-27/01548/Hero,Verma Auto Agencies | AFM | Barabanki,22201AAHA01S,12,Pcs.,43.64,523.68
2026-07-07,26-27/01548/Hero,Verma Auto Agencies | AFM | Barabanki,22K130LS,1,Pcs.,288.47,288.47
2026-07-07,26-27/01548/Hero,Verma Auto Agencies | AFM | Barabanki,31201AAT012S,24,Pcs.,34.49,827.76
2026-07-07,26-27/01548/Hero,Verma Auto Agencies | AFM | Barabanki,35150KWA841S,5,Pcs.,84.66,423.3
2026-07-07,26-27/01548/Hero,Verma Auto Agencies | AFM | Barabanki,41241KTC900S,16,Pcs.,18.81,300.96
2026-07-07,26-27/01548/Hero,Verma Auto Agencies | AFM | Barabanki,K44448KTPF900S,1,Pcs.,40.76,40.76
2026-07-07,26-27/01548/Hero,Verma Auto Agencies | AFM | Barabanki,K22222HF100DS,10,Pcs.,527.54,5275.4
2026-07-07,26-27/01548/Hero,Verma Auto Agencies | AFM | Barabanki,K22222HF100DS,10,Pcs.,590.25,5902.5
2026-07-07,26-27/01549/Hero,Verma Auto Agencies | AFM | Barabanki,K40405KWAG930S,4,Pcs.,329.24,1316.96
2026-07-07,26-27/01549/Hero,Verma Auto Agencies | AFM | Barabanki,61000AAHF00RS,1,Pcs.,633.39,633.39
2026-07-07,26-27/01549/Hero,Verma Auto Agencies | AFM | Barabanki,61000AAGA00RS,1,Pcs.,871.7,871.7
2026-07-07,26-27/01549/Hero,Verma Auto Agencies | AFM | Barabanki,83410ADH700CS,1,Pcs.,658.47,658.47
2026-07-07,26-27/01549/Hero,Verma Auto Agencies | AFM | Barabanki,83402AAE940S,1,Pcs.,185.0,185.0
2026-07-07,26-27/01549/Hero,Verma Auto Agencies | AFM | Barabanki,42702KWP900S,1,Pcs.,432.54,432.54
2026-07-07,26-27/01549/Hero,Verma Auto Agencies | AFM | Barabanki,42702KWP900S,1,Pcs.,432.54,432.54
2026-07-07,26-27/01549/Hero,Verma Auto Agencies | AFM | Barabanki,81131ABS000S,1,Pcs.,344.91,344.91
2026-07-07,26-27/01549/Hero,Verma Auto Agencies | AFM | Barabanki,21K200S,6,Pcs.,2072.63,12435.78
2026-07-07,26-27/01549/Hero,Verma Auto Agencies | AFM | Barabanki,06455AANE00S,2,Pcs.,244.58,489.16
2026-07-07,26-27/01549/Hero,Verma Auto Agencies | AFM | Barabanki,11344GW3980S,10,Pcs.,4.39,43.9
2026-07-07,26-27/01549/Hero,Verma Auto Agencies | AFM | Barabanki,12391ABG000S,2,Pcs.,25.09,50.18
2026-07-07,26-27/01549/Hero,Verma Auto Agencies | AFM | Barabanki,14431KTC900S,2,Pcs.,173.09,346.18
2026-07-07,26-27/01549/Hero,Verma Auto Agencies | AFM | Barabanki,14431KTC900S,10,Pcs.,188.14,1881.4
2026-07-07,26-27/01549/Hero,Verma Auto Agencies | AFM | Barabanki,14510KTC901S,10,Pcs.,50.17,501.7
2026-07-07,26-27/01549/Hero,Verma Auto Agencies | AFM | Barabanki,17208AAWD00S,1,Pcs.,228.9,228.9
2026-07-07,26-27/01549/Hero,Verma Auto Agencies | AFM | Barabanki,22535AAW000S,2,Pcs.,495.42,990.84
2026-07-07,26-27/01549/Hero,Verma Auto Agencies | AFM | Barabanki,33120AAC20099S,1,Pcs.,344.91,344.91
2026-07-07,26-27/01549/Hero,Verma Auto Agencies | AFM | Barabanki,35010AAH001S,1,Pcs.,561.27,561.27
2026-07-07,26-27/01549/Hero,Verma Auto Agencies | AFM | Barabanki,35200AAT011S,1,Pcs.,319.83,319.83
2026-07-07,26-27/01549/Hero,Verma Auto Agencies | AFM | Barabanki,37100AAEH00S,1,Pcs.,906.19,906.19
2026-07-07,26-27/01549/Hero,Verma Auto Agencies | AFM | Barabanki,37100ADHB3099S,1,Pcs.,1210.34,1210.34
2026-07-07,26-27/01549/Hero,Verma Auto Agencies | AFM | Barabanki,37800AAH102S,1,Pcs.,235.17,235.17
2026-07-07,26-27/01549/Hero,Verma Auto Agencies | AFM | Barabanki,43455AAL100S,10,Pcs.,18.81,188.1
2026-07-07,26-27/01549/Hero,Verma Auto Agencies | AFM | Barabanki,45133KCC900S,30,Pcs.,6.27,188.1
2026-07-07,26-27/01549/Hero,Verma Auto Agencies | AFM | Barabanki,53200AAE300S,1,Pcs.,598.9,598.9
2026-07-07,26-27/01549/Hero,Verma Auto Agencies | AFM | Barabanki,64311AAE900S,1,Pcs.,75.25,75.25
2026-07-07,26-27/01549/Hero,Verma Auto Agencies | AFM | Barabanki,K14145KTCA000S,1,Pcs.,50.17,50.17
2026-07-07,26-27/01549/Hero,Verma Auto Agencies | AFM | Barabanki,13011KTC305S,10,Pcs.,155.53,1555.3
2026-07-07,26-27/01549/Hero,Verma Auto Agencies | AFM | Barabanki,23121KTN900S,1,Pcs.,370.0,370.0
2026-07-07,26-27/01549/Hero,Verma Auto Agencies | AFM | Barabanki,30500AAFH00S,2,Pcs.,213.22,426.44
2026-07-07,26-27/01549/Hero,Verma Auto Agencies | AFM | Barabanki,31120AAC811S,1,Pcs.,896.78,896.78
2026-07-07,26-27/01549/Hero,Verma Auto Agencies | AFM | Barabanki,31120AAD001S,1,Pcs.,674.16,674.16
2026-07-07,26-27/01549/Hero,Verma Auto Agencies | AFM | Barabanki,31210AAC811S,2,Pcs.,1138.22,2276.44
2026-07-07,26-27/01549/Hero,Verma Auto Agencies | AFM | Barabanki,35010AAH001S,1,Pcs.,482.88,482.88
2026-07-07,26-27/01549/Hero,Verma Auto Agencies | AFM | Barabanki,35200AAHA1099S,1,Pcs.,294.75,294.75
2026-07-07,26-27/01549/Hero,Verma Auto Agencies | AFM | Barabanki,35200AAT011S,2,Pcs.,319.83,639.66
2026-07-07,26-27/01549/Hero,Verma Auto Agencies | AFM | Barabanki,37100AAEH00S,1,Pcs.,906.19,906.19
2026-07-07,26-27/01549/Hero,Verma Auto Agencies | AFM | Barabanki,37100AAH10099S,1,Pcs.,834.07,834.07
2026-07-07,26-27/01549/Hero,Verma Auto Agencies | AFM | Barabanki,37100ADHB3099S,1,Pcs.,1053.56,1053.56
2026-07-07,26-27/01549/Hero,Verma Auto Agencies | AFM | Barabanki,37800AAH102S,1,Pcs.,185.0,185.0
2026-07-07,26-27/01549/Hero,Verma Auto Agencies | AFM | Barabanki,45450AAL100S,4,Pcs.,95.32,381.28
2026-07-07,26-27/01549/Hero,Verma Auto Agencies | AFM | Barabanki,5110AACL000S,1,Pcs.,301.02,301.02
2026-07-07,26-27/01549/Hero,Verma Auto Agencies | AFM | Barabanki,15100KTC900S,2,Pcs.,344.91,689.82
2026-07-07,26-27/01549/Hero,Verma Auto Agencies | AFM | Barabanki,45133KCC900S,10,Pcs.,6.27,62.7
2026-07-07,26-27/01549/Hero,Verma Auto Agencies | AFM | Barabanki,50701KST940S,2,Pcs.,141.1,282.2
2026-07-07,26-27/01549/Hero,Verma Auto Agencies | AFM | Barabanki,51401KTC901S,20,Pcs.,59.58,1191.6
2026-07-07,26-27/01549/Hero,Verma Auto Agencies | AFM | Barabanki,90003KFG000S,10,Pcs.,15.68,156.8
2026-07-07,26-27/01549/Hero,Verma Auto Agencies | AFM | Barabanki,90305KPL900S,5,Pcs.,25.09,125.45
2026-07-07,26-27/01549/Hero,Verma Auto Agencies | AFM | Barabanki,9501542000S,10,Pcs.,9.4,94.0
2026-07-07,26-27/01549/Hero,Verma Auto Agencies | AFM | Barabanki,K55912KTPE902S,5,Pcs.,156.78,783.9
2026-07-07,26-27/01550/Hero,Sanjay Cycles | C B Ganj,20K710S,30,Pcs.,423.73,12711.9
2026-07-07,26-27/01551/Hero,Verma Auto Agencies | AFM | Barabanki,13021KTC305S,10,Pcs.,172.46,1724.6
2026-07-07,26-27/01551/Hero,Verma Auto Agencies | AFM | Barabanki,14670ACK000S,6,Pcs.,31.35,188.1
2026-07-07,26-27/01551/Hero,Verma Auto Agencies | AFM | Barabanki,17681KTC900S,50,Pcs.,12.54,627.0
2026-07-07,26-27/01551/Hero,Verma Auto Agencies | AFM | Barabanki,22350AAF400S,4,Pcs.,112.63,450.52
2026-07-07,26-27/01551/Hero,Verma Auto Agencies | AFM | Barabanki,23431GN5910S,2,Pcs.,404.49,808.98
2026-07-07,26-27/01551/Hero,Verma Auto Agencies | AFM | Barabanki,23451GK4761S,3,Pcs.,341.78,1025.34
2026-07-07,26-27/01551/Hero,Verma Auto Agencies | AFM | Barabanki,23451GK4761S,5,Pcs.,357.46,1787.3
2026-07-07,26-27/01551/Hero,Verma Auto Agencies | AFM | Barabanki,30460AAM000S,3,Pcs.,652.21,1956.63
2026-07-07,26-27/01551/Hero,Verma Auto Agencies | AFM | Barabanki,30700ACK00099S,15,Pcs.,68.98,1034.7
2026-07-07,26-27/01551/Hero,Verma Auto Agencies | AFM | Barabanki,31120ACK011S,4,Pcs.,752.54,3010.16
2026-07-07,26-27/01551/Hero,Verma Auto Agencies | AFM | Barabanki,37100AAEH00S,1,Pcs.,906.19,906.19
2026-07-07,26-27/01551/Hero,Verma Auto Agencies | AFM | Barabanki,37210AAH101S,3,Pcs.,260.25,780.75
2026-07-07,26-27/01551/Hero,Verma Auto Agencies | AFM | Barabanki,37210AAH101S,3,Pcs.,225.76,677.28
2026-07-07,26-27/01551/Hero,Verma Auto Agencies | AFM | Barabanki,43125KST940S,14,Pcs.,84.66,1185.24
2026-07-07,26-27/01551/Hero,Verma Auto Agencies | AFM | Barabanki,53166KTC900S,16,Pcs.,40.76,652.16
2026-07-07,26-27/01551/Hero,Verma Auto Agencies | AFM | Barabanki,53166KTC900S,50,Pcs.,40.76,2038.0
2026-07-07,26-27/01551/Hero,Verma Auto Agencies | AFM | Barabanki,28261198000S,100,Pcs.,28.22,2822.0
2026-07-07,26-27/01551/Hero,Verma Auto Agencies | AFM | Barabanki,37610KST951S,20,Pcs.,94.07,1881.4
2026-07-07,26-27/01551/Hero,Verma Auto Agencies | AFM | Barabanki,37610KST951S,20,Pcs.,94.07,1881.4
2026-07-07,26-27/01551/Hero,Verma Auto Agencies | AFM | Barabanki,3310BAACH00S,6,Pcs.,517.88,3107.28
2026-07-07,26-27/01551/Hero,Verma Auto Agencies | AFM | Barabanki,13021KTC305S,10,Pcs.,172.46,1724.6
2026-07-07,26-27/01551/Hero,Verma Auto Agencies | AFM | Barabanki,17681KTC900S,5,Pcs.,10.66,53.3
2026-07-07,26-27/01551/Hero,Verma Auto Agencies | AFM | Barabanki,17681KTC900S,150,Pcs.,12.54,1881.0
2026-07-07,26-27/01551/Hero,Verma Auto Agencies | AFM | Barabanki,53166KTC900S,4,Pcs.,40.76,163.04
2026-07-07,26-27/01551/Hero,Verma Auto Agencies | AFM | Barabanki,53200AAE300S,4,Pcs.,598.9,2395.6
2026-07-07,26-27/01551/Hero,Verma Auto Agencies | AFM | Barabanki,33120AADH00S,4,Pcs.,266.53,1066.12
2026-07-07,26-27/01551/Hero,Verma Auto Agencies | AFM | Barabanki,37800AAE30099S,7,Pcs.,260.25,1821.75
2026-07-07,26-27/01551/Hero,Verma Auto Agencies | AFM | Barabanki,31200KSP901S,1,Pcs.,1363.98,1363.98
2026-07-07,26-27/01551/Hero,Verma Auto Agencies | AFM | Barabanki,33120AADH00S,8,Pcs.,266.53,2132.24
2026-07-07,26-27/01551/Hero,Verma Auto Agencies | AFM | Barabanki,35100AAE102S,3,Pcs.,285.34,856.02
2026-07-07,26-27/01551/Hero,Verma Auto Agencies | AFM | Barabanki,37100AAEH00S,1,Pcs.,906.19,906.19
2026-07-07,26-27/01551/Hero,Verma Auto Agencies | AFM | Barabanki,37210AAH101S,2,Pcs.,225.76,451.52
2026-07-07,26-27/01551/Hero,Verma Auto Agencies | AFM | Barabanki,37800AAE30099S,3,Pcs.,260.25,780.75
2026-07-07,26-27/01551/Hero,Verma Auto Agencies | AFM | Barabanki,35100AACH01S,10,Pcs.,329.24,3292.4
2026-07-07,26-27/01551/Hero,Verma Auto Agencies | AFM | Barabanki,61100KTCA20ZAS,2,Pcs.,730.6,1461.2
2026-07-07,26-27/01551/Hero,Verma Auto Agencies | AFM | Barabanki,18355KWH760S,10,Pcs.,203.45,2034.5
2026-07-07,26-27/01551/Hero,Verma Auto Agencies | AFM | Barabanki,61100KST940ZAS,3,Pcs.,608.3,1824.9
2026-07-07,26-27/01551/Hero,Verma Auto Agencies | AFM | Barabanki,61100KST940ZAS,1,Pcs.,496.68,496.68
2026-07-07,26-27/01551/Hero,Verma Auto Agencies | AFM | Barabanki,6410AAAGH20S,5,Pcs.,235.17,1175.85
2026-07-07,26-27/01551/Hero,Verma Auto Agencies | AFM | Barabanki,6410AAAGH20S,5,Pcs.,213.84,1069.2
2026-07-07,26-27/01551/Hero,Verma Auto Agencies | AFM | Barabanki,80100KST940S,4,Pcs.,395.09,1580.36
2026-07-07,26-27/01551/Hero,Verma Auto Agencies | AFM | Barabanki,14566086030S,40,Pcs.,6.27,250.8
2026-07-07,26-27/01551/Hero,Verma Auto Agencies | AFM | Barabanki,14670ACK000S,35,Pcs.,31.35,1097.25
2026-07-07,26-27/01551/Hero,Verma Auto Agencies | AFM | Barabanki,14675178000S,60,Pcs.,40.76,2445.6
2026-07-07,26-27/01551/Hero,Verma Auto Agencies | AFM | Barabanki,16100KTCA21S,2,Pcs.,1464.32,2928.64
2026-07-07,26-27/01551/Hero,Verma Auto Agencies | AFM | Barabanki,17681KTC900S,15,Pcs.,10.66,159.9
2026-07-07,26-27/01551/Hero,Verma Auto Agencies | AFM | Barabanki,22205AAG501S,15,Pcs.,88.8,1332.0
2026-07-07,26-27/01551/Hero,Verma Auto Agencies | AFM | Barabanki,22205AAG501S,6,Pcs.,103.22,619.32
2026-07-07,26-27/01551/Hero,Verma Auto Agencies | AFM | Barabanki,22350AAF400S,10,Pcs.,112.63,1126.3
2026-07-07,26-27/01551/Hero,Verma Auto Agencies | AFM | Barabanki,23431GN5910S,4,Pcs.,404.49,1617.96
2026-07-07,26-27/01551/Hero,Verma Auto Agencies | AFM | Barabanki,23451GK4761S,2,Pcs.,357.46,714.92
2026-07-07,26-27/01551/Hero,Verma Auto Agencies | AFM | Barabanki,30700ACK00099S,10,Pcs.,68.98,689.8
2026-07-07,26-27/01551/Hero,Verma Auto Agencies | AFM | Barabanki,31200KSP901S,1,Pcs.,1363.98,1363.98
2026-07-07,26-27/01551/Hero,Verma Auto Agencies | AFM | Barabanki,31600ACK001S,2,Pcs.,671.65,1343.3
2026-07-07,26-27/01551/Hero,Verma Auto Agencies | AFM | Barabanki,35100AAE102S,2,Pcs.,285.34,570.68
2026-07-07,26-27/01551/Hero,Verma Auto Agencies | AFM | Barabanki,35150AAC811S,12,Pcs.,92.48,1109.76
2026-07-07,26-27/01551/Hero,Verma Auto Agencies | AFM | Barabanki,35200AAE11099S,5,Pcs.,313.56,1567.8
2026-07-07,26-27/01551/Hero,Verma Auto Agencies | AFM | Barabanki,35750001000S,40,Pcs.,40.76,1630.4
2026-07-07,26-27/01551/Hero,Verma Auto Agencies | AFM | Barabanki,43125KST940S,8,Pcs.,84.66,677.28
2026-07-07,26-27/01551/Hero,Verma Auto Agencies | AFM | Barabanki,14566086030S,320,Pcs.,6.27,2006.4
2026-07-07,26-27/01551/Hero,Verma Auto Agencies | AFM | Barabanki,14670ACK000S,4,Pcs.,31.35,125.4
2026-07-07,26-27/01551/Hero,Verma Auto Agencies | AFM | Barabanki,22205AAG501S,15,Pcs.,96.95,1454.25
2026-07-07,26-27/01551/Hero,Verma Auto Agencies | AFM | Barabanki,22350AAF400S,1,Pcs.,112.63,112.63
2026-07-07,26-27/01551/Hero,Verma Auto Agencies | AFM | Barabanki,23431GN5910S,2,Pcs.,404.49,808.98
2026-07-07,26-27/01551/Hero,Verma Auto Agencies | AFM | Barabanki,30700ACK00099S,5,Pcs.,68.98,344.9
2026-07-07,26-27/01551/Hero,Verma Auto Agencies | AFM | Barabanki,35150AAC811S,4,Pcs.,92.48,369.92
2026-07-07,26-27/01551/Hero,Verma Auto Agencies | AFM | Barabanki,35200AAE11099S,1,Pcs.,269.66,269.66
2026-07-07,26-27/01551/Hero,Verma Auto Agencies | AFM | Barabanki,35200AAE11099S,2,Pcs.,313.56,627.12
2026-07-07,26-27/01551/Hero,Verma Auto Agencies | AFM | Barabanki,43125KST940S,12,Pcs.,84.66,1015.92
2026-07-07,26-27/01551/Hero,Verma Auto Agencies | AFM | Barabanki,80100AAE300S,1,Pcs.,730.6,730.6
2026-07-07,26-27/01551/Hero,Verma Auto Agencies | AFM | Barabanki,80100AAE300S,1,Pcs.,730.6,730.6
2026-07-07,26-27/01551/Hero,Verma Auto Agencies | AFM | Barabanki,K44446AAFB000S,1,Pcs.,3070.3,3070.3
2026-07-07,26-27/01551/Hero,Verma Auto Agencies | AFM | Barabanki,K42426AAED230S,1,Pcs.,3775.25,3775.25
2026-07-07,26-27/01551/Hero,Verma Auto Agencies | AFM | Barabanki,K44446AAED230S,1,Pcs.,3430.34,3430.34
2026-07-07,26-27/01551/Hero,Verma Auto Agencies | AFM | Barabanki,K44426AAEAH00S,1,Pcs.,3342.54,3342.54
2026-07-07,26-27/01551/Hero,Verma Auto Agencies | AFM | Barabanki,42301ABA000S,25,Pcs.,68.98,1724.5
2026-07-07,26-27/01551/Hero,Verma Auto Agencies | AFM | Barabanki,43125KST940S,6,Pcs.,87.79,526.74
2026-07-07,26-27/01551/Hero,Verma Auto Agencies | AFM | Barabanki,961006001000S,50,Pcs.,65.84,3292.0
2026-07-07,26-27/01551/Hero,Verma Auto Agencies | AFM | Barabanki,K12121ACKA000S,1,Pcs.,1605.42,1605.42
2026-07-07,26-27/01551/Hero,Verma Auto Agencies | AFM | Barabanki,K50505ACKH700S,5,Pcs.,109.75,548.75
2026-07-07,26-27/01551/Hero,Verma Auto Agencies | AFM | Barabanki,K50505ACKH700S,20,Pcs.,112.88,2257.6
2026-07-07,26-27/01551/Hero,Verma Auto Agencies | AFM | Barabanki,K40405KCCA901S,4,Pcs.,373.14,1492.56
2026-07-07,26-27/01551/Hero,Verma Auto Agencies | AFM | Barabanki,K40405KCCA901S,4,Pcs.,373.14,1492.56
2026-07-07,26-27/01551/Hero,Verma Auto Agencies | AFM | Barabanki,K40405KCCA901S,2,Pcs.,338.02,676.04
2026-07-07,26-27/01551/Hero,Verma Auto Agencies | AFM | Barabanki,15410AAF40099S,50,Pcs.,59.58,2979.0
2026-07-07,26-27/01551/Hero,Verma Auto Agencies | AFM | Barabanki,15410AAF40099S,10,Pcs.,59.58,595.8
2026-07-07,26-27/01551/Hero,Verma Auto Agencies | AFM | Barabanki,51401KTC901S,55,Pcs.,59.58,3276.9
2026-07-07,26-27/01552/Hero,Verma Auto Agencies | AFM | Barabanki,88110AAHH00S,10,Pcs.,100.34,1003.4
2026-07-07,26-27/01552/Hero,Verma Auto Agencies | AFM | Barabanki,88110AAHH00S,10,Pcs.,100.34,1003.4
2026-07-07,26-27/01552/Hero,Verma Auto Agencies | AFM | Barabanki,88110AAHH00S,10,Pcs.,100.34,1003.4
2026-07-07,26-27/01552/Hero,Verma Auto Agencies | AFM | Barabanki,88110AAHH00S,10,Pcs.,100.34,1003.4
2026-07-07,26-27/01552/Hero,Verma Auto Agencies | AFM | Barabanki,88110AAHH00S,10,Pcs.,100.34,1003.4
2026-07-07,26-27/01552/Hero,Verma Auto Agencies | AFM | Barabanki,23121KST901S,60,Pcs.,185.0,11100.0
2026-07-07,26-27/01552/Hero,Verma Auto Agencies | AFM | Barabanki,23121KST901S,60,Pcs.,185.0,11100.0
2026-07-07,26-27/01552/Hero,Verma Auto Agencies | AFM | Barabanki,88110AAHH00S,10,Pcs.,87.79,877.9
2026-07-07,26-27/01552/Hero,Verma Auto Agencies | AFM | Barabanki,88110AAHH00S,10,Pcs.,100.34,1003.4
2026-07-07,26-27/01552/Hero,Verma Auto Agencies | AFM | Barabanki,23121KST901S,60,Pcs.,185.0,11100.0
2026-07-07,26-27/01552/Hero,Verma Auto Agencies | AFM | Barabanki,23121KST901S,60,Pcs.,185.0,11100.0
2026-07-07,26-27/01552/Hero,Verma Auto Agencies | AFM | Barabanki,14401AAD00099S,120,Pcs.,94.07,11288.4
2026-07-07,26-27/01552/Hero,Verma Auto Agencies | AFM | Barabanki,14401AAD00099S,120,Pcs.,94.07,11288.4
2026-07-07,26-27/01552/Hero,Verma Auto Agencies | AFM | Barabanki,14401AAD00099S,120,Pcs.,94.07,11288.4
2026-07-07,26-27/01552/Hero,Verma Auto Agencies | AFM | Barabanki,88110AAHH00S,10,Pcs.,87.79,877.9
2026-07-07,26-27/01552/Hero,Verma Auto Agencies | AFM | Barabanki,88110AAHH00S,10,Pcs.,87.79,877.9
2026-07-07,26-27/01552/Hero,Verma Auto Agencies | AFM | Barabanki,88110AAHH00S,10,Pcs.,87.79,877.9
2026-07-07,26-27/01552/Hero,Verma Auto Agencies | AFM | Barabanki,44830KST940S,50,Pcs.,59.95,2997.5
2026-07-07,26-27/01552/Hero,Verma Auto Agencies | AFM | Barabanki,44830KST940S,50,Pcs.,59.95,2997.5
2026-07-07,26-27/01552/Hero,Verma Auto Agencies | AFM | Barabanki,45475AAT200S,30,Pcs.,106.61,3198.3
2026-07-07,26-27/01552/Hero,Verma Auto Agencies | AFM | Barabanki,45125KCCH00S,100,Pcs.,62.72,6272.0
2026-07-07,26-27/01552/Hero,Verma Auto Agencies | AFM | Barabanki,45125KCCH00S,100,Pcs.,62.72,6272.0
2026-07-07,26-27/01552/Hero,Verma Auto Agencies | AFM | Barabanki,43120365H70S,100,Pcs.,56.44,5644.0
2026-07-07,26-27/01552/Hero,Verma Auto Agencies | AFM | Barabanki,43120365H70S,100,Pcs.,56.44,5644.0
2026-07-07,26-27/01552/Hero,Verma Auto Agencies | AFM | Barabanki,43120365H70S,100,Pcs.,56.44,5644.0
2026-07-07,26-27/01552/Hero,Verma Auto Agencies | AFM | Barabanki,52400KTR841S,10,Pcs.,630.42,6304.2
2026-07-07,26-27/01552/Hero,Verma Auto Agencies | AFM | Barabanki,52400KTCA21S,10,Pcs.,555.17,5551.7
2026-07-07,26-27/01552/Hero,Verma Auto Agencies | AFM | Barabanki,52400KTCA21S,10,Pcs.,555.17,5551.7
2026-07-07,26-27/01552/Hero,Verma Auto Agencies | AFM | Barabanki,52400KTR841S,10,Pcs.,630.42,6304.2
2026-07-07,26-27/01552/Hero,Verma Auto Agencies | AFM | Barabanki,22870KCC900S,50,Pcs.,68.73,3436.5
2026-07-07,26-27/01552/Hero,Verma Auto Agencies | AFM | Barabanki,22870KCC900S,50,Pcs.,68.73,3436.5
2026-07-07,26-27/01552/Hero,Verma Auto Agencies | AFM | Barabanki,22870KCC900S,50,Pcs.,68.73,3436.5
2026-07-07,26-27/01552/Hero,Verma Auto Agencies | AFM | Barabanki,22870KCC900S,50,Pcs.,68.73,3436.5
2026-07-07,26-27/01552/Hero,Verma Auto Agencies | AFM | Barabanki,45125KCCH00S,100,Pcs.,62.72,6272.0
2026-07-07,26-27/01552/Hero,Verma Auto Agencies | AFM | Barabanki,88110AAEH31S,20,Pcs.,109.75,2195.0
2026-07-07,26-27/01552/Hero,Verma Auto Agencies | AFM | Barabanki,88110AAEH31S,20,Pcs.,109.75,2195.0
2026-07-07,26-27/01552/Hero,Verma Auto Agencies | AFM | Barabanki,88110AAEH31S,20,Pcs.,109.75,2195.0
2026-07-07,26-27/01552/Hero,Verma Auto Agencies | AFM | Barabanki,43120365H70S,100,Pcs.,56.44,5644.0
2026-07-07,26-27/01552/Hero,Verma Auto Agencies | AFM | Barabanki,88110AAEH31S,20,Pcs.,109.75,2195.0
2026-07-07,26-27/01552/Hero,Verma Auto Agencies | AFM | Barabanki,17213AACA0099S,40,Pcs.,134.83,5393.2
2026-07-07,26-27/01552/Hero,Verma Auto Agencies | AFM | Barabanki,17208AAT00099S,40,Pcs.,169.32,6772.8
2026-07-07,26-27/01552/Hero,Verma Auto Agencies | AFM | Barabanki,88110AAEH31S,20,Pcs.,109.75,2195.0
2026-07-07,26-27/01552/Hero,Verma Auto Agencies | AFM | Barabanki,17910KTC900S,50,Pcs.,50.34,2517.0
2026-07-07,26-27/01552/Hero,Verma Auto Agencies | AFM | Barabanki,14670035030LS,100,Pcs.,65.84,6584.0
2026-07-07,26-27/01552/Hero,Verma Auto Agencies | AFM | Barabanki,14670035030LS,100,Pcs.,65.84,6584.0
2026-07-07,26-27/01552/Hero,Verma Auto Agencies | AFM | Barabanki,23123KGH900S,20,Pcs.,203.81,4076.2
2026-07-07,26-27/01552/Hero,Verma Auto Agencies | AFM | Barabanki,22311107000S,150,Pcs.,31.1,4665.0
2026-07-07,26-27/01552/Hero,Verma Auto Agencies | AFM | Barabanki,17213AACA0099S,40,Pcs.,134.83,5393.2
2026-07-07,26-27/01552/Hero,Verma Auto Agencies | AFM | Barabanki,3310BAAH10099S,6,Pcs.,385.68,2314.08
2026-07-07,26-27/01552/Hero,Verma Auto Agencies | AFM | Barabanki,3310BAAH10099S,6,Pcs.,329.24,1975.44
2026-07-07,26-27/01552/Hero,Verma Auto Agencies | AFM | Barabanki,3310BAAH10099S,6,Pcs.,329.24,1975.44
2026-07-07,26-27/01552/Hero,Verma Auto Agencies | AFM | Barabanki,3310BAAH10099S,6,Pcs.,329.24,1975.44
2026-07-07,26-27/01552/Hero,Verma Auto Agencies | AFM | Barabanki,38501AAW30099S,100,Pcs.,100.34,10034.0
2026-07-07,26-27/01552/Hero,Verma Auto Agencies | AFM | Barabanki,37230KWHH01S,100,Pcs.,53.3,5330.0
2026-07-07,26-27/01552/Hero,Verma Auto Agencies | AFM | Barabanki,ACKZC3H000000S,100,Pcs.,40.76,4076.0
2026-07-07,26-27/01552/Hero,Verma Auto Agencies | AFM | Barabanki,ACKZC3H000000S,100,Pcs.,40.76,4076.0
2026-07-07,26-27/01552/Hero,Verma Auto Agencies | AFM | Barabanki,ACKZC3H000000S,100,Pcs.,40.76,4076.0
2026-07-07,26-27/01552/Hero,Verma Auto Agencies | AFM | Barabanki,35100AAE301S,6,Pcs.,360.6,2163.6
2026-07-07,26-27/01552/Hero,Verma Auto Agencies | AFM | Barabanki,35100AAE301S,6,Pcs.,360.6,2163.6
2026-07-07,26-27/01552/Hero,Verma Auto Agencies | AFM | Barabanki,40531205010S,400,Pcs.,9.4,3760.0
2026-07-07,26-27/01552/Hero,Verma Auto Agencies | AFM | Barabanki,28251GF6000S,20,Pcs.,244.58,4891.6
2026-07-07,26-27/01552/Hero,Verma Auto Agencies | AFM | Barabanki,53140KTC900S,50,Pcs.,40.76,2038.0
2026-07-07,26-27/01552/Hero,Verma Auto Agencies | AFM | Barabanki,28251GF6000S,20,Pcs.,244.58,4891.6
2026-07-07,26-27/01552/Hero,Verma Auto Agencies | AFM | Barabanki,53140KTC900S,50,Pcs.,40.76,2038.0
2026-07-07,26-27/01552/Hero,Verma Auto Agencies | AFM | Barabanki,K22222KTRK000S,10,Pcs.,877.97,8779.7
2026-07-07,26-27/01552/Hero,Verma Auto Agencies | AFM | Barabanki,33110AAGH01S,1,Pcs.,357.59,357.59
2026-07-07,26-27/01552/Hero,Verma Auto Agencies | AFM | Barabanki,33110AAGH01S,1,Pcs.,323.68,323.68
2026-07-07,26-27/01552/Hero,Verma Auto Agencies | AFM | Barabanki,33110AAGH01S,4,Pcs.,416.15,1664.6
2026-07-07,26-27/01552/Hero,Verma Auto Agencies | AFM | Barabanki,45125AAHF0099S,2,Pcs.,92.19,184.38
2026-07-07,26-27/01552/Hero,Verma Auto Agencies | AFM | Barabanki,45125AAHF0099S,2,Pcs.,100.34,200.68
2026-07-07,26-27/01552/Hero,Verma Auto Agencies | AFM | Barabanki,53140KTC900S,8,Pcs.,40.76,326.08
2026-07-07,26-27/01552/Hero,Verma Auto Agencies | AFM | Barabanki,K14144AACK000S,20,Pcs.,301.02,6020.4
2026-07-07,26-27/01552/Hero,Verma Auto Agencies | AFM | Barabanki,K22222KTRK000S,2,Pcs.,862.28,1724.56
2026-07-07,26-27/01552/Hero,Verma Auto Agencies | AFM | Barabanki,K22222KTRK000S,2,Pcs.,877.97,1755.94
2026-07-07,26-27/01552/Hero,Verma Auto Agencies | AFM | Barabanki,33110AAGH01S,1,Pcs.,292.85,292.85
2026-07-07,26-27/01552/Hero,Verma Auto Agencies | AFM | Barabanki,33110AAGH01S,1,Pcs.,357.59,357.59
2026-07-07,26-27/01552/Hero,Verma Auto Agencies | AFM | Barabanki,33110AAGH01S,4,Pcs.,416.15,1664.6
2026-07-07,26-27/01552/Hero,Verma Auto Agencies | AFM | Barabanki,40531205010S,50,Pcs.,9.4,470.0
2026-07-07,26-27/01552/Hero,Verma Auto Agencies | AFM | Barabanki,45125AAHF0099S,42,Pcs.,100.34,4214.28
2026-07-07,26-27/01552/Hero,Verma Auto Agencies | AFM | Barabanki,53140KTC900S,2,Pcs.,40.76,81.52
2026-07-07,26-27/01552/Hero,Verma Auto Agencies | AFM | Barabanki,17910KTC900S,10,Pcs.,50.34,503.4
2026-07-07,26-27/01552/Hero,Verma Auto Agencies | AFM | Barabanki,33110AAGH01S,4,Pcs.,416.15,1664.6
2026-07-07,26-27/01552/Hero,Verma Auto Agencies | AFM | Barabanki,33110AAGH01S,2,Pcs.,357.59,715.18
2026-07-07,26-27/01552/Hero,Verma Auto Agencies | AFM | Barabanki,40531205010S,120,Pcs.,9.4,1128.0
2026-07-07,26-27/01552/Hero,Verma Auto Agencies | AFM | Barabanki,44830KST940S,1,Pcs.,65.59,65.59
2026-07-07,26-27/01552/Hero,Verma Auto Agencies | AFM | Barabanki,44830KST940S,9,Pcs.,75.0,675.0
2026-07-07,26-27/01552/Hero,Verma Auto Agencies | AFM | Barabanki,45125AAHF0099S,14,Pcs.,100.34,1404.76
2026-07-07,26-27/01552/Hero,Verma Auto Agencies | AFM | Barabanki,14401AAG00099S,29,Pcs.,194.4,5637.6
2026-07-07,26-27/01552/Hero,Verma Auto Agencies | AFM | Barabanki,17208AAT00099S,20,Pcs.,169.32,3386.4
2026-07-07,26-27/01552/Hero,Verma Auto Agencies | AFM | Barabanki,17213AACA0099S,7,Pcs.,109.75,768.25
2026-07-07,26-27/01552/Hero,Verma Auto Agencies | AFM | Barabanki,17910KTC900S,10,Pcs.,50.34,503.4
2026-07-07,26-27/01552/Hero,Verma Auto Agencies | AFM | Barabanki,22201AAHA01S,4,Pcs.,43.64,174.56
2026-07-07,26-27/01552/Hero,Verma Auto Agencies | AFM | Barabanki,22311107000S,3,Pcs.,27.96,83.88
2026-07-07,26-27/01552/Hero,Verma Auto Agencies | AFM | Barabanki,23123KGH900S,1,Pcs.,190.65,190.65
2026-07-07,26-27/01552/Hero,Verma Auto Agencies | AFM | Barabanki,23441GB4770S,4,Pcs.,346.79,1387.16
2026-07-07,26-27/01552/Hero,Verma Auto Agencies | AFM | Barabanki,14401AAG00099S,31,Pcs.,194.4,6026.4
2026-07-07,26-27/01552/Hero,Verma Auto Agencies | AFM | Barabanki,17213AACA0099S,13,Pcs.,109.75,1426.75
2026-07-07,26-27/01552/Hero,Verma Auto Agencies | AFM | Barabanki,22311107000S,15,Pcs.,31.1,466.5
2026-07-07,26-27/01552/Hero,Verma Auto Agencies | AFM | Barabanki,22311107000S,12,Pcs.,27.96,335.52
2026-07-07,26-27/01552/Hero,Verma Auto Agencies | AFM | Barabanki,23123KGH900S,1,Pcs.,190.65,190.65
2026-07-07,26-27/01552/Hero,Verma Auto Agencies | AFM | Barabanki,23441GB4770S,6,Pcs.,346.79,2080.74
2026-07-07,26-27/01552/Hero,Verma Auto Agencies | AFM | Barabanki,K55912HF100DS,50,Pcs.,75.25,3762.5
2026-07-07,26-27/01552/Hero,Verma Auto Agencies | AFM | Barabanki,35100AAE301S,4,Pcs.,360.6,1442.4
2026-07-07,26-27/01552/Hero,Verma Auto Agencies | AFM | Barabanki,35150KWA841S,25,Pcs.,84.66,2116.5
2026-07-07,26-27/01552/Hero,Verma Auto Agencies | AFM | Barabanki,37230KWHH01S,30,Pcs.,53.3,1599.0
2026-07-07,26-27/01552/Hero,Verma Auto Agencies | AFM | Barabanki,45475AAT200S,7,Pcs.,106.61,746.27
2026-07-07,26-27/01552/Hero,Verma Auto Agencies | AFM | Barabanki,K55912HF100DS,138,Pcs.,75.25,10384.5
2026-07-07,26-27/01552/Hero,Verma Auto Agencies | AFM | Barabanki,43100153600HS,5,Pcs.,420.17,2100.85
2026-07-07,26-27/01552/Hero,Verma Auto Agencies | AFM | Barabanki,43100153600HS,5,Pcs.,420.17,2100.85
2026-07-07,26-27/01552/Hero,Verma Auto Agencies | AFM | Barabanki,35100AAHH50S,10,Pcs.,373.14,3731.4
2026-07-07,26-27/01552/Hero,Verma Auto Agencies | AFM | Barabanki,35100AAHH50S,10,Pcs.,344.91,3449.1
2026-07-07,26-27/01552/Hero,Verma Auto Agencies | AFM | Barabanki,K42423KSTG940S,50,Pcs.,50.17,2508.5
2026-07-07,26-27/01552/Hero,Verma Auto Agencies | AFM | Barabanki,K42423KSTG940S,50,Pcs.,50.17,2508.5
2026-07-07,26-27/01552/Hero,Verma Auto Agencies | AFM | Barabanki,K42423KSTG940S,50,Pcs.,50.17,2508.5
2026-07-07,26-27/01552/Hero,Verma Auto Agencies | AFM | Barabanki,22201AAHA01S,224,Pcs.,43.64,9775.36
2026-07-07,26-27/01552/Hero,Verma Auto Agencies | AFM | Barabanki,22201AAHA01S,224,Pcs.,43.64,9775.36
2026-07-07,26-27/01552/Hero,Verma Auto Agencies | AFM | Barabanki,22201AAHA01S,224,Pcs.,43.64,9775.36
2026-07-07,26-27/01552/Hero,Verma Auto Agencies | AFM | Barabanki,22201AAHA01S,224,Pcs.,43.64,9775.36
2026-07-07,26-27/01552/Hero,Verma Auto Agencies | AFM | Barabanki,14610086000RS,200,Pcs.,62.72,12544.0
2026-07-07,26-27/01552/Hero,Verma Auto Agencies | AFM | Barabanki,14610086000RS,200,Pcs.,62.72,12544.0
2026-07-07,26-27/01552/Hero,Verma Auto Agencies | AFM | Barabanki,25K160S,50,Pcs.,210.09,10504.5
2026-07-07,26-27/01552/Hero,Verma Auto Agencies | AFM | Barabanki,25K160S,50,Pcs.,210.09,10504.5
2026-07-07,26-27/01552/Hero,Verma Auto Agencies | AFM | Barabanki,12209GB4685S,200,Pcs.,31.35,6270.0
2026-07-07,26-27/01552/Hero,Verma Auto Agencies | AFM | Barabanki,12209GB4685S,200,Pcs.,31.35,6270.0
2026-07-07,26-27/01552/Hero,Verma Auto Agencies | AFM | Barabanki,45450KCC900S,50,Pcs.,94.07,4703.5
2026-07-07,26-27/01552/Hero,Verma Auto Agencies | AFM | Barabanki,13012GN5315LS,30,Pcs.,163.05,4891.5
2026-07-07,26-27/01552/Hero,Verma Auto Agencies | AFM | Barabanki,14401AAF40099S,10,Pcs.,100.34,1003.4
2026-07-07,26-27/01552/Hero,Verma Auto Agencies | AFM | Barabanki,16100KWA935S,3,Pcs.,1614.83,4844.49
2026-07-07,26-27/01552/Hero,Verma Auto Agencies | AFM | Barabanki,16100KWH762S,4,Pcs.,1411.02,5644.08
2026-07-07,26-27/01552/Hero,Verma Auto Agencies | AFM | Barabanki,25K160S,9,Pcs.,210.09,1890.81
2026-07-07,26-27/01552/Hero,Verma Auto Agencies | AFM | Barabanki,31120KTRA01S,8,Pcs.,661.61,5292.88
2026-07-07,26-27/01552/Hero,Verma Auto Agencies | AFM | Barabanki,33K150S,15,Pcs.,418.89,6283.35
2026-07-07,26-27/01552/Hero,Verma Auto Agencies | AFM | Barabanki,33K150S,1,Pcs.,369.98,369.98
2026-07-07,26-27/01552/Hero,Verma Auto Agencies | AFM | Barabanki,33K150S,2,Pcs.,403.22,806.44
2026-07-07,26-27/01552/Hero,Verma Auto Agencies | AFM | Barabanki,33K150S,2,Pcs.,396.95,793.9
2026-07-07,26-27/01552/Hero,Verma Auto Agencies | AFM | Barabanki,K96961HF100DS,7,Pcs.,322.97,2260.79
2026-07-07,26-27/01552/Hero,Verma Auto Agencies | AFM | Barabanki,14401AAF40099S,30,Pcs.,100.34,3010.2
2026-07-07,26-27/01552/Hero,Verma Auto Agencies | AFM | Barabanki,25K160S,1,Pcs.,210.09,210.09
2026-07-07,26-27/01552/Hero,Verma Auto Agencies | AFM | Barabanki,45475AAT200S,18,Pcs.,106.61,1918.98
2026-07-07,26-27/01552/Hero,Verma Auto Agencies | AFM | Barabanki,K96961HF100DS,13,Pcs.,322.97,4198.61
2026-07-07,26-27/01552/Hero,Verma Auto Agencies | AFM | Barabanki,23801GF6000S,80,Pcs.,59.58,4766.4
2026-07-07,26-27/01552/Hero,Verma Auto Agencies | AFM | Barabanki,K42423KSTG940S,50,Pcs.,50.17,2508.5
2026-07-07,26-27/01552/Hero,Verma Auto Agencies | AFM | Barabanki,35330413003S,200,Pcs.,19.44,3888.0
2026-07-07,26-27/01552/Hero,Verma Auto Agencies | AFM | Barabanki,23801GF6000S,20,Pcs.,59.58,1191.6
2026-07-07,26-27/01552/Hero,Verma Auto Agencies | AFM | Barabanki,K55912HF100DS,1,Pcs.,68.98,68.98
2026-07-07,26-27/01552/Hero,Verma Auto Agencies | AFM | Barabanki,K55912HF100DS,11,Pcs.,75.25,827.75
2026-07-07,26-27/01553/Hero,Verma Auto Agencies | AFM | Barabanki,80100KTCA20S,2,Pcs.,473.47,946.94
2026-07-07,26-27/01553/Hero,Verma Auto Agencies | AFM | Barabanki,50400AAH700S,1,Pcs.,420.17,420.17
2026-07-07,26-27/01553/Hero,Verma Auto Agencies | AFM | Barabanki,50400AAH700S,1,Pcs.,375.65,375.65
2026-07-07,26-27/01553/Hero,Verma Auto Agencies | AFM | Barabanki,50400KST950S,1,Pcs.,823.4,823.4
2026-07-07,26-27/01553/Hero,Verma Auto Agencies | AFM | Barabanki,9501151000S,200,Pcs.,6.27,1254.0
2026-07-07,26-27/01553/Hero,Verma Auto Agencies | AFM | Barabanki,17910AAGA00S,10,Pcs.,90.93,909.3
2026-07-07,26-27/01553/Hero,Verma Auto Agencies | AFM | Barabanki,80120AACH30S,2,Pcs.,432.72,865.44
2026-07-07,26-27/01553/Hero,Verma Auto Agencies | AFM | Barabanki,22201AAG501S,4,Pcs.,100.08,400.32
2026-07-07,26-27/01553/Hero,Verma Auto Agencies | AFM | Barabanki,24610KTR940S,6,Pcs.,121.03,726.18
2026-07-07,26-27/01553/Hero,Verma Auto Agencies | AFM | Barabanki,31120KCC901S,1,Pcs.,736.86,736.86
2026-07-07,26-27/01553/Hero,Verma Auto Agencies | AFM | Barabanki,33120AAGA0099S,1,Pcs.,297.88,297.88
2026-07-07,26-27/01553/Hero,Verma Auto Agencies | AFM | Barabanki,33120AAGA0099S,1,Pcs.,341.78,341.78
2026-07-07,26-27/01553/Hero,Verma Auto Agencies | AFM | Barabanki,35200AANK01S,1,Pcs.,316.7,316.7
2026-07-07,26-27/01553/Hero,Verma Auto Agencies | AFM | Barabanki,37100AAE30099S,1,Pcs.,915.6,915.6
2026-07-07,26-27/01553/Hero,Verma Auto Agencies | AFM | Barabanki,37210AAE31099S,1,Pcs.,285.34,285.34
2026-07-07,26-27/01553/Hero,Verma Auto Agencies | AFM | Barabanki,37800ACK00099S,1,Pcs.,197.54,197.54
2026-07-07,26-27/01553/Hero,Verma Auto Agencies | AFM | Barabanki,37800ACK00099S,3,Pcs.,225.76,677.28
2026-07-07,26-27/01553/Hero,Verma Auto Agencies | AFM | Barabanki,17253KTC900S,3,Pcs.,72.12,216.36
2026-07-07,26-27/01553/Hero,Verma Auto Agencies | AFM | Barabanki,17910AAGA00S,2,Pcs.,90.93,181.86
2026-07-07,26-27/01553/Hero,Verma Auto Agencies | AFM | Barabanki,22121AAHF01S,2,Pcs.,197.54,395.08
2026-07-07,26-27/01553/Hero,Verma Auto Agencies | AFM | Barabanki,22201AAG501S,6,Pcs.,100.08,600.48
2026-07-07,26-27/01553/Hero,Verma Auto Agencies | AFM | Barabanki,28110ACK010S,2,Pcs.,332.37,664.74
2026-07-07,26-27/01553/Hero,Verma Auto Agencies | AFM | Barabanki,31210AAF401S,1,Pcs.,1116.27,1116.27
2026-07-07,26-27/01553/Hero,Verma Auto Agencies | AFM | Barabanki,33120KZAW01S,2,Pcs.,467.21,934.42
2026-07-07,26-27/01553/Hero,Verma Auto Agencies | AFM | Barabanki,33702KCC830S,5,Pcs.,147.37,736.85
2026-07-07,26-27/01553/Hero,Verma Auto Agencies | AFM | Barabanki,35200AANK01S,1,Pcs.,316.7,316.7
2026-07-07,26-27/01553/Hero,Verma Auto Agencies | AFM | Barabanki,37210AAE31099S,1,Pcs.,285.34,285.34
2026-07-07,26-27/01553/Hero,Verma Auto Agencies | AFM | Barabanki,37610KWH961S,4,Pcs.,210.09,840.36
2026-07-07,26-27/01553/Hero,Verma Auto Agencies | AFM | Barabanki,41241AAN410S,40,Pcs.,28.22,1128.8
2026-07-07,26-27/01553/Hero,Verma Auto Agencies | AFM | Barabanki,52147KTC900S,29,Pcs.,28.22,818.38
2026-07-07,26-27/01553/Hero,Verma Auto Agencies | AFM | Barabanki,K55912KTCE900S,40,Pcs.,34.49,1379.6
2026-07-07,26-27/01553/Hero,Verma Auto Agencies | AFM | Barabanki,11321KWA940S,3,Pcs.,94.07,282.21
2026-07-07,26-27/01553/Hero,Verma Auto Agencies | AFM | Barabanki,11321KWA940S,7,Pcs.,90.93,636.51
2026-07-07,26-27/01553/Hero,Verma Auto Agencies | AFM | Barabanki,11321KWA940S,4,Pcs.,83.4,333.6
2026-07-07,26-27/01553/Hero,Verma Auto Agencies | AFM | Barabanki,13012AAF00099S,4,Pcs.,210.09,840.36
2026-07-07,26-27/01553/Hero,Verma Auto Agencies | AFM | Barabanki,14610AAT000S,5,Pcs.,66.47,332.35
2026-07-07,26-27/01553/Hero,Verma Auto Agencies | AFM | Barabanki,14610AAT000S,5,Pcs.,78.39,391.95
2026-07-07,26-27/01553/Hero,Verma Auto Agencies | AFM | Barabanki,16450AAL901S,1,Pcs.,787.03,787.03
2026-07-07,26-27/01553/Hero,Verma Auto Agencies | AFM | Barabanki,16701AAF400S,10,Pcs.,87.79,877.9
2026-07-07,26-27/01553/Hero,Verma Auto Agencies | AFM | Barabanki,17253KTC900S,8,Pcs.,81.53,652.24
2026-07-07,26-27/01553/Hero,Verma Auto Agencies | AFM | Barabanki,17253KTC900S,4,Pcs.,72.12,288.48
2026-07-07,26-27/01553/Hero,Verma Auto Agencies | AFM | Barabanki,17910AAEC00S,15,Pcs.,81.53,1222.95
2026-07-07,26-27/01553/Hero,Verma Auto Agencies | AFM | Barabanki,17910AAGA00S,3,Pcs.,90.93,272.79
2026-07-07,26-27/01553/Hero,Verma Auto Agencies | AFM | Barabanki,17910AAN410S,15,Pcs.,56.61,849.15
2026-07-07,26-27/01553/Hero,Verma Auto Agencies | AFM | Barabanki,18355AAH500S,3,Pcs.,140.47,421.41
2026-07-07,26-27/01553/Hero,Verma Auto Agencies | AFM | Barabanki,18355AAH500S,2,Pcs.,163.05,326.1
2026-07-07,26-27/01553/Hero,Verma Auto Agencies | AFM | Barabanki,18355AAH500S,1,Pcs.,166.19,166.19
2026-07-07,26-27/01553/Hero,Verma Auto Agencies | AFM | Barabanki,22121AAHF01S,3,Pcs.,197.54,592.62
2026-07-07,26-27/01553/Hero,Verma Auto Agencies | AFM | Barabanki,22311AAHA01S,21,Pcs.,24.83,521.43
2026-07-07,26-27/01553/Hero,Verma Auto Agencies | AFM | Barabanki,22321AAG501S,32,Pcs.,37.63,1204.16
2026-07-07,26-27/01553/Hero,Verma Auto Agencies | AFM | Barabanki,22815166000S,150,Pcs.,6.27,940.5
2026-07-07,26-27/01553/Hero,Verma Auto Agencies | AFM | Barabanki,28110ACK010S,1,Pcs.,332.37,332.37
2026-07-07,26-27/01553/Hero,Verma Auto Agencies | AFM | Barabanki,30700098150S,7,Pcs.,65.84,460.88
2026-07-07,26-27/01553/Hero,Verma Auto Agencies | AFM | Barabanki,30700098150S,3,Pcs.,63.97,191.91
2026-07-07,26-27/01553/Hero,Verma Auto Agencies | AFM | Barabanki,30700KJ9020S,10,Pcs.,62.72,627.2
2026-07-07,26-27/01553/Hero,Verma Auto Agencies | AFM | Barabanki,30700KTCA21S,10,Pcs.,56.44,564.4
2026-07-07,26-27/01553/Hero,Verma Auto Agencies | AFM | Barabanki,31201AAT012S,2,Pcs.,31.35,62.7
2026-07-07,26-27/01553/Hero,Verma Auto Agencies | AFM | Barabanki,31201AAT012S,30,Pcs.,34.49,1034.7
2026-07-07,26-27/01553/Hero,Verma Auto Agencies | AFM | Barabanki,35010AAGJ0099S,1,Pcs.,802.89,802.89
2026-07-07,26-27/01553/Hero,Verma Auto Agencies | AFM | Barabanki,35130ABH501S,25,Pcs.,47.03,1175.75
2026-07-07,26-27/01553/Hero,Verma Auto Agencies | AFM | Barabanki,35200AANK01S,1,Pcs.,316.7,316.7
2026-07-07,26-27/01553/Hero,Verma Auto Agencies | AFM | Barabanki,52147KTC900S,1,Pcs.,28.22,28.22
2026-07-07,26-27/01553/Hero,Verma Auto Agencies | AFM | Barabanki,53167GE4000S,10,Pcs.,16.05,160.5
2026-07-07,26-27/01553/Hero,Verma Auto Agencies | AFM | Barabanki,53167GE4000S,30,Pcs.,18.81,564.3
2026-07-07,26-27/01553/Hero,Verma Auto Agencies | AFM | Barabanki,91303719000S,60,Pcs.,3.76,225.6
2026-07-07,26-27/01553/Hero,Verma Auto Agencies | AFM | Barabanki,91303719000S,140,Pcs.,6.27,877.8
2026-07-07,26-27/01553/Hero,Verma Auto Agencies | AFM | Barabanki,K13130AAFF400S,2,Pcs.,398.84,797.68
2026-07-07,26-27/01553/Hero,Verma Auto Agencies | AFM | Barabanki,K31913HF100DS,20,Pcs.,40.76,815.2
2026-07-07,26-27/01553/Hero,Verma Auto Agencies | AFM | Barabanki,K40405AAGRC00S,2,Pcs.,514.4,1028.8
2026-07-07,26-27/01553/Hero,Verma Auto Agencies | AFM | Barabanki,K41412ACLA000S,1,Pcs.,890.51,890.51
2026-07-07,26-27/01554/Hero,Verma Auto Agencies | AFM | Barabanki,81200AAD300S,1,Pcs.,623.98,623.98
2026-07-07,26-27/01554/Hero,Verma Auto Agencies | AFM | Barabanki,61000AAHF00RS,1,Pcs.,633.39,633.39
2026-07-07,26-27/01554/Hero,Verma Auto Agencies | AFM | Barabanki,40510AAT000S,2,Pcs.,141.1,282.2
2026-07-07,26-27/01554/Hero,Verma Auto Agencies | AFM | Barabanki,40510AAT000S,2,Pcs.,141.1,282.2
2026-07-07,26-27/01554/Hero,Verma Auto Agencies | AFM | Barabanki,40520AAT000S,2,Pcs.,137.97,275.94
2026-07-07,26-27/01554/Hero,Verma Auto Agencies | AFM | Barabanki,40520AAT000S,2,Pcs.,134.21,268.42
2026-07-07,26-27/01554/Hero,Verma Auto Agencies | AFM | Barabanki,12391AANB01S,1,Pcs.,31.35,31.35
2026-07-07,26-27/01554/Hero,Verma Auto Agencies | AFM | Barabanki,14100AAT000S,1,Pcs.,520.51,520.51
2026-07-07,26-27/01554/Hero,Verma Auto Agencies | AFM | Barabanki,14541GB4681S,200,Pcs.,3.14,628.0
2026-07-07,26-27/01554/Hero,Verma Auto Agencies | AFM | Barabanki,15651198900S,10,Pcs.,25.09,250.9
2026-07-07,26-27/01554/Hero,Verma Auto Agencies | AFM | Barabanki,22102KWP900S,1,Pcs.,219.49,219.49
2026-07-07,26-27/01554/Hero,Verma Auto Agencies | AFM | Barabanki,22102KWP900S,1,Pcs.,199.42,199.42
2026-07-07,26-27/01554/Hero,Verma Auto Agencies | AFM | Barabanki,22121AANB01S,2,Pcs.,206.95,413.9
2026-07-07,26-27/01554/Hero,Verma Auto Agencies | AFM | Barabanki,24261121742S,60,Pcs.,3.14,188.4
2026-07-07,26-27/01554/Hero,Verma Auto Agencies | AFM | Barabanki,28281KPH900S,5,Pcs.,21.95,109.75
2026-07-07,26-27/01554/Hero,Verma Auto Agencies | AFM | Barabanki,28281KPH900S,25,Pcs.,16.93,423.25
2026-07-07,26-27/01554/Hero,Verma Auto Agencies | AFM | Barabanki,31202GB2700LS,10,Pcs.,40.76,407.6
2026-07-07,26-27/01554/Hero,Verma Auto Agencies | AFM | Barabanki,3310BAAD20099S,1,Pcs.,445.25,445.25
2026-07-07,26-27/01554/Hero,Verma Auto Agencies | AFM | Barabanki,35100AAJH01S,2,Pcs.,175.6,351.2
2026-07-07,26-27/01554/Hero,Verma Auto Agencies | AFM | Barabanki,35100ACLD0099S,2,Pcs.,326.1,652.2
2026-07-07,26-27/01554/Hero,Verma Auto Agencies | AFM | Barabanki,35200AAT011S,1,Pcs.,319.83,319.83
2026-07-07,26-27/01554/Hero,Verma Auto Agencies | AFM | Barabanki,37210ACK02099S,2,Pcs.,206.95,413.9
2026-07-07,26-27/01554/Hero,Verma Auto Agencies | AFM | Barabanki,37800AAG500S,2,Pcs.,316.7,633.4
2026-07-07,26-27/01554/Hero,Verma Auto Agencies | AFM | Barabanki,37800AAGA0099S,1,Pcs.,238.3,238.3
2026-07-07,26-27/01554/Hero,Verma Auto Agencies | AFM | Barabanki,83516KTCA20S,1,Pcs.,64.6,64.6
2026-07-07,26-27/01554/Hero,Verma Auto Agencies | AFM | Barabanki,90031GF6000RS,10,Pcs.,37.63,376.3
2026-07-07,26-27/01554/Hero,Verma Auto Agencies | AFM | Barabanki,90032GF6000RS,10,Pcs.,34.49,344.9
2026-07-07,26-27/01554/Hero,Verma Auto Agencies | AFM | Barabanki,91255ABZ000S,1,Pcs.,81.53,81.53
2026-07-07,26-27/01554/Hero,Verma Auto Agencies | AFM | Barabanki,K14144AAFF400S,1,Pcs.,448.39,448.39
2026-07-07,26-27/01554/Hero,Verma Auto Agencies | AFM | Barabanki,K14144KTCE900S,2,Pcs.,285.34,570.68
2026-07-07,26-27/01554/Hero,Verma Auto Agencies | AFM | Barabanki,K22228HF100DS,2,Pcs.,47.03,94.06
2026-07-07,26-27/01554/Hero,Verma Auto Agencies | AFM | Barabanki,14510KTC901S,10,Pcs.,50.17,501.7
2026-07-07,26-27/01554/Hero,Verma Auto Agencies | AFM | Barabanki,15651198900S,10,Pcs.,25.09,250.9
2026-07-07,26-27/01554/Hero,Verma Auto Agencies | AFM | Barabanki,37800AAGA0099S,1,Pcs.,238.3,238.3
2026-07-07,26-27/01554/Hero,Verma Auto Agencies | AFM | Barabanki,61311KTRA20S,2,Pcs.,253.98,507.96
2026-07-07,26-27/01554/Hero,Verma Auto Agencies | AFM | Barabanki,88110AAW000S,2,Pcs.,194.4,388.8
2026-07-07,26-27/01554/Hero,Verma Auto Agencies | AFM | Barabanki,88120AAW000S,1,Pcs.,216.35,216.35
2026-07-07,26-27/01554/Hero,Verma Auto Agencies | AFM | Barabanki,88120AAW000S,1,Pcs.,194.4,194.4
2026-07-07,26-27/01554/Hero,Verma Auto Agencies | AFM | Barabanki,12341KST870S,1,Pcs.,64.6,64.6
2026-07-07,26-27/01554/Hero,Verma Auto Agencies | AFM | Barabanki,12341KST870S,3,Pcs.,75.25,225.75
2026-07-07,26-27/01554/Hero,Verma Auto Agencies | AFM | Barabanki,12391AANB01S,1,Pcs.,25.72,25.72
2026-07-07,26-27/01554/Hero,Verma Auto Agencies | AFM | Barabanki,12391AANB01S,8,Pcs.,31.35,250.8
2026-07-07,26-27/01554/Hero,Verma Auto Agencies | AFM | Barabanki,12391AAW000S,2,Pcs.,148.0,296.0
2026-07-07,26-27/01554/Hero,Verma Auto Agencies | AFM | Barabanki,14440KWP900S,1,Pcs.,181.86,181.86
2026-07-07,26-27/01554/Hero,Verma Auto Agencies | AFM | Barabanki,14440KWP900S,1,Pcs.,203.81,203.81
2026-07-07,26-27/01554/Hero,Verma Auto Agencies | AFM | Barabanki,14531035000S,5,Pcs.,10.03,50.15
2026-07-07,26-27/01554/Hero,Verma Auto Agencies | AFM | Barabanki,14531035000S,15,Pcs.,15.68,235.2
2026-07-07,26-27/01554/Hero,Verma Auto Agencies | AFM | Barabanki,16424AAGA00S,3,Pcs.,122.28,366.84
2026-07-07,26-27/01554/Hero,Verma Auto Agencies | AFM | Barabanki,17211KVN900S,1,Pcs.,100.34,100.34
2026-07-07,26-27/01554/Hero,Verma Auto Agencies | AFM | Barabanki,23112AAJH10S,4,Pcs.,75.25,301.0
2026-07-07,26-27/01554/Hero,Verma Auto Agencies | AFM | Barabanki,24261121742S,40,Pcs.,3.14,125.6
2026-07-07,26-27/01554/Hero,Verma Auto Agencies | AFM | Barabanki,51520KSTA11S,1,Pcs.,482.88,482.88
2026-07-07,26-27/01554/Hero,Verma Auto Agencies | AFM | Barabanki,53172KTC920S,10,Pcs.,68.98,689.8
2026-07-07,26-27/01554/Hero,Verma Auto Agencies | AFM | Barabanki,61313KCC900S,10,Pcs.,31.35,313.5
2026-07-07,26-27/01554/Hero,Verma Auto Agencies | AFM | Barabanki,83515AAG000S,5,Pcs.,90.93,454.65
2026-07-07,26-27/01554/Hero,Verma Auto Agencies | AFM | Barabanki,83515AAG000S,1,Pcs.,75.25,75.25
2026-07-07,26-27/01554/Hero,Verma Auto Agencies | AFM | Barabanki,83516KTCA20S,6,Pcs.,64.6,387.6
2026-07-07,26-27/01554/Hero,Verma Auto Agencies | AFM | Barabanki,83516KTCA20S,1,Pcs.,75.25,75.25
2026-07-07,26-27/01554/Hero,Verma Auto Agencies | AFM | Barabanki,90083KVH900S,120,Pcs.,3.14,376.8
2026-07-07,26-27/01554/Hero,Verma Auto Agencies | AFM | Barabanki,90311MT3000S,80,Pcs.,6.27,501.6
2026-07-07,26-27/01554/Hero,Verma Auto Agencies | AFM | Barabanki,91205350000S,30,Pcs.,12.54,376.2
2026-07-07,26-27/01554/Hero,Verma Auto Agencies | AFM | Barabanki,91255ABZ000S,5,Pcs.,81.53,407.65
2026-07-07,26-27/01554/Hero,Verma Auto Agencies | AFM | Barabanki,9405010000S,20,Pcs.,3.76,75.2
2026-07-07,26-27/01554/Hero,Verma Auto Agencies | AFM | Barabanki,9405010000S,20,Pcs.,6.27,125.4
2026-07-07,26-27/01554/Hero,Verma Auto Agencies | AFM | Barabanki,K22228HF100DS,8,Pcs.,47.03,376.24
2026-07-07,26-27/01554/Hero,Verma Auto Agencies | AFM | Barabanki,K40405KWAG930S,2,Pcs.,294.75,589.5
2026-07-07,26-27/01555/Hero,Verma Auto Agencies | AFM | Barabanki,83402AAG300S,1,Pcs.,147.37,147.37
2026-07-07,26-27/01555/Hero,Verma Auto Agencies | AFM | Barabanki,83402AAG300S,1,Pcs.,147.37,147.37
2026-07-07,26-27/01555/Hero,Verma Auto Agencies | AFM | Barabanki,12391ABG000S,2,Pcs.,25.09,50.18
2026-07-07,26-27/01555/Hero,Verma Auto Agencies | AFM | Barabanki,14311KPH900S,4,Pcs.,50.17,200.68
2026-07-07,26-27/01555/Hero,Verma Auto Agencies | AFM | Barabanki,15650AACH00S,10,Pcs.,18.81,188.1
2026-07-07,26-27/01555/Hero,Verma Auto Agencies | AFM | Barabanki,16424AAE300S,1,Pcs.,125.42,125.42
2026-07-07,26-27/01555/Hero,Verma Auto Agencies | AFM | Barabanki,16424AAF400S,3,Pcs.,43.9,131.7
2026-07-07,26-27/01555/Hero,Verma Auto Agencies | AFM | Barabanki,16424AAN500S,1,Pcs.,31.35,31.35
2026-07-07,26-27/01555/Hero,Verma Auto Agencies | AFM | Barabanki,16701AAC801S,1,Pcs.,100.34,100.34
2026-07-07,26-27/01555/Hero,Verma Auto Agencies | AFM | Barabanki,17512KCC900S,20,Pcs.,3.14,62.8
2026-07-07,26-27/01555/Hero,Verma Auto Agencies | AFM | Barabanki,22810KTC900S,3,Pcs.,43.9,131.7
2026-07-07,26-27/01555/Hero,Verma Auto Agencies | AFM | Barabanki,23471GF6000S,1,Pcs.,219.49,219.49
2026-07-07,26-27/01555/Hero,Verma Auto Agencies | AFM | Barabanki,35759AANB0099S,4,Pcs.,40.76,163.04
2026-07-07,26-27/01555/Hero,Verma Auto Agencies | AFM | Barabanki,37100AACH00020S,20,Pcs.,2.51,50.2
2026-07-07,26-27/01555/Hero,Verma Auto Agencies | AFM | Barabanki,37100AAG101020S,40,Pcs.,6.27,250.8
2026-07-07,26-27/01555/Hero,Verma Auto Agencies | AFM | Barabanki,40543KTR900S,4,Pcs.,28.22,112.88
2026-07-07,26-27/01555/Hero,Verma Auto Agencies | AFM | Barabanki,40545ABA000S,20,Pcs.,6.27,125.4
2026-07-07,26-27/01555/Hero,Verma Auto Agencies | AFM | Barabanki,40546KTR900S,4,Pcs.,31.35,125.4
2026-07-07,26-27/01555/Hero,Verma Auto Agencies | AFM | Barabanki,50702KTCA20S,1,Pcs.,134.83,134.83
2026-07-07,26-27/01555/Hero,Verma Auto Agencies | AFM | Barabanki,51103AAEH00S,1,Pcs.,279.07,279.07
2026-07-07,26-27/01555/Hero,Verma Auto Agencies | AFM | Barabanki,51103AAH110S,1,Pcs.,241.44,241.44
2026-07-07,26-27/01555/Hero,Verma Auto Agencies | AFM | Barabanki,52170KST940S,2,Pcs.,56.44,112.88
2026-07-07,26-27/01555/Hero,Verma Auto Agencies | AFM | Barabanki,52170KST940S,2,Pcs.,59.58,119.16
2026-07-07,26-27/01555/Hero,Verma Auto Agencies | AFM | Barabanki,53140AAW000S,2,Pcs.,59.58,119.16
2026-07-07,26-27/01555/Hero,Verma Auto Agencies | AFM | Barabanki,53230KST950S,1,Pcs.,144.24,144.24
2026-07-07,26-27/01555/Hero,Verma Auto Agencies | AFM | Barabanki,53230KST950S,1,Pcs.,147.37,147.37
2026-07-07,26-27/01555/Hero,Verma Auto Agencies | AFM | Barabanki,61105KTC900S,40,Pcs.,6.27,250.8
2026-07-07,26-27/01555/Hero,Verma Auto Agencies | AFM | Barabanki,61302KWA830S,10,Pcs.,11.91,119.1
2026-07-07,26-27/01555/Hero,Verma Auto Agencies | AFM | Barabanki,80151KCC900S,4,Pcs.,22.58,90.32
2026-07-07,26-27/01555/Hero,Verma Auto Agencies | AFM | Barabanki,83512KTCA20S,4,Pcs.,62.72,250.88
2026-07-07,26-27/01555/Hero,Verma Auto Agencies | AFM | Barabanki,83512KWA830S,1,Pcs.,43.9,43.9
2026-07-07,26-27/01555/Hero,Verma Auto Agencies | AFM | Barabanki,83513KTCA20S,2,Pcs.,119.16,238.32
2026-07-07,26-27/01555/Hero,Verma Auto Agencies | AFM | Barabanki,83540AAH100S,4,Pcs.,43.9,175.6
2026-07-07,26-27/01555/Hero,Verma Auto Agencies | AFM | Barabanki,88120AANH01ZAS,1,Pcs.,150.51,150.51
2026-07-07,26-27/01555/Hero,Verma Auto Agencies | AFM | Barabanki,90085KWA940S,40,Pcs.,3.14,125.6
2026-07-07,26-27/01555/Hero,Verma Auto Agencies | AFM | Barabanki,90123KRM860S,10,Pcs.,9.4,94.0
2026-07-07,26-27/01555/Hero,Verma Auto Agencies | AFM | Barabanki,90201GF6000RS,20,Pcs.,9.4,188.0
2026-07-07,26-27/01555/Hero,Verma Auto Agencies | AFM | Barabanki,91105KTC900S,2,Pcs.,50.17,100.34
2026-07-07,26-27/01555/Hero,Verma Auto Agencies | AFM | Barabanki,91372KPH900S,30,Pcs.,6.27,188.1
2026-07-07,26-27/01555/Hero,Verma Auto Agencies | AFM | Barabanki,9501542000S,10,Pcs.,9.4,94.0
2026-07-07,26-27/01555/Hero,Verma Auto Agencies | AFM | Barabanki,K83834AAEE300TS,1,Pcs.,159.91,159.91
2026-07-07,26-27/01555/Hero,Verma Auto Agencies | AFM | Barabanki,K86864AAHC100SS,1,Pcs.,116.02,116.02
2026-07-07,26-27/01555/Hero,Verma Auto Agencies | AFM | Barabanki,K86864AAHTF00TS,2,Pcs.,97.21,194.42
2026-07-07,26-27/01555/Hero,Verma Auto Agencies | AFM | Barabanki,K86866AAGC100RS,1,Pcs.,103.47,103.47
2026-07-07,26-27/01555/Hero,Verma Auto Agencies | AFM | Barabanki,18355AAH700S,1,Pcs.,216.35,216.35
2026-07-07,26-27/01556/Hero,Verma Auto Agencies | AFM | Barabanki,61101AAC220US,1,Pcs.,705.51,705.51
2026-07-07,26-27/01556/Hero,Verma Auto Agencies | AFM | Barabanki,64309ABS000US,1,Pcs.,859.16,859.16
2026-07-07,26-27/01556/Hero,Verma Auto Agencies | AFM | Barabanki,77235AAG300RS,1,Pcs.,163.05,163.05
2026-07-07,26-27/01556/Hero,Verma Auto Agencies | AFM | Barabanki,77266AAG300RS,1,Pcs.,166.19,166.19
2026-07-07,26-27/01556/Hero,Verma Auto Agencies | AFM | Barabanki,50261AANB10RS,1,Pcs.,771.35,771.35
2026-07-07,26-27/01556/Hero,Verma Auto Agencies | AFM | Barabanki,50261AANB10RS,1,Pcs.,771.35,771.35
2026-07-07,26-27/01556/Hero,Verma Auto Agencies | AFM | Barabanki,18355AAH500S,2,Pcs.,166.19,332.38
2026-07-07,26-27/01556/Hero,Verma Auto Agencies | AFM | Barabanki,K44446AAHTF00S,1,Pcs.,3173.22,3173.22
2026-07-07,26-27/01556/Hero,Verma Auto Agencies | AFM | Barabanki,K44446AAHTF00S,1,Pcs.,3173.22,3173.22
2026-07-07,26-27/01556/Hero,Verma Auto Agencies | AFM | Barabanki,77240AAG300TS,1,Pcs.,348.05,348.05
2026-07-07,26-27/01556/Hero,Verma Auto Agencies | AFM | Barabanki,77250AAG300TS,1,Pcs.,348.05,348.05
2026-07-07,26-27/01556/Hero,Verma Auto Agencies | AFM | Barabanki,16210AAT000S,1,Pcs.,106.61,106.61
2026-07-07,26-27/01556/Hero,Verma Auto Agencies | AFM | Barabanki,17910AAL400S,4,Pcs.,111.17,444.68
2026-07-07,26-27/01556/Hero,Verma Auto Agencies | AFM | Barabanki,23205AAW300S,1,Pcs.,595.76,595.76
2026-07-07,26-27/01556/Hero,Verma Auto Agencies | AFM | Barabanki,24701KWA940S,1,Pcs.,121.03,121.03
2026-07-07,26-27/01556/Hero,Verma Auto Agencies | AFM | Barabanki,30510KWP901S,1,Pcs.,147.37,147.37
2026-07-07,26-27/01556/Hero,Verma Auto Agencies | AFM | Barabanki,30700KWP901S,2,Pcs.,72.12,144.24
2026-07-07,26-27/01556/Hero,Verma Auto Agencies | AFM | Barabanki,3310BAADH00S,2,Pcs.,315.44,630.88
2026-07-07,26-27/01556/Hero,Verma Auto Agencies | AFM | Barabanki,3310BAAN40099S,1,Pcs.,614.58,614.58
2026-07-07,26-27/01556/Hero,Verma Auto Agencies | AFM | Barabanki,33K150S,10,Pcs.,418.89,4188.9
2026-07-07,26-27/01556/Hero,Verma Auto Agencies | AFM | Barabanki,37100ACK01099S,1,Pcs.,959.49,959.49
2026-07-07,26-27/01556/Hero,Verma Auto Agencies | AFM | Barabanki,38770AAE311S,1,Pcs.,3019.58,3019.58
2026-07-07,26-27/01556/Hero,Verma Auto Agencies | AFM | Barabanki,45251KSP861S,2,Pcs.,884.24,1768.48
2026-07-07,26-27/01556/Hero,Verma Auto Agencies | AFM | Barabanki,51103AAH110S,1,Pcs.,241.44,241.44
2026-07-07,26-27/01556/Hero,Verma Auto Agencies | AFM | Barabanki,61102KTN700S,1,Pcs.,43.27,43.27
2026-07-07,26-27/01556/Hero,Verma Auto Agencies | AFM | Barabanki,ADJRC3F013000GS,1,Pcs.,216.35,216.35
2026-07-07,26-27/01556/Hero,Verma Auto Agencies | AFM | Barabanki,K83834AAEAH00RS,1,Pcs.,109.75,109.75
2026-07-07,26-27/01556/Hero,Verma Auto Agencies | AFM | Barabanki,K90907HF100DS,40,Pcs.,25.09,1003.6
2026-07-07,26-27/01556/Hero,Verma Auto Agencies | AFM | Barabanki,11341ACK010S,1,Pcs.,586.35,586.35
2026-07-07,26-27/01556/Hero,Verma Auto Agencies | AFM | Barabanki,14440AAW000S,1,Pcs.,161.79,161.79
2026-07-07,26-27/01556/Hero,Verma Auto Agencies | AFM | Barabanki,16100AAC701S,1,Pcs.,1317.58,1317.58
2026-07-07,26-27/01556/Hero,Verma Auto Agencies | AFM | Barabanki,17253ABG000S,1,Pcs.,106.61,106.61
2026-07-07,26-27/01556/Hero,Verma Auto Agencies | AFM | Barabanki,23224AAW300S,1,Pcs.,288.47,288.47
2026-07-07,26-27/01556/Hero,Verma Auto Agencies | AFM | Barabanki,24701KWA940S,1,Pcs.,131.7,131.7
2026-07-07,26-27/01556/Hero,Verma Auto Agencies | AFM | Barabanki,24701KWA940S,1,Pcs.,134.83,134.83
2026-07-07,26-27/01556/Hero,Verma Auto Agencies | AFM | Barabanki,24701KWA940S,1,Pcs.,121.03,121.03
2026-07-07,26-27/01556/Hero,Verma Auto Agencies | AFM | Barabanki,30510KWP901S,2,Pcs.,144.24,288.48
2026-07-07,26-27/01556/Hero,Verma Auto Agencies | AFM | Barabanki,31120AAC812S,1,Pcs.,696.1,696.1
2026-07-07,26-27/01556/Hero,Verma Auto Agencies | AFM | Barabanki,31200KTC921S,1,Pcs.,1271.79,1271.79
2026-07-07,26-27/01556/Hero,Verma Auto Agencies | AFM | Barabanki,37800AAL400S,1,Pcs.,241.44,241.44
2026-07-07,26-27/01556/Hero,Verma Auto Agencies | AFM | Barabanki,51520KWA941S,2,Pcs.,473.47,946.94
2026-07-07,26-27/01556/Hero,Verma Auto Agencies | AFM | Barabanki,53230KST950S,1,Pcs.,147.37,147.37
2026-07-07,26-27/01556/Hero,Verma Auto Agencies | AFM | Barabanki,61102KTN700S,1,Pcs.,43.27,43.27
2026-07-07,26-27/01556/Hero,Verma Auto Agencies | AFM | Barabanki,61345KTRH80ZAS,1,Pcs.,37.0,37.0
2026-07-07,26-27/01556/Hero,Verma Auto Agencies | AFM | Barabanki,88110AAN410RS,1,Pcs.,175.6,175.6
2026-07-07,26-27/01556/Hero,Verma Auto Agencies | AFM | Barabanki,90443107000S,10,Pcs.,9.4,94.0
2026-07-07,26-27/01556/Hero,Verma Auto Agencies | AFM | Barabanki,91001ABT00099S,1,Pcs.,153.02,153.02
2026-07-07,26-27/01556/Hero,Verma Auto Agencies | AFM | Barabanki,K83834AAEAH00RS,1,Pcs.,109.75,109.75
2026-07-07,26-27/01556/Hero,Verma Auto Agencies | AFM | Barabanki,K90907HF100DS,10,Pcs.,25.09,250.9
2026-07-08,26-27/01557/Hero,Gangwar Service Center | AFM | Meerganj,14401AAG00099S,5,Pcs.,201.24,1006.2
2026-07-08,26-27/01557/Hero,Gangwar Service Center | AFM | Meerganj,14520KTC902S,5,Pcs.,173.21,866.05
2026-07-08,26-27/01557/Hero,Gangwar Service Center | AFM | Meerganj,15100KCC900S,3,Pcs.,255.47,766.41
2026-07-08,26-27/01557/Hero,Gangwar Service Center | AFM | Meerganj,16100AAH102S,1,Pcs.,1575.95,1575.95
2026-07-08,26-27/01557/Hero,Gangwar Service Center | AFM | Meerganj,22201AAHA01S,40,Pcs.,43.06,1722.4
2026-07-08,26-27/01557/Hero,Gangwar Service Center | AFM | Meerganj,23461GK4760S,5,Pcs.,298.61,1493.05
2026-07-08,26-27/01557/Hero,Gangwar Service Center | AFM | Meerganj,24K160S,5,Pcs.,298.61,1493.05
2026-07-08,26-27/01557/Hero,Gangwar Service Center | AFM | Meerganj,33702AACH00S,1,Pcs.,212.34,212.34
2026-07-08,26-27/01557/Hero,Gangwar Service Center | AFM | Meerganj,33K151S,2,Pcs.,424.32,848.64
2026-07-08,26-27/01557/Hero,Gangwar Service Center | AFM | Meerganj,33K152S,2,Pcs.,454.18,908.36
2026-07-08,26-27/01557/Hero,Gangwar Service Center | AFM | Meerganj,35010AAEH00S,2,Pcs.,686.79,1373.58
2026-07-08,26-27/01557/Hero,Gangwar Service Center | AFM | Meerganj,K13132KTCE900S,5,Pcs.,458.52,2292.6
2026-07-08,26-27/01558/Hero,M S Automobile | AFM | Shyamganj,22870KCC900S,2,Pcs.,70.18,140.36
2026-07-08,26-27/01558/Hero,M S Automobile | AFM | Shyamganj,22870KCC900S,1,Pcs.,79.92,79.92
2026-07-08,26-27/01558/Hero,M S Automobile | AFM | Shyamganj,25K170S,1,Pcs.,330.08,330.08
2026-07-08,26-27/01558/Hero,M S Automobile | AFM | Shyamganj,25K180S,1,Pcs.,298.82,298.82
2026-07-08,26-27/01558/Hero,M S Automobile | AFM | Shyamganj,33K111S,1,Pcs.,465.6,465.6
2026-07-08,26-27/01559/Hero,Mourya Auto | AFM | Fatehganj West,88110AACH41ZAS,2,Pcs.,199.25,398.5
2026-07-08,26-27/01559/Hero,Mourya Auto | AFM | Fatehganj West,88110AAEH31S,1,Pcs.,101.31,101.31
2026-07-08,26-27/01559/Hero,Mourya Auto | AFM | Fatehganj West,88110AAEH31S,5,Pcs.,118.2,591.0
2026-07-08,26-27/01559/Hero,Mourya Auto | AFM | Fatehganj West,88110AAHH00S,6,Pcs.,108.06,648.36
2026-07-08,26-27/01559/Hero,Mourya Auto | AFM | Fatehganj West,88120AACH41ZAS,2,Pcs.,172.23,344.46
2026-07-08,26-27/01559/Hero,Mourya Auto | AFM | Fatehganj West,88120AAEH31S,6,Pcs.,118.2,709.2
2026-07-08,26-27/01559/Hero,Mourya Auto | AFM | Fatehganj West,88120AAHH00S,6,Pcs.,108.06,648.36
2026-07-08,26-27/01559/Hero,Mourya Auto | AFM | Fatehganj West,14401AAD00099S,1,Pcs.,92.54,92.54
2026-07-08,26-27/01559/Hero,Mourya Auto | AFM | Fatehganj West,14502086000RS,7,Pcs.,58.8,411.6
2026-07-08,26-27/01559/Hero,Mourya Auto | AFM | Fatehganj West,14610086000RS,7,Pcs.,58.8,411.6
2026-07-08,26-27/01559/Hero,Mourya Auto | AFM | Fatehganj West,14670035030LS,5,Pcs.,70.92,354.6
2026-07-08,26-27/01559/Hero,Mourya Auto | AFM | Fatehganj West,14670ACK000S,1,Pcs.,27.7,27.7
2026-07-08,26-27/01559/Hero,Mourya Auto | AFM | Fatehganj West,14670ACK000S,4,Pcs.,33.77,135.08
2026-07-08,26-27/01559/Hero,Mourya Auto | AFM | Fatehganj West,22201AAHA01S,4,Pcs.,40.01,160.04
2026-07-08,26-27/01559/Hero,Mourya Auto | AFM | Fatehganj West,22201AAHA01S,16,Pcs.,47.27,756.32
2026-07-08,26-27/01559/Hero,Mourya Auto | AFM | Fatehganj West,22311107000S,6,Pcs.,33.76,202.56
2026-07-08,26-27/01559/Hero,Mourya Auto | AFM | Fatehganj West,31201KPTA01S,5,Pcs.,64.17,320.85
2026-07-08,26-27/01559/Hero,Mourya Auto | AFM | Fatehganj West,43120365H70S,4,Pcs.,57.41,229.64
2026-07-08,26-27/01559/Hero,Mourya Auto | AFM | Fatehganj West,45125KCCH00S,4,Pcs.,67.55,270.2
2026-07-08,26-27/01560/Hero,Lodhi Motors | AFM | Fatehganj West,14401AAD00099S,3,Pcs.,99.15,297.45
2026-07-08,26-27/01560/Hero,Lodhi Motors | AFM | Fatehganj West,14550GB0910RS,4,Pcs.,64.84,259.36
2026-07-08,26-27/01560/Hero,Lodhi Motors | AFM | Fatehganj West,14550GB0910RS,1,Pcs.,70.92,70.92
2026-07-08,26-27/01560/Hero,Lodhi Motors | AFM | Fatehganj West,14610086000RS,10,Pcs.,58.8,588.0
2026-07-08,26-27/01560/Hero,Lodhi Motors | AFM | Fatehganj West,23121KST901S,2,Pcs.,192.75,385.5
2026-07-08,26-27/01560/Hero,Lodhi Motors | AFM | Fatehganj West,23461GK4760S,1,Pcs.,303.94,303.94
2026-07-08,26-27/01560/Hero,Lodhi Motors | AFM | Fatehganj West,24430KST900S,5,Pcs.,55.53,277.65
2026-07-08,26-27/01560/Hero,Lodhi Motors | AFM | Fatehganj West,80102KCC900S,5,Pcs.,37.15,185.75
2026-07-08,26-27/01561/Hero,Hari Prakesh Auto | AFM | Fatehganj West,14311KPH900S,2,Pcs.,54.04,108.08
2026-07-08,26-27/01561/Hero,Hari Prakesh Auto | AFM | Fatehganj West,14510KTC901S,2,Pcs.,54.04,108.08
2026-07-08,26-27/01561/Hero,Hari Prakesh Auto | AFM | Fatehganj West,14610086000RS,10,Pcs.,58.8,588.0
2026-07-08,26-27/01561/Hero,Hari Prakesh Auto | AFM | Fatehganj West,14610KPH900S,5,Pcs.,23.64,118.2
2026-07-08,26-27/01561/Hero,Hari Prakesh Auto | AFM | Fatehganj West,14670035030LS,10,Pcs.,70.92,709.2
2026-07-08,26-27/01561/Hero,Hari Prakesh Auto | AFM | Fatehganj West,15410AAF40099S,5,Pcs.,64.17,320.85
2026-07-08,26-27/01561/Hero,Hari Prakesh Auto | AFM | Fatehganj West,22201AAHA01S,8,Pcs.,43.89,351.12
2026-07-08,26-27/01561/Hero,Hari Prakesh Auto | AFM | Fatehganj West,40545ABA000S,10,Pcs.,6.75,67.5
2026-07-08,26-27/01561/Hero,Hari Prakesh Auto | AFM | Fatehganj West,53105KRC900S,20,Pcs.,5.4,108.0
2026-07-08,26-27/01561/Hero,Hari Prakesh Auto | AFM | Fatehganj West,90084KTCA20S,4,Pcs.,30.4,121.6
2026-07-08,26-27/01561/Hero,Hari Prakesh Auto | AFM | Fatehganj West,90087KTCA20S,1,Pcs.,39.17,39.17
2026-07-08,26-27/01561/Hero,Hari Prakesh Auto | AFM | Fatehganj West,90087KTCA20S,1,Pcs.,47.28,47.28
2026-07-08,26-27/01561/Hero,Hari Prakesh Auto | AFM | Fatehganj West,91005KWA940S,1,Pcs.,30.4,30.4
2026-07-08,26-27/01561/Hero,Hari Prakesh Auto | AFM | Fatehganj West,91005KWA940S,4,Pcs.,33.77,135.08
2026-07-08,26-27/01561/Hero,Hari Prakesh Auto | AFM | Fatehganj West,91071KTC900S,4,Pcs.,52.68,210.72
2026-07-08,26-27/01562/Hero,Saqlani Automobile | AFM | Nakatia,06451KCC841S,10,Pcs.,132.71,1327.1
2026-07-08,26-27/01562/Hero,Saqlani Automobile | AFM | Nakatia,12391KWP900S,5,Pcs.,56.4,282.0
2026-07-08,26-27/01562/Hero,Saqlani Automobile | AFM | Nakatia,14541GB4681S,70,Pcs.,3.32,232.4
2026-07-08,26-27/01562/Hero,Saqlani Automobile | AFM | Nakatia,14566086030S,30,Pcs.,6.41,192.3
2026-07-08,26-27/01562/Hero,Saqlani Automobile | AFM | Nakatia,14670035030LS,10,Pcs.,69.67,696.7
2026-07-08,26-27/01562/Hero,Saqlani Automobile | AFM | Nakatia,17910ACL000S,3,Pcs.,88.25,264.75
2026-07-08,26-27/01562/Hero,Saqlani Automobile | AFM | Nakatia,17910ACL000S,1,Pcs.,96.21,96.21
2026-07-08,26-27/01562/Hero,Saqlani Automobile | AFM | Nakatia,17910ACL000S,1,Pcs.,106.17,106.17
2026-07-08,26-27/01562/Hero,Saqlani Automobile | AFM | Nakatia,18805KPL900S,5,Pcs.,23.22,116.1
2026-07-08,26-27/01562/Hero,Saqlani Automobile | AFM | Nakatia,18805KPL900S,5,Pcs.,26.54,132.7
2026-07-08,26-27/01562/Hero,Saqlani Automobile | AFM | Nakatia,23112AAJH10S,3,Pcs.,79.62,238.86
2026-07-08,26-27/01562/Hero,Saqlani Automobile | AFM | Nakatia,23801GF6000S,5,Pcs.,63.04,315.2
2026-07-08,26-27/01562/Hero,Saqlani Automobile | AFM | Nakatia,24610KST940S,2,Pcs.,202.38,404.76
2026-07-08,26-27/01562/Hero,Saqlani Automobile | AFM | Nakatia,29K210S,15,Pcs.,32.07,481.05
2026-07-08,26-27/01562/Hero,Saqlani Automobile | AFM | Nakatia,30700KWP901S,3,Pcs.,76.31,228.93
2026-07-08,26-27/01562/Hero,Saqlani Automobile | AFM | Nakatia,35010AAE301S,5,Pcs.,567.35,2836.75
2026-07-08,26-27/01562/Hero,Saqlani Automobile | AFM | Nakatia,35130AAD00099S,5,Pcs.,39.82,199.1
2026-07-08,26-27/01562/Hero,Saqlani Automobile | AFM | Nakatia,35140AAD00099S,5,Pcs.,102.86,514.3
2026-07-08,26-27/01562/Hero,Saqlani Automobile | AFM | Nakatia,37230KWHH01S,1,Pcs.,56.4,56.4
2026-07-08,26-27/01562/Hero,Saqlani Automobile | AFM | Nakatia,37800ABA000S,1,Pcs.,215.65,215.65
2026-07-08,26-27/01562/Hero,Saqlani Automobile | AFM | Nakatia,37800ABA000S,1,Pcs.,285.33,285.33
2026-07-08,26-27/01562/Hero,Saqlani Automobile | AFM | Nakatia,38110KCC900S,1,Pcs.,162.57,162.57
2026-07-08,26-27/01562/Hero,Saqlani Automobile | AFM | Nakatia,43251ABZ010S,1,Pcs.,925.66,925.66
2026-07-08,26-27/01562/Hero,Saqlani Automobile | AFM | Nakatia,45010AAHF00S,2,Pcs.,491.04,982.08
2026-07-08,26-27/01562/Hero,Saqlani Automobile | AFM | Nakatia,45132KCC841S,10,Pcs.,9.95,99.5
2026-07-08,26-27/01562/Hero,Saqlani Automobile | AFM | Nakatia,45133KCC841S,10,Pcs.,9.95,99.5
2026-07-08,26-27/01562/Hero,Saqlani Automobile | AFM | Nakatia,50701KWA830S,2,Pcs.,111.48,222.96
2026-07-08,26-27/01562/Hero,Saqlani Automobile | AFM | Nakatia,50701KWA830S,1,Pcs.,126.08,126.08
2026-07-08,26-27/01562/Hero,Saqlani Automobile | AFM | Nakatia,53168KWP900S,1,Pcs.,97.55,97.55
2026-07-08,26-27/01562/Hero,Saqlani Automobile | AFM | Nakatia,53168KWP900S,1,Pcs.,112.81,112.81
2026-07-08,26-27/01562/Hero,Saqlani Automobile | AFM | Nakatia,53173KPL900S,40,Pcs.,5.97,238.8
2026-07-08,26-27/01562/Hero,Saqlani Automobile | AFM | Nakatia,84701KCC860S,10,Pcs.,19.9,199.0
2026-07-08,26-27/01562/Hero,Saqlani Automobile | AFM | Nakatia,14401KCW851S,2,Pcs.,233.69,467.38
2026-07-08,26-27/01562/Hero,Saqlani Automobile | AFM | Nakatia,14401KCW851S,1,Pcs.,249.92,249.92
2026-07-08,26-27/01562/Hero,Saqlani Automobile | AFM | Nakatia,14401KWP901S,10,Pcs.,87.64,876.4
2026-07-08,26-27/01562/Hero,Saqlani Automobile | AFM | Nakatia,14541GB4681S,30,Pcs.,3.32,99.6
2026-07-08,26-27/01562/Hero,Saqlani Automobile | AFM | Nakatia,14566086030S,20,Pcs.,6.41,128.2
2026-07-08,26-27/01562/Hero,Saqlani Automobile | AFM | Nakatia,22311107000S,15,Pcs.,33.11,496.65
2026-07-08,26-27/01562/Hero,Saqlani Automobile | AFM | Nakatia,23112AAJH10S,2,Pcs.,79.62,159.24
2026-07-08,26-27/01562/Hero,Saqlani Automobile | AFM | Nakatia,23221GF6000S,2,Pcs.,285.33,570.66
2026-07-08,26-27/01562/Hero,Saqlani Automobile | AFM | Nakatia,2461AGF6000S,3,Pcs.,209.02,627.06
2026-07-08,26-27/01562/Hero,Saqlani Automobile | AFM | Nakatia,28110ACK010S,1,Pcs.,351.68,351.68
2026-07-08,26-27/01562/Hero,Saqlani Automobile | AFM | Nakatia,29K210S,5,Pcs.,32.07,160.35
2026-07-08,26-27/01562/Hero,Saqlani Automobile | AFM | Nakatia,30410KWA931S,1,Pcs.,1260.76,1260.76
2026-07-08,26-27/01562/Hero,Saqlani Automobile | AFM | Nakatia,30700ACK00099S,20,Pcs.,72.99,1459.8
2026-07-08,26-27/01562/Hero,Saqlani Automobile | AFM | Nakatia,30700KWP901S,7,Pcs.,76.31,534.17
2026-07-08,26-27/01562/Hero,Saqlani Automobile | AFM | Nakatia,35130ABH501S,4,Pcs.,38.48,153.92
2026-07-08,26-27/01562/Hero,Saqlani Automobile | AFM | Nakatia,35130ABH501S,1,Pcs.,49.77,49.77
2026-07-08,26-27/01562/Hero,Saqlani Automobile | AFM | Nakatia,35150ACL001S,2,Pcs.,564.03,1128.06
2026-07-08,26-27/01562/Hero,Saqlani Automobile | AFM | Nakatia,35200ACL011S,2,Pcs.,474.44,948.88
2026-07-08,26-27/01562/Hero,Saqlani Automobile | AFM | Nakatia,35850KR3870S,2,Pcs.,189.12,378.24
2026-07-08,26-27/01562/Hero,Saqlani Automobile | AFM | Nakatia,37230KWHH01S,2,Pcs.,56.4,112.8
2026-07-08,26-27/01562/Hero,Saqlani Automobile | AFM | Nakatia,37800ABA000S,1,Pcs.,285.33,285.33
2026-07-08,26-27/01562/Hero,Saqlani Automobile | AFM | Nakatia,38110KCC900S,5,Pcs.,159.25,796.25
2026-07-08,26-27/01562/Hero,Saqlani Automobile | AFM | Nakatia,38110KCC900S,4,Pcs.,162.57,650.28
2026-07-08,26-27/01562/Hero,Saqlani Automobile | AFM | Nakatia,50702KST940S,2,Pcs.,122.76,245.52
2026-07-08,26-27/01562/Hero,Saqlani Automobile | AFM | Nakatia,53167KPL900S,5,Pcs.,23.89,119.45
2026-07-08,26-27/01562/Hero,Saqlani Automobile | AFM | Nakatia,53168KWP900S,3,Pcs.,97.55,292.65
2026-07-08,26-27/01562/Hero,Saqlani Automobile | AFM | Nakatia,53172KTC900S,3,Pcs.,61.05,183.15
2026-07-08,26-27/01562/Hero,Saqlani Automobile | AFM | Nakatia,53172KTC900S,1,Pcs.,66.36,66.36
2026-07-08,26-27/01562/Hero,Saqlani Automobile | AFM | Nakatia,53172KTC900S,1,Pcs.,72.99,72.99
2026-07-08,26-27/01562/Hero,Saqlani Automobile | AFM | Nakatia,53172KWP910S,2,Pcs.,112.81,225.62
2026-07-08,26-27/01562/Hero,Saqlani Automobile | AFM | Nakatia,53172KWP910S,3,Pcs.,122.76,368.28
2026-07-08,26-27/01562/Hero,Saqlani Automobile | AFM | Nakatia,53173KPL900S,10,Pcs.,5.97,59.7
2026-07-08,26-27/01562/Hero,Saqlani Automobile | AFM | Nakatia,80102KCC900S,15,Pcs.,36.5,547.5
2026-07-08,26-27/01562/Hero,Saqlani Automobile | AFM | Nakatia,20K710S,10,Pcs.,444.0,4440.0
2026-07-08,26-27/01562/Hero,Saqlani Automobile | AFM | Nakatia,33120ABA001S,1,Pcs.,530.85,530.85
2026-07-08,26-27/01563/Hero,Raza Auto Service | AFM | Nakatia,80102KCC900S,20,Pcs.,35.82,716.4
2026-07-08,26-27/01563/Hero,Raza Auto Service | AFM | Nakatia,1450AACK000S,5,Pcs.,81.41,407.05
2026-07-08,26-27/01563/Hero,Raza Auto Service | AFM | Nakatia,14670035030LS,20,Pcs.,68.38,1367.6
2026-07-08,26-27/01563/Hero,Raza Auto Service | AFM | Nakatia,17208AAT00099S,5,Pcs.,175.84,879.2
2026-07-08,26-27/01563/Hero,Raza Auto Service | AFM | Nakatia,22201AAHA01S,40,Pcs.,48.85,1954.0
2026-07-08,26-27/01563/Hero,Raza Auto Service | AFM | Nakatia,24430KST900S,10,Pcs.,55.35,553.5
2026-07-08,26-27/01563/Hero,Raza Auto Service | AFM | Nakatia,28251GF6000S,3,Pcs.,254.0,762.0
2026-07-08,26-27/01563/Hero,Raza Auto Service | AFM | Nakatia,30700AAE30099S,5,Pcs.,74.9,374.5
2026-07-08,26-27/01563/Hero,Raza Auto Service | AFM | Nakatia,35010AAE301S,3,Pcs.,556.84,1670.52
2026-07-08,26-27/01563/Hero,Raza Auto Service | AFM | Nakatia,35100AAE301S,1,Pcs.,322.38,322.38
2026-07-08,26-27/01563/Hero,Raza Auto Service | AFM | Nakatia,35100AAE301S,3,Pcs.,374.48,1123.44
2026-07-08,26-27/01564/Hero,R K Auto Parts | AFM | Bindaulia,17208AAT00099S,5,Pcs.,182.36,911.8
2026-07-08,26-27/01564/Hero,R K Auto Parts | AFM | Bindaulia,24430KST900S,5,Pcs.,55.53,277.65
2026-07-08,26-27/01564/Hero,R K Auto Parts | AFM | Bindaulia,25K160S,2,Pcs.,221.44,442.88
2026-07-08,26-27/01564/Hero,R K Auto Parts | AFM | Bindaulia,25K170S,2,Pcs.,313.98,627.96
2026-07-08,26-27/01564/Hero,R K Auto Parts | AFM | Bindaulia,2830AKSTA10S,1,Pcs.,280.3,280.3
2026-07-08,26-27/01564/Hero,R K Auto Parts | AFM | Bindaulia,35010AAC701S,1,Pcs.,751.34,751.34
2026-07-08,26-27/01564/Hero,R K Auto Parts | AFM | Bindaulia,35010AACH00S,1,Pcs.,756.47,756.47
2026-07-08,26-27/01564/Hero,R K Auto Parts | AFM | Bindaulia,37800AAE30099S,1,Pcs.,320.82,320.82
2026-07-08,26-27/01564/Hero,R K Auto Parts | AFM | Bindaulia,40545001000S,20,Pcs.,6.75,135.0
2026-07-08,26-27/01564/Hero,R K Auto Parts | AFM | Bindaulia,45010AAHF00S,1,Pcs.,499.81,499.81
2026-07-08,26-27/01564/Hero,R K Auto Parts | AFM | Bindaulia,45451AAF400S,10,Pcs.,9.12,91.2
2026-07-08,26-27/01564/Hero,R K Auto Parts | AFM | Bindaulia,45451AAF400S,10,Pcs.,10.13,101.3
2026-07-08,26-27/01564/Hero,R K Auto Parts | AFM | Bindaulia,50500KTRA00S,1,Pcs.,264.09,264.09
2026-07-08,26-27/01564/Hero,R K Auto Parts | AFM | Bindaulia,51104AAEH00S,2,Pcs.,104.69,209.38
2026-07-08,26-27/01564/Hero,R K Auto Parts | AFM | Bindaulia,51104KST940S,2,Pcs.,124.95,249.9
2026-07-08,26-27/01564/Hero,R K Auto Parts | AFM | Bindaulia,961006203000S,5,Pcs.,56.18,280.9
2026-07-08,26-27/01564/Hero,R K Auto Parts | AFM | Bindaulia,961406301010S,5,Pcs.,76.02,380.1
2026-07-08,26-27/01565/Hero,Pooja Spares | Chainsets | Gola,20K710S,30,Pcs.,419.49,12584.7
2026-07-08,26-27/01566/Hero,Pooja Spares | Chainsets | Gola,20K710S,100,Pcs.,419.49,41949.0
2026-07-08,26-27/01567/Hero,Shadab Auto | Salman | Nawabganj,SPDMCYL02SS,200,Pcs.,211.86,42372.0
2026-07-08,26-27/01568/Hero,Sarthak Traders | AFM | Puranpur,SPDMCYL02SS,100,Pcs.,220.34,22034.0
2026-07-08,26-27/01569/Hero,Sarthak Traders | AFM | Puranpur,SPDMCYL02SS,100,Pcs.,220.34,22034.0
2026-07-08,26-27/01570/Hero,Raza Auto Parts | AFM | Faridpur,14100KCC910S,1,Pcs.,802.9,802.9
2026-07-08,26-27/01570/Hero,Raza Auto Parts | AFM | Faridpur,14430KWP900S,2,Pcs.,162.57,325.14
2026-07-08,26-27/01570/Hero,Raza Auto Parts | AFM | Faridpur,14431035020RS,2,Pcs.,158.93,317.86
2026-07-08,26-27/01570/Hero,Raza Auto Parts | AFM | Faridpur,32100KTCA20S,1,Pcs.,726.6,726.6
2026-07-08,26-27/01570/Hero,Raza Auto Parts | AFM | Faridpur,3370AAAGH21S,1,Pcs.,238.88,238.88
2026-07-08,26-27/01570/Hero,Raza Auto Parts | AFM | Faridpur,3370BAAHA010099S,1,Pcs.,275.37,275.37
2026-07-08,26-27/01570/Hero,Raza Auto Parts | AFM | Faridpur,35010AAE301S,1,Pcs.,567.35,567.35
2026-07-08,26-27/01570/Hero,Raza Auto Parts | AFM | Faridpur,64100AAC200S,2,Pcs.,157.27,314.54
2026-07-08,26-27/01570/Hero,Raza Auto Parts | AFM | Faridpur,6410AAAGH20S,2,Pcs.,255.47,510.94
2026-07-08,26-27/01570/Hero,Raza Auto Parts | AFM | Faridpur,K14144KZAAW00S,2,Pcs.,340.81,681.62
2026-07-08,26-27/01570/Hero,Raza Auto Parts | AFM | Faridpur,K41412AANNB00S,1,Pcs.,512.2,512.2
2026-07-08,26-27/01571/Hero,Dharamveer Auto Parts | AFM | Faridpur,14566086030S,20,Pcs.,6.53,130.6
2026-07-08,26-27/01571/Hero,Dharamveer Auto Parts | AFM | Faridpur,20K710S,10,Pcs.,448.39,4483.9
2026-07-09,26-27/01573/Hero,Pooja Spares | Chainsets | Gola,20K710S,30,Pcs.,423.73,12711.9
2026-07-09,26-27/01574/Hero,Gangwar Auto Parts | AFM | Aherola Bhuta,SPDMCYL02SS,20,Pcs.,224.58,4491.6
2026-07-09,26-27/01575/Hero,Pooja Spares | Chainsets | Gola,20K710S,10,Pcs.,429.66,4296.6
2026-07-09,26-27/01576/Hero,Pooja Spares | Chainsets | Gola,20K710S,50,Pcs.,419.49,20974.5
2026-07-09,26-27/01577/Hero,Mishra M/c Store | AFM | Bilsanda,50530KST940S,10,Pcs.,88.1,881.0
2026-07-09,26-27/01577/Hero,Mishra M/c Store | AFM | Bilsanda,K50505ACKH700S,5,Pcs.,114.2,571.0
2026-07-09,26-27/01577/Hero,Mishra M/c Store | AFM | Bilsanda,K83834AAEAH00SS,5,Pcs.,114.2,571.0
2026-07-09,26-27/01577/Hero,Mishra M/c Store | AFM | Bilsanda,K83834AAEE300RS,5,Pcs.,166.4,832.0
2026-07-09,26-27/01577/Hero,Mishra M/c Store | AFM | Bilsanda,K86864AAHC100RS,2,Pcs.,104.4,208.8
2026-07-09,26-27/01577/Hero,Mishra M/c Store | AFM | Bilsanda,K86864AAHC100RS,3,Pcs.,117.46,352.38
2026-07-09,26-27/01577/Hero,Mishra M/c Store | AFM | Bilsanda,K86864ACK000TS,5,Pcs.,120.72,603.6
2026-07-09,26-27/01578/Hero,Raza Auto Parts | AFM | Faridpur,14401AAD00099S,10,Pcs.,97.37,973.7
2026-07-09,26-27/01578/Hero,Raza Auto Parts | AFM | Faridpur,16100AAN410S,1,Pcs.,2242.83,2242.83
2026-07-09,26-27/01578/Hero,Raza Auto Parts | AFM | Faridpur,21K201S,1,Pcs.,1999.39,1999.39
2026-07-09,26-27/01578/Hero,Raza Auto Parts | AFM | Faridpur,22201GF6000S,20,Pcs.,62.97,1259.4
2026-07-09,26-27/01578/Hero,Raza Auto Parts | AFM | Faridpur,23431GN5910S,2,Pcs.,454.54,909.08
2026-07-09,26-27/01578/Hero,Raza Auto Parts | AFM | Faridpur,23461GK4760S,3,Pcs.,298.61,895.83
2026-07-09,26-27/01578/Hero,Raza Auto Parts | AFM | Faridpur,24211GF6000RS,4,Pcs.,208.49,833.96
2026-07-09,26-27/01578/Hero,Raza Auto Parts | AFM | Faridpur,24610KST940S,1,Pcs.,192.43,192.43
2026-07-09,26-27/01578/Hero,Raza Auto Parts | AFM | Faridpur,2461AGF6000S,1,Pcs.,209.02,209.02
2026-07-09,26-27/01578/Hero,Raza Auto Parts | AFM | Faridpur,32100AAC010S,1,Pcs.,1227.59,1227.59
2026-07-09,26-27/01578/Hero,Raza Auto Parts | AFM | Faridpur,3310BAAH10099S,1,Pcs.,394.54,394.54
2026-07-09,26-27/01578/Hero,Raza Auto Parts | AFM | Faridpur,3310BKCC710AS,1,Pcs.,371.6,371.6
2026-07-09,26-27/01578/Hero,Raza Auto Parts | AFM | Faridpur,35753035010S,20,Pcs.,9.95,199.0
2026-07-09,26-27/01578/Hero,Raza Auto Parts | AFM | Faridpur,53230KCC900S,1,Pcs.,175.85,175.85
2026-07-09,26-27/01578/Hero,Raza Auto Parts | AFM | Faridpur,6410AAAGH20S,2,Pcs.,248.84,497.68
2026-07-09,26-27/01578/Hero,Raza Auto Parts | AFM | Faridpur,K86866AAGC100SS,2,Pcs.,112.81,225.62
2026-07-09,26-27/01579/Hero,Shubh Auto Parts | AFM | Puranpur,33400KCC710PROS,25,Pcs.,84.74,2118.5
2026-07-09,26-27/01580/Hero,Hero Honda Automobile | AFM | Puranpur,16700AAE300S,1,Pcs.,2006.18,2006.18
2026-07-09,26-27/01580/Hero,Hero Honda Automobile | AFM | Puranpur,35010AAC200S,1,Pcs.,786.61,786.61
2026-07-09,26-27/01580/Hero,Hero Honda Automobile | AFM | Puranpur,35100AACH01S,1,Pcs.,343.73,343.73
2026-07-09,26-27/01580/Hero,Hero Honda Automobile | AFM | Puranpur,35200KST870S,1,Pcs.,257.8,257.8
2026-07-09,26-27/01580/Hero,Hero Honda Automobile | AFM | Puranpur,35200KST870S,1,Pcs.,280.93,280.93
2026-07-09,26-27/01580/Hero,Hero Honda Automobile | AFM | Puranpur,35200KTCA20S,1,Pcs.,287.54,287.54
2026-07-09,26-27/01580/Hero,Hero Honda Automobile | AFM | Puranpur,35340KCC900S,10,Pcs.,39.66,396.6
2026-07-09,26-27/01580/Hero,Hero Honda Automobile | AFM | Puranpur,44301KTR700S,2,Pcs.,66.76,133.52
2026-07-09,26-27/01580/Hero,Hero Honda Automobile | AFM | Puranpur,44301KTR700S,2,Pcs.,76.02,152.04
2026-07-09,26-27/01580/Hero,Hero Honda Automobile | AFM | Puranpur,83402AAE710S,2,Pcs.,184.42,368.84
2026-07-09,26-27/01580/Hero,Hero Honda Automobile | AFM | Puranpur,83513KTCA20S,1,Pcs.,128.89,128.89
2026-07-09,26-27/01580/Hero,Hero Honda Automobile | AFM | Puranpur,88110AAEH31S,5,Pcs.,115.68,578.4
2026-07-09,26-27/01580/Hero,Hero Honda Automobile | AFM | Puranpur,88120AAEH31S,4,Pcs.,115.68,462.72
2026-07-09,26-27/01580/Hero,Hero Honda Automobile | AFM | Puranpur,K13132KTCE900S,1,Pcs.,456.76,456.76
2026-07-09,26-27/01580/Hero,Hero Honda Automobile | AFM | Puranpur,K44448KTPF900S,3,Pcs.,42.96,128.88
2026-07-09,26-27/01580/Hero,Hero Honda Automobile | AFM | Puranpur,14401AAD00099S,10,Pcs.,99.15,991.5
2026-07-09,26-27/01580/Hero,Hero Honda Automobile | AFM | Puranpur,21K201S,1,Pcs.,2035.93,2035.93
2026-07-09,26-27/01580/Hero,Hero Honda Automobile | AFM | Puranpur,31210AAC811S,1,Pcs.,1199.75,1199.75
2026-07-09,26-27/01580/Hero,Hero Honda Automobile | AFM | Puranpur,33400KCC710PROS,15,Pcs.,84.74,1271.1
2026-07-09,26-27/01580/Hero,Hero Honda Automobile | AFM | Puranpur,35100AACH01S,1,Pcs.,337.12,337.12
2026-07-09,26-27/01580/Hero,Hero Honda Automobile | AFM | Puranpur,35150KWA841S,10,Pcs.,76.02,760.2
2026-07-09,26-27/01580/Hero,Hero Honda Automobile | AFM | Puranpur,35200KTCA20S,1,Pcs.,287.54,287.54
2026-07-09,26-27/01580/Hero,Hero Honda Automobile | AFM | Puranpur,37100AAE31099S,1,Pcs.,955.17,955.17
2026-07-09,26-27/01580/Hero,Hero Honda Automobile | AFM | Puranpur,44301KTR700S,2,Pcs.,76.02,152.04
2026-07-09,26-27/01580/Hero,Hero Honda Automobile | AFM | Puranpur,51410KTC901S,1,Pcs.,753.56,753.56
2026-07-09,26-27/01580/Hero,Hero Honda Automobile | AFM | Puranpur,52400KTCA21S,2,Pcs.,654.4,1308.8
2026-07-09,26-27/01580/Hero,Hero Honda Automobile | AFM | Puranpur,83513KTCA20S,1,Pcs.,128.89,128.89
2026-07-09,26-27/01580/Hero,Hero Honda Automobile | AFM | Puranpur,K44448KTPF900S,2,Pcs.,42.96,85.92
2026-07-09,26-27/01580/Hero,Hero Honda Automobile | AFM | Puranpur,K41412AANNB00S,6,Pcs.,555.25,3331.5
2026-07-09,26-27/01580/Hero,Hero Honda Automobile | AFM | Puranpur,50500KTRA00S,1,Pcs.,284.24,284.24
2026-07-09,26-27/01580/Hero,Hero Honda Automobile | AFM | Puranpur,50500KTRA00S,1,Pcs.,258.46,258.46
2026-07-09,26-27/01581/Hero,Sarthak Traders | AFM | Puranpur,12361035000S,5,Pcs.,18.68,93.4
2026-07-09,26-27/01581/Hero,Sarthak Traders | AFM | Puranpur,13012KCC305LS,2,Pcs.,209.32,418.64
2026-07-09,26-27/01581/Hero,Sarthak Traders | AFM | Puranpur,52400KWA90099S,2,Pcs.,689.15,1378.3
2026-07-09,26-27/01581/Hero,Sarthak Traders | AFM | Puranpur,91356KAG900S,100,Pcs.,3.86,386.0
2026-07-09,26-27/01581/Hero,Sarthak Traders | AFM | Puranpur,12361035000S,5,Pcs.,19.32,96.6
2026-07-09,26-27/01581/Hero,Sarthak Traders | AFM | Puranpur,40510AAZ000S,1,Pcs.,206.11,206.11
2026-07-09,26-27/01582/Hero,Shubh Auto Parts | AFM | Puranpur,16100AAY301S,1,Pcs.,2373.39,2373.39
2026-07-09,26-27/01582/Hero,Shubh Auto Parts | AFM | Puranpur,17570ACK00099S,2,Pcs.,293.05,586.1
2026-07-09,26-27/01582/Hero,Shubh Auto Parts | AFM | Puranpur,31210AAC811S,1,Pcs.,1168.99,1168.99
2026-07-09,26-27/01582/Hero,Shubh Auto Parts | AFM | Puranpur,44301KTR700S,2,Pcs.,74.07,148.14
2026-07-09,26-27/01582/Hero,Shubh Auto Parts | AFM | Puranpur,ACKZC3H000000S,20,Pcs.,41.86,837.2
2026-07-09,26-27/01583/Hero,Kailash Automobile | AFM | Puranpur,44701AACH00S,4,Pcs.,475.27,1901.08
2026-07-09,26-27/01583/Hero,Kailash Automobile | AFM | Puranpur,44701AACH00S,4,Pcs.,515.6,2062.4
2026-07-09,26-27/01583/Hero,Kailash Automobile | AFM | Puranpur,13012KCC305LS,2,Pcs.,214.83,429.66
2026-07-09,26-27/01583/Hero,Kailash Automobile | AFM | Puranpur,13013GN5315LS,4,Pcs.,181.78,727.12
2026-07-09,26-27/01583/Hero,Kailash Automobile | AFM | Puranpur,13014198771S,2,Pcs.,175.17,350.34
2026-07-09,26-27/01583/Hero,Kailash Automobile | AFM | Puranpur,14401AAD00099S,30,Pcs.,99.15,2974.5
2026-07-09,26-27/01583/Hero,Kailash Automobile | AFM | Puranpur,14401AAG00099S,5,Pcs.,204.91,1024.55
2026-07-09,26-27/01583/Hero,Kailash Automobile | AFM | Puranpur,14502086000RS,20,Pcs.,59.49,1189.8
2026-07-09,26-27/01583/Hero,Kailash Automobile | AFM | Puranpur,14502KYY900S,4,Pcs.,42.96,171.84
2026-07-09,26-27/01583/Hero,Kailash Automobile | AFM | Puranpur,1450AACK000S,5,Pcs.,82.62,413.1
2026-07-09,26-27/01583/Hero,Kailash Automobile | AFM | Puranpur,14550GB0910RS,5,Pcs.,72.71,363.55
2026-07-09,26-27/01583/Hero,Kailash Automobile | AFM | Puranpur,14610086000RS,25,Pcs.,59.49,1487.25
2026-07-09,26-27/01583/Hero,Kailash Automobile | AFM | Puranpur,15100KZAW00S,1,Pcs.,224.75,224.75
2026-07-09,26-27/01583/Hero,Kailash Automobile | AFM | Puranpur,17681KWA940S,10,Pcs.,13.22,132.2
2026-07-09,26-27/01583/Hero,Kailash Automobile | AFM | Puranpur,21K130LS,1,Pcs.,1490.6,1490.6
2026-07-09,26-27/01583/Hero,Kailash Automobile | AFM | Puranpur,22120KTC900S,2,Pcs.,267.71,535.42
2026-07-09,26-27/01583/Hero,Kailash Automobile | AFM | Puranpur,22121198900S,3,Pcs.,214.83,644.49
2026-07-09,26-27/01583/Hero,Kailash Automobile | AFM | Puranpur,22201AAHA01S,20,Pcs.,49.58,991.6
2026-07-09,26-27/01583/Hero,Kailash Automobile | AFM | Puranpur,22350115020S,2,Pcs.,125.6,251.2
2026-07-09,26-27/01583/Hero,Kailash Automobile | AFM | Puranpur,22350KPGT00S,2,Pcs.,140.13,280.26
2026-07-09,26-27/01583/Hero,Kailash Automobile | AFM | Puranpur,35010AAGH20S,1,Pcs.,647.8,647.8
2026-07-09,26-27/01583/Hero,Kailash Automobile | AFM | Puranpur,35340KCC900S,2,Pcs.,33.05,66.1
2026-07-09,26-27/01583/Hero,Kailash Automobile | AFM | Puranpur,35750001000S,10,Pcs.,42.96,429.6
2026-07-09,26-27/01583/Hero,Kailash Automobile | AFM | Puranpur,37211KTCA21S,2,Pcs.,237.96,475.92
2026-07-09,26-27/01583/Hero,Kailash Automobile | AFM | Puranpur,37610KWH961S,2,Pcs.,221.44,442.88
2026-07-09,26-27/01583/Hero,Kailash Automobile | AFM | Puranpur,40531KTE910S,20,Pcs.,9.91,198.2
2026-07-09,26-27/01583/Hero,Kailash Automobile | AFM | Puranpur,42611KST940S,1,Pcs.,244.58,244.58
2026-07-09,26-27/01583/Hero,Kailash Automobile | AFM | Puranpur,43125KST940S,10,Pcs.,92.54,925.4
2026-07-09,26-27/01583/Hero,Kailash Automobile | AFM | Puranpur,45125AAHF0099S,10,Pcs.,105.76,1057.6
2026-07-09,26-27/01583/Hero,Kailash Automobile | AFM | Puranpur,45450KTRA20S,3,Pcs.,102.46,307.38
2026-07-09,26-27/01583/Hero,Kailash Automobile | AFM | Puranpur,52147KTC900S,1,Pcs.,29.75,29.75
2026-07-09,26-27/01583/Hero,Kailash Automobile | AFM | Puranpur,52147KTC900S,7,Pcs.,33.05,231.35
2026-07-09,26-27/01583/Hero,Kailash Automobile | AFM | Puranpur,52181001300S,10,Pcs.,27.76,277.6
2026-07-09,26-27/01583/Hero,Kailash Automobile | AFM | Puranpur,61311KCC840S,3,Pcs.,115.68,347.04
2026-07-09,26-27/01583/Hero,Kailash Automobile | AFM | Puranpur,91001GF6000S,5,Pcs.,132.2,661.0
2026-07-09,26-27/01583/Hero,Kailash Automobile | AFM | Puranpur,K42423KCCZ600S,6,Pcs.,56.18,337.08
2026-07-09,26-27/01583/Hero,Kailash Automobile | AFM | Puranpur,13012GN5315LS,5,Pcs.,171.87,859.35
2026-07-09,26-27/01583/Hero,Kailash Automobile | AFM | Puranpur,13013GN5315LS,1,Pcs.,181.78,181.78
2026-07-09,26-27/01583/Hero,Kailash Automobile | AFM | Puranpur,1450AACK000S,5,Pcs.,82.62,413.1
2026-07-09,26-27/01583/Hero,Kailash Automobile | AFM | Puranpur,14610086000RS,5,Pcs.,59.49,297.45
2026-07-09,26-27/01583/Hero,Kailash Automobile | AFM | Puranpur,17681KWA940S,10,Pcs.,13.22,132.2
2026-07-09,26-27/01583/Hero,Kailash Automobile | AFM | Puranpur,21K120LS,2,Pcs.,1421.18,2842.36
2026-07-09,26-27/01583/Hero,Kailash Automobile | AFM | Puranpur,22121198900S,2,Pcs.,191.69,383.38
2026-07-09,26-27/01583/Hero,Kailash Automobile | AFM | Puranpur,22201GF6000S,40,Pcs.,62.8,2512.0
2026-07-09,26-27/01583/Hero,Kailash Automobile | AFM | Puranpur,22350115020S,3,Pcs.,125.6,376.8
2026-07-09,26-27/01583/Hero,Kailash Automobile | AFM | Puranpur,22350KPGT00S,2,Pcs.,140.13,280.26
2026-07-09,26-27/01583/Hero,Kailash Automobile | AFM | Puranpur,24211GF6000RS,10,Pcs.,214.83,2148.3
2026-07-09,26-27/01583/Hero,Kailash Automobile | AFM | Puranpur,35340KCC900S,3,Pcs.,33.05,99.15
2026-07-09,26-27/01583/Hero,Kailash Automobile | AFM | Puranpur,40531205010S,50,Pcs.,9.91,495.5
2026-07-09,26-27/01583/Hero,Kailash Automobile | AFM | Puranpur,40531KTE910S,30,Pcs.,9.91,297.3
2026-07-09,26-27/01583/Hero,Kailash Automobile | AFM | Puranpur,45450KTRA20S,2,Pcs.,93.87,187.74
2026-07-09,26-27/01583/Hero,Kailash Automobile | AFM | Puranpur,52147KTC900S,1,Pcs.,29.75,29.75
2026-07-09,26-27/01583/Hero,Kailash Automobile | AFM | Puranpur,52147KTC900S,1,Pcs.,33.05,33.05
2026-07-09,26-27/01583/Hero,Kailash Automobile | AFM | Puranpur,61311KCC840S,2,Pcs.,115.68,231.36
2026-07-09,26-27/01583/Hero,Kailash Automobile | AFM | Puranpur,91001GF6000S,3,Pcs.,132.2,396.6
2026-07-09,26-27/01583/Hero,Kailash Automobile | AFM | Puranpur,K42423KCCZ600S,4,Pcs.,56.18,224.72
2026-07-09,26-27/01583/Hero,Kailash Automobile | AFM | Puranpur,K42423KSTG940S,10,Pcs.,52.88,528.8
2026-07-09,26-27/01583/Hero,Kailash Automobile | AFM | Puranpur,K86864AAHC100SS,2,Pcs.,122.29,244.58
2026-07-09,26-27/01584/Hero,Sarthak Traders | AFM | Puranpur,14100AAHH41S,1,Pcs.,550.68,550.68
2026-07-09,26-27/01584/Hero,Sarthak Traders | AFM | Puranpur,14311035000S,20,Pcs.,38.65,773.0
2026-07-09,26-27/01584/Hero,Sarthak Traders | AFM | Puranpur,1450AACK000S,10,Pcs.,80.51,805.1
2026-07-09,26-27/01584/Hero,Sarthak Traders | AFM | Puranpur,14670035030LS,10,Pcs.,67.62,676.2
2026-07-09,26-27/01584/Hero,Sarthak Traders | AFM | Puranpur,16100AAHF01S,1,Pcs.,1187.01,1187.01
2026-07-09,26-27/01584/Hero,Sarthak Traders | AFM | Puranpur,21K270S,1,Pcs.,1513.56,1513.56
2026-07-09,26-27/01584/Hero,Sarthak Traders | AFM | Puranpur,22K130LS,20,Pcs.,296.27,5925.4
2026-07-09,26-27/01584/Hero,Sarthak Traders | AFM | Puranpur,24430KST900S,20,Pcs.,54.74,1094.8
2026-07-09,26-27/01584/Hero,Sarthak Traders | AFM | Puranpur,30500KCC710S,1,Pcs.,177.12,177.12
2026-07-09,26-27/01584/Hero,Sarthak Traders | AFM | Puranpur,30500KCC710S,2,Pcs.,180.34,360.68
2026-07-09,26-27/01584/Hero,Sarthak Traders | AFM | Puranpur,3310BKCC710AS,3,Pcs.,360.68,1082.04
2026-07-09,26-27/01584/Hero,Sarthak Traders | AFM | Puranpur,35010AAHA01S,1,Pcs.,621.53,621.53
2026-07-09,26-27/01584/Hero,Sarthak Traders | AFM | Puranpur,37800KST861S,2,Pcs.,228.65,457.3
2026-07-09,26-27/01584/Hero,Sarthak Traders | AFM | Puranpur,43100AAHF00S,1,Pcs.,392.88,392.88
2026-07-09,26-27/01584/Hero,Sarthak Traders | AFM | Puranpur,88110AANH01ZAS,2,Pcs.,196.44,392.88
2026-07-09,26-27/01584/Hero,Sarthak Traders | AFM | Puranpur,88120AANH01ZAS,3,Pcs.,154.58,463.74
2026-07-09,26-27/01584/Hero,Sarthak Traders | AFM | Puranpur,83402AAEB00S,1,Pcs.,231.86,231.86
2026-07-09,26-27/01584/Hero,Sarthak Traders | AFM | Puranpur,83402AAEB00S,1,Pcs.,231.86,231.86
2026-07-09,26-27/01584/Hero,Sarthak Traders | AFM | Puranpur,83402AAEB00S,1,Pcs.,231.86,231.86
2026-07-09,26-27/01585/Hero,New Khan Auto | AFM | Bisalpur,14510AANB00S,1,Pcs.,45.68,45.68
2026-07-09,26-27/01585/Hero,New Khan Auto | AFM | Bisalpur,14510AANB00S,4,Pcs.,48.94,195.76
2026-07-09,26-27/01585/Hero,New Khan Auto | AFM | Bisalpur,23221GF6000S,2,Pcs.,280.6,561.2
2026-07-09,26-27/01585/Hero,New Khan Auto | AFM | Bisalpur,51410ABZ000S,2,Pcs.,636.23,1272.46
2026-07-09,26-27/01585/Hero,New Khan Auto | AFM | Bisalpur,52147KTC900S,20,Pcs.,32.62,652.4
2026-07-09,26-27/01585/Hero,New Khan Auto | AFM | Bisalpur,K91910KTCE900S,5,Pcs.,433.94,2169.7
2026-07-09,26-27/01586/Hero,Gurunanak Hardwares | AFM | Madho Tanda,80100KST940S,5,Pcs.,416.44,2082.2
2026-07-09,26-27/01586/Hero,Gurunanak Hardwares | AFM | Madho Tanda,80100AAE300S,1,Pcs.,770.09,770.09
2026-07-09,26-27/01586/Hero,Gurunanak Hardwares | AFM | Madho Tanda,80100AAE300S,1,Pcs.,770.09,770.09
2026-07-09,26-27/01586/Hero,Gurunanak Hardwares | AFM | Madho Tanda,80100AAE300S,1,Pcs.,770.09,770.09
2026-07-09,26-27/01586/Hero,Gurunanak Hardwares | AFM | Madho Tanda,80100AAE300S,1,Pcs.,770.09,770.09
2026-07-09,26-27/01586/Hero,Gurunanak Hardwares | AFM | Madho Tanda,3310BAAH10099S,6,Pcs.,406.53,2439.18
2026-07-09,26-27/01586/Hero,Gurunanak Hardwares | AFM | Madho Tanda,20K710S,10,Pcs.,444.0,4440.0
2026-07-09,26-27/01586/Hero,Gurunanak Hardwares | AFM | Madho Tanda,20K710S,10,Pcs.,462.0,4620.0
2026-07-09,26-27/01586/Hero,Gurunanak Hardwares | AFM | Madho Tanda,80100KST940S,1,Pcs.,416.44,416.44
2026-07-09,26-27/01586/Hero,Gurunanak Hardwares | AFM | Madho Tanda,3310BAAH10099S,4,Pcs.,406.53,1626.12
2026-07-09,26-27/01586/Hero,Gurunanak Hardwares | AFM | Madho Tanda,3310BKCC710AS,1,Pcs.,370.17,370.17
2026-07-09,26-27/01586/Hero,Gurunanak Hardwares | AFM | Madho Tanda,35010AAE201S,2,Pcs.,545.34,1090.68
2026-07-09,26-27/01586/Hero,Gurunanak Hardwares | AFM | Madho Tanda,35010AAEH01S,2,Pcs.,502.38,1004.76
2026-07-09,26-27/01586/Hero,Gurunanak Hardwares | AFM | Madho Tanda,35010AAGH20S,2,Pcs.,753.56,1507.12
2026-07-09,26-27/01586/Hero,Gurunanak Hardwares | AFM | Madho Tanda,37100AAEH00S,1,Pcs.,955.17,955.17
2026-07-09,26-27/01586/Hero,Gurunanak Hardwares | AFM | Madho Tanda,37100AAH10099S,1,Pcs.,1011.36,1011.36
2026-07-09,26-27/01586/Hero,Gurunanak Hardwares | AFM | Madho Tanda,06455AANE00S,4,Pcs.,257.8,1031.2
2026-07-09,26-27/01586/Hero,Gurunanak Hardwares | AFM | Madho Tanda,14401AAD00099S,9,Pcs.,92.54,832.86
2026-07-09,26-27/01586/Hero,Gurunanak Hardwares | AFM | Madho Tanda,14401AAD00099S,21,Pcs.,99.15,2082.15
2026-07-09,26-27/01586/Hero,Gurunanak Hardwares | AFM | Madho Tanda,14520KTC902S,10,Pcs.,178.47,1784.7
2026-07-09,26-27/01586/Hero,Gurunanak Hardwares | AFM | Madho Tanda,22815166000S,20,Pcs.,6.61,132.2
2026-07-09,26-27/01586/Hero,Gurunanak Hardwares | AFM | Madho Tanda,24430KST900S,20,Pcs.,46.93,938.6
2026-07-09,26-27/01586/Hero,Gurunanak Hardwares | AFM | Madho Tanda,3310BKCC710AS,4,Pcs.,370.17,1480.68
2026-07-09,26-27/01586/Hero,Gurunanak Hardwares | AFM | Madho Tanda,37230KWHH01S,20,Pcs.,56.18,1123.6
2026-07-09,26-27/01586/Hero,Gurunanak Hardwares | AFM | Madho Tanda,41241KTC900S,40,Pcs.,19.83,793.2
2026-07-09,26-27/01586/Hero,Gurunanak Hardwares | AFM | Madho Tanda,ACKZC3H000000S,15,Pcs.,36.36,545.4
2026-07-09,26-27/01586/Hero,Gurunanak Hardwares | AFM | Madho Tanda,ACKZC3H000000S,5,Pcs.,42.96,214.8
2026-07-09,26-27/01587/Hero,New Khan Auto | AFM | Bisalpur,16100KZAW06S,1,Pcs.,1207.21,1207.21
2026-07-09,26-27/01587/Hero,New Khan Auto | AFM | Bisalpur,23121KTN900S,3,Pcs.,385.0,1155.0
2026-07-09,26-27/01587/Hero,New Khan Auto | AFM | Bisalpur,24211GF6000RS,12,Pcs.,212.07,2544.84
2026-07-09,26-27/01587/Hero,New Khan Auto | AFM | Bisalpur,24430KST900S,10,Pcs.,46.33,463.3
2026-07-09,26-27/01587/Hero,New Khan Auto | AFM | Bisalpur,24430KST900S,10,Pcs.,55.46,554.6
2026-07-09,26-27/01587/Hero,New Khan Auto | AFM | Bisalpur,30410AAC201S,1,Pcs.,1038.2,1038.2
2026-07-09,26-27/01587/Hero,New Khan Auto | AFM | Bisalpur,35010KZAW00S,1,Pcs.,747.16,747.16
2026-07-09,26-27/01587/Hero,New Khan Auto | AFM | Bisalpur,37210AAE102S,1,Pcs.,375.21,375.21
2026-07-09,26-27/01587/Hero,New Khan Auto | AFM | Bisalpur,45530KCC841S,4,Pcs.,199.02,796.08
2026-07-09,26-27/01587/Hero,New Khan Auto | AFM | Bisalpur,52147KTC900S,10,Pcs.,32.62,326.2
2026-07-09,26-27/01587/Hero,New Khan Auto | AFM | Bisalpur,53168KTP900S,2,Pcs.,77.66,155.32
2026-07-09,26-27/01587/Hero,New Khan Auto | AFM | Bisalpur,61312AAE330S,1,Pcs.,78.3,78.3
2026-07-09,26-27/01587/Hero,New Khan Auto | AFM | Bisalpur,6131CAAEB00S,5,Pcs.,45.68,228.4
2026-07-09,26-27/01587/Hero,New Khan Auto | AFM | Bisalpur,83402AAE710S,3,Pcs.,182.06,546.18
2026-07-09,26-27/01587/Hero,New Khan Auto | AFM | Bisalpur,83600AAEB00SS,1,Pcs.,381.73,381.73
2026-07-09,26-27/01587/Hero,New Khan Auto | AFM | Bisalpur,1621A459750S,10,Pcs.,18.27,182.7
2026-07-09,26-27/01587/Hero,New Khan Auto | AFM | Bisalpur,23121KTN900S,2,Pcs.,385.0,770.0
2026-07-09,26-27/01587/Hero,New Khan Auto | AFM | Bisalpur,28261198000S,30,Pcs.,29.37,881.1
2026-07-09,26-27/01587/Hero,New Khan Auto | AFM | Bisalpur,30410AAC201S,1,Pcs.,1038.2,1038.2
2026-07-09,26-27/01587/Hero,New Khan Auto | AFM | Bisalpur,35100AAE301S,3,Pcs.,375.21,1125.63
2026-07-09,26-27/01587/Hero,New Khan Auto | AFM | Bisalpur,35100ACK00099S,2,Pcs.,332.79,665.58
2026-07-09,26-27/01587/Hero,New Khan Auto | AFM | Bisalpur,37800KST861S,3,Pcs.,231.66,694.98
2026-07-09,26-27/01587/Hero,New Khan Auto | AFM | Bisalpur,4052AAAE200S,2,Pcs.,199.02,398.04
2026-07-09,26-27/01587/Hero,New Khan Auto | AFM | Bisalpur,44800KVE901S,5,Pcs.,179.45,897.25
2026-07-09,26-27/01587/Hero,New Khan Auto | AFM | Bisalpur,45530KCC841S,1,Pcs.,199.02,199.02
2026-07-09,26-27/01587/Hero,New Khan Auto | AFM | Bisalpur,52147KTC900S,10,Pcs.,32.62,326.2
2026-07-09,26-27/01587/Hero,New Khan Auto | AFM | Bisalpur,53168KTP900S,3,Pcs.,77.66,232.98
2026-07-09,26-27/01587/Hero,New Khan Auto | AFM | Bisalpur,61312AAE330S,1,Pcs.,78.3,78.3
2026-07-09,26-27/01587/Hero,New Khan Auto | AFM | Bisalpur,6131BAAEB00S,5,Pcs.,52.21,261.05
2026-07-09,26-27/01587/Hero,New Khan Auto | AFM | Bisalpur,K12121KZAAW00S,2,Pcs.,1481.27,2962.54
2026-07-09,26-27/01587/Hero,New Khan Auto | AFM | Bisalpur,40510AAE200S,2,Pcs.,199.02,398.04
2026-07-09,26-27/01588/Hero,Raj Auto Spare Parts | AFM | Nawabganj,14520KTC902S,2,Pcs.,155.96,311.92
2026-07-09,26-27/01588/Hero,Raj Auto Spare Parts | AFM | Nawabganj,K55912KTCE900S,2,Pcs.,35.89,71.78
2026-07-09,26-27/01588/Hero,Raj Auto Spare Parts | AFM | Nawabganj,K91910KTCE900S,4,Pcs.,433.94,1735.76
2026-07-09,26-27/01589/Hero,Shadab Auto Parts | AFM | Nawabganj,80100AAGA00S,1,Pcs.,673.73,673.73
2026-07-09,26-27/01589/Hero,Shadab Auto Parts | AFM | Nawabganj,80100AAGA00S,1,Pcs.,581.56,581.56
2026-07-09,26-27/01589/Hero,Shadab Auto Parts | AFM | Nawabganj,50803KVH760S,10,Pcs.,235.17,2351.7
2026-07-09,26-27/01589/Hero,Shadab Auto Parts | AFM | Nawabganj,33100ADG001S,1,Pcs.,2783.89,2783.89
2026-07-09,26-27/01589/Hero,Shadab Auto Parts | AFM | Nawabganj,83410AAE200WS,1,Pcs.,756.35,756.35
2026-07-09,26-27/01589/Hero,Shadab Auto Parts | AFM | Nawabganj,61100AAF000SS,1,Pcs.,732.2,732.2
2026-07-09,26-27/01589/Hero,Shadab Auto Parts | AFM | Nawabganj,17110KCC870S,2,Pcs.,130.3,260.6
2026-07-09,26-27/01589/Hero,Shadab Auto Parts | AFM | Nawabganj,17253KTC900S,10,Pcs.,82.63,826.3
2026-07-09,26-27/01589/Hero,Shadab Auto Parts | AFM | Nawabganj,24261121742S,20,Pcs.,3.18,63.6
2026-07-09,26-27/01589/Hero,Shadab Auto Parts | AFM | Nawabganj,33100AAE941S,1,Pcs.,2049.79,2049.79
2026-07-09,26-27/01589/Hero,Shadab Auto Parts | AFM | Nawabganj,35010AAFH01S,2,Pcs.,533.89,1067.78
2026-07-09,26-27/01589/Hero,Shadab Auto Parts | AFM | Nawabganj,35140AAD00099S,10,Pcs.,98.52,985.2
2026-07-09,26-27/01589/Hero,Shadab Auto Parts | AFM | Nawabganj,35200KTRA21S,1,Pcs.,320.98,320.98
2026-07-09,26-27/01589/Hero,Shadab Auto Parts | AFM | Nawabganj,37100AAF041S,1,Pcs.,1239.4,1239.4
2026-07-09,26-27/01589/Hero,Shadab Auto Parts | AFM | Nawabganj,38770AAE341S,1,Pcs.,2847.46,2847.46
2026-07-09,26-27/01589/Hero,Shadab Auto Parts | AFM | Nawabganj,64100AAF000S,1,Pcs.,116.95,116.95
2026-07-09,26-27/01589/Hero,Shadab Auto Parts | AFM | Nawabganj,83500AAEH00ZBS,1,Pcs.,554.87,554.87
2026-07-09,26-27/01590/Hero,Shadab Auto Parts | AFM | Nawabganj,88110AAEH31S,20,Pcs.,111.23,2224.6
2026-07-09,26-27/01590/Hero,Shadab Auto Parts | AFM | Nawabganj,88120AAEH31S,20,Pcs.,111.23,2224.6
2026-07-09,26-27/01590/Hero,Shadab Auto Parts | AFM | Nawabganj,23461GK4760S,10,Pcs.,286.02,2860.2
2026-07-09,26-27/01590/Hero,Shadab Auto Parts | AFM | Nawabganj,24211GF6000RS,30,Pcs.,206.56,6196.8
2026-07-09,26-27/01590/Hero,Shadab Auto Parts | AFM | Nawabganj,24430KST900S,30,Pcs.,45.13,1353.9
2026-07-09,26-27/01590/Hero,Shadab Auto Parts | AFM | Nawabganj,24430KST900S,10,Pcs.,50.85,508.5
2026-07-09,26-27/01590/Hero,Shadab Auto Parts | AFM | Nawabganj,24430KST900S,60,Pcs.,54.02,3241.2
2026-07-09,26-27/01590/Hero,Shadab Auto Parts | AFM | Nawabganj,35750001000S,20,Pcs.,34.96,699.2
2026-07-09,26-27/01590/Hero,Shadab Auto Parts | AFM | Nawabganj,35750001000S,80,Pcs.,41.31,3304.8
2026-07-09,26-27/01590/Hero,Shadab Auto Parts | AFM | Nawabganj,K83834AAEAH00SS,10,Pcs.,111.23,1112.3
2026-07-09,26-27/01590/Hero,Shadab Auto Parts | AFM | Nawabganj,K91910KTCE900S,10,Pcs.,422.67,4226.7
2026-07-09,26-27/01590/Hero,Shadab Auto Parts | AFM | Nawabganj,K96961HF100DS,5,Pcs.,308.27,1541.35
2026-07-09,26-27/01590/Hero,Shadab Auto Parts | AFM | Nawabganj,K96961HF100DS,5,Pcs.,327.33,1636.65
2026-07-09,26-27/01591/Hero,Shadab Auto Parts | AFM | Nawabganj,80102KCC900S,25,Pcs.,34.96,874.0
2026-07-09,26-27/01591/Hero,Shadab Auto Parts | AFM | Nawabganj,80102KCC900S,25,Pcs.,34.96,874.0
2026-07-09,26-27/01591/Hero,Shadab Auto Parts | AFM | Nawabganj,80102KCC900S,25,Pcs.,34.96,874.0
2026-07-09,26-27/01591/Hero,Shadab Auto Parts | AFM | Nawabganj,80102KCC900S,25,Pcs.,34.96,874.0
2026-07-09,26-27/01591/Hero,Shadab Auto Parts | AFM | Nawabganj,80102KCC900S,25,Pcs.,34.96,874.0
2026-07-09,26-27/01591/Hero,Shadab Auto Parts | AFM | Nawabganj,80102KCC900S,25,Pcs.,34.96,874.0
2026-07-09,26-27/01591/Hero,Shadab Auto Parts | AFM | Nawabganj,80102KCC900S,25,Pcs.,34.96,874.0
2026-07-09,26-27/01591/Hero,Shadab Auto Parts | AFM | Nawabganj,80102KCC900S,25,Pcs.,34.96,874.0
2026-07-09,26-27/01591/Hero,Shadab Auto Parts | AFM | Nawabganj,80102KCC900S,25,Pcs.,34.96,874.0
2026-07-09,26-27/01591/Hero,Shadab Auto Parts | AFM | Nawabganj,80102KCC900S,25,Pcs.,34.96,874.0
2026-07-09,26-27/01591/Hero,Shadab Auto Parts | AFM | Nawabganj,61300AAF100SS,1,Pcs.,950.21,950.21
2026-07-09,26-27/01591/Hero,Shadab Auto Parts | AFM | Nawabganj,28120KWA942S,5,Pcs.,413.14,2065.7
2026-07-09,26-27/01591/Hero,Shadab Auto Parts | AFM | Nawabganj,35010AAC701S,2,Pcs.,724.57,1449.14
2026-07-09,26-27/01591/Hero,Shadab Auto Parts | AFM | Nawabganj,35010AAGA0099S,5,Pcs.,794.49,3972.45
2026-07-09,26-27/01591/Hero,Shadab Auto Parts | AFM | Nawabganj,35010AAHA01S,1,Pcs.,610.17,610.17
2026-07-09,26-27/01591/Hero,Shadab Auto Parts | AFM | Nawabganj,35010AAHA01S,9,Pcs.,613.35,5520.15
2026-07-09,26-27/01591/Hero,Shadab Auto Parts | AFM | Nawabganj,35753035010S,200,Pcs.,9.53,1906.0
2026-07-09,26-27/01591/Hero,Shadab Auto Parts | AFM | Nawabganj,77220KY6000S,50,Pcs.,60.38,3019.0
2026-07-09,26-27/01591/Hero,Shadab Auto Parts | AFM | Nawabganj,83800AAE310S,7,Pcs.,32.41,226.87
2026-07-09,26-27/01591/Hero,Shadab Auto Parts | AFM | Nawabganj,83800AAE310S,3,Pcs.,41.31,123.93
2026-07-09,26-27/01591/Hero,Shadab Auto Parts | AFM | Nawabganj,91303719000S,200,Pcs.,3.81,762.0
2026-07-09,26-27/01592/Hero,Riyaz Automobiles | AFM | Nawabganj,14401AAG00099S,2,Pcs.,181.76,363.52
2026-07-09,26-27/01592/Hero,Riyaz Automobiles | AFM | Nawabganj,14541GB4681S,20,Pcs.,3.32,66.4
2026-07-09,26-27/01592/Hero,Riyaz Automobiles | AFM | Nawabganj,22201AAHA01S,20,Pcs.,46.38,927.6
2026-07-09,26-27/01592/Hero,Riyaz Automobiles | AFM | Nawabganj,29K210S,20,Pcs.,32.07,641.4
2026-07-09,26-27/01592/Hero,Riyaz Automobiles | AFM | Nawabganj,35100AAE102S,2,Pcs.,328.46,656.92
2026-07-09,26-27/01592/Hero,Riyaz Automobiles | AFM | Nawabganj,37230KWHH01S,20,Pcs.,56.4,1128.0
2026-07-09,26-27/01592/Hero,Riyaz Automobiles | AFM | Nawabganj,41241GB4770S,40,Pcs.,12.83,513.2
2026-07-09,26-27/01592/Hero,Riyaz Automobiles | AFM | Nawabganj,43120365H70S,10,Pcs.,48.77,487.7
2026-07-09,26-27/01592/Hero,Riyaz Automobiles | AFM | Nawabganj,45125AAHF0099S,10,Pcs.,99.54,995.4
2026-07-09,26-27/01592/Hero,Riyaz Automobiles | AFM | Nawabganj,45451AAF400S,20,Pcs.,9.95,199.0
2026-07-09,26-27/01592/Hero,Riyaz Automobiles | AFM | Nawabganj,50530KST940S,5,Pcs.,86.61,433.05
2026-07-09,26-27/01592/Hero,Riyaz Automobiles | AFM | Nawabganj,20K710S,10,Pcs.,444.0,4440.0
2026-07-09,26-27/01593/Hero,Haseeb Auto Parts | AFM | Nawabganj,14675178000S,17,Pcs.,41.86,711.62
2026-07-09,26-27/01593/Hero,Haseeb Auto Parts | AFM | Nawabganj,15384178000S,10,Pcs.,25.76,257.6
2026-07-09,26-27/01593/Hero,Haseeb Auto Parts | AFM | Nawabganj,22121AAG501S,5,Pcs.,257.62,1288.1
2026-07-09,26-27/01593/Hero,Haseeb Auto Parts | AFM | Nawabganj,22350AAG501S,1,Pcs.,127.53,127.53
2026-07-09,26-27/01593/Hero,Haseeb Auto Parts | AFM | Nawabganj,22350AAG501S,4,Pcs.,138.47,553.88
2026-07-09,26-27/01593/Hero,Haseeb Auto Parts | AFM | Nawabganj,23112AAJH10S,9,Pcs.,77.28,695.52
2026-07-09,26-27/01593/Hero,Haseeb Auto Parts | AFM | Nawabganj,31120AAC811S,3,Pcs.,921.01,2763.03
2026-07-09,26-27/01593/Hero,Haseeb Auto Parts | AFM | Nawabganj,31202GB2700LS,10,Pcs.,41.86,418.6
2026-07-09,26-27/01593/Hero,Haseeb Auto Parts | AFM | Nawabganj,35010AAHA01S,2,Pcs.,621.53,1243.06
2026-07-09,26-27/01593/Hero,Haseeb Auto Parts | AFM | Nawabganj,37100AAGA0099S,1,Pcs.,1080.11,1080.11
2026-07-09,26-27/01593/Hero,Haseeb Auto Parts | AFM | Nawabganj,37210AAE31099S,2,Pcs.,367.12,734.24
2026-07-09,26-27/01593/Hero,Haseeb Auto Parts | AFM | Nawabganj,37210ACK01099S,1,Pcs.,235.08,235.08
2026-07-09,26-27/01593/Hero,Haseeb Auto Parts | AFM | Nawabganj,37210ACK01099S,2,Pcs.,270.51,541.02
2026-07-09,26-27/01593/Hero,Haseeb Auto Parts | AFM | Nawabganj,51420KSTA11S,1,Pcs.,459.86,459.86
2026-07-09,26-27/01593/Hero,Haseeb Auto Parts | AFM | Nawabganj,51420KSTA11S,1,Pcs.,505.59,505.59
2026-07-09,26-27/01593/Hero,Haseeb Auto Parts | AFM | Nawabganj,51420KWA941S,2,Pcs.,531.35,1062.7
2026-07-09,26-27/01593/Hero,Haseeb Auto Parts | AFM | Nawabganj,51520KSTA11S,1,Pcs.,495.93,495.93
2026-07-09,26-27/01593/Hero,Haseeb Auto Parts | AFM | Nawabganj,51520KWA941S,2,Pcs.,486.27,972.54
2026-07-09,26-27/01593/Hero,Haseeb Auto Parts | AFM | Nawabganj,91005KWA940S,10,Pcs.,32.2,322.0
2026-07-09,26-27/01593/Hero,Haseeb Auto Parts | AFM | Nawabganj,12341198900S,5,Pcs.,79.86,399.3
2026-07-09,26-27/01593/Hero,Haseeb Auto Parts | AFM | Nawabganj,14550GB0910RS,30,Pcs.,70.85,2125.5
2026-07-09,26-27/01593/Hero,Haseeb Auto Parts | AFM | Nawabganj,14675178000S,3,Pcs.,41.86,125.58
2026-07-09,26-27/01593/Hero,Haseeb Auto Parts | AFM | Nawabganj,15384178000S,3,Pcs.,25.76,77.28
2026-07-09,26-27/01593/Hero,Haseeb Auto Parts | AFM | Nawabganj,22201AAHA01S,100,Pcs.,48.31,4831.0
2026-07-09,26-27/01593/Hero,Haseeb Auto Parts | AFM | Nawabganj,22350AAF400S,10,Pcs.,119.15,1191.5
2026-07-09,26-27/01593/Hero,Haseeb Auto Parts | AFM | Nawabganj,23112AAJH10S,1,Pcs.,77.28,77.28
2026-07-09,26-27/01593/Hero,Haseeb Auto Parts | AFM | Nawabganj,23121KST901S,29,Pcs.,190.0,5510.0
2026-07-09,26-27/01593/Hero,Haseeb Auto Parts | AFM | Nawabganj,37210AAE31099S,1,Pcs.,367.12,367.12
2026-07-09,26-27/01593/Hero,Haseeb Auto Parts | AFM | Nawabganj,51520KSTA11S,1,Pcs.,495.93,495.93
2026-07-09,26-27/01593/Hero,Haseeb Auto Parts | AFM | Nawabganj,52400KCC905ZBS,2,Pcs.,653.73,1307.46
2026-07-09,26-27/01593/Hero,Haseeb Auto Parts | AFM | Nawabganj,K14144AACK000S,3,Pcs.,309.15,927.45
2026-07-09,26-27/01593/Hero,Haseeb Auto Parts | AFM | Nawabganj,K91910KTCE900S,5,Pcs.,428.31,2141.55
2026-07-09,26-27/01593/Hero,Haseeb Auto Parts | AFM | Nawabganj,33K111S,10,Pcs.,431.53,4315.3
2026-07-09,26-27/01593/Hero,Haseeb Auto Parts | AFM | Nawabganj,33K111S,10,Pcs.,431.53,4315.3
2026-07-09,26-27/01593/Hero,Haseeb Auto Parts | AFM | Nawabganj,33K112S,10,Pcs.,441.19,4411.9
2026-07-09,26-27/01593/Hero,Haseeb Auto Parts | AFM | Nawabganj,88110AAEH31S,20,Pcs.,112.72,2254.4
2026-07-09,26-27/01593/Hero,Haseeb Auto Parts | AFM | Nawabganj,25K170S,1,Pcs.,305.93,305.93
2026-07-09,26-27/01593/Hero,Haseeb Auto Parts | AFM | Nawabganj,3340AKWH961S,4,Pcs.,170.68,682.72
2026-07-09,26-27/01593/Hero,Haseeb Auto Parts | AFM | Nawabganj,33450KCC710S,4,Pcs.,177.12,708.48
2026-07-09,26-27/01593/Hero,Haseeb Auto Parts | AFM | Nawabganj,3345AKWH961S,4,Pcs.,148.14,592.56
2026-07-09,26-27/01593/Hero,Haseeb Auto Parts | AFM | Nawabganj,37230KWHH01S,8,Pcs.,54.74,437.92
2026-07-09,26-27/01593/Hero,Haseeb Auto Parts | AFM | Nawabganj,40510KTCA20S,2,Pcs.,338.14,676.28
2026-07-09,26-27/01593/Hero,Haseeb Auto Parts | AFM | Nawabganj,40520KTCA20S,2,Pcs.,338.14,676.28
2026-07-09,26-27/01593/Hero,Haseeb Auto Parts | AFM | Nawabganj,61314KCC900S,9,Pcs.,35.42,318.78
2026-07-09,26-27/01593/Hero,Haseeb Auto Parts | AFM | Nawabganj,83402AAE710S,3,Pcs.,179.69,539.07
2026-07-09,26-27/01593/Hero,Haseeb Auto Parts | AFM | Nawabganj,K22222KZAAW00VS,5,Pcs.,450.85,2254.25
2026-07-09,26-27/01593/Hero,Haseeb Auto Parts | AFM | Nawabganj,21K120LS,3,Pcs.,1452.38,4357.14
2026-07-09,26-27/01593/Hero,Haseeb Auto Parts | AFM | Nawabganj,21K201S,1,Pcs.,1983.73,1983.73
2026-07-09,26-27/01593/Hero,Haseeb Auto Parts | AFM | Nawabganj,21K270S,1,Pcs.,1732.54,1732.54
2026-07-09,26-27/01593/Hero,Haseeb Auto Parts | AFM | Nawabganj,22121AANB00S,2,Pcs.,222.2,444.4
2026-07-09,26-27/01593/Hero,Haseeb Auto Parts | AFM | Nawabganj,22121AANB00S,3,Pcs.,238.31,714.93
2026-07-09,26-27/01593/Hero,Haseeb Auto Parts | AFM | Nawabganj,22201GF6000S,40,Pcs.,61.19,2447.6
2026-07-09,26-27/01593/Hero,Haseeb Auto Parts | AFM | Nawabganj,24K160S,5,Pcs.,289.83,1449.15
2026-07-09,26-27/01593/Hero,Haseeb Auto Parts | AFM | Nawabganj,25K160S,5,Pcs.,215.76,1078.8
2026-07-09,26-27/01593/Hero,Haseeb Auto Parts | AFM | Nawabganj,25K170S,4,Pcs.,305.93,1223.72
2026-07-09,26-27/01593/Hero,Haseeb Auto Parts | AFM | Nawabganj,28302KAG900S,20,Pcs.,77.28,1545.6
2026-07-09,26-27/01593/Hero,Haseeb Auto Parts | AFM | Nawabganj,37230KWHH01S,42,Pcs.,54.74,2299.08
2026-07-09,26-27/01593/Hero,Haseeb Auto Parts | AFM | Nawabganj,61314KCC900S,1,Pcs.,35.42,35.42
2026-07-09,26-27/01593/Hero,Haseeb Auto Parts | AFM | Nawabganj,83402AAEB00S,1,Pcs.,231.86,231.86
2026-07-09,26-27/01593/Hero,Haseeb Auto Parts | AFM | Nawabganj,83402AAEB00S,1,Pcs.,231.86,231.86
2026-07-09,26-27/01593/Hero,Haseeb Auto Parts | AFM | Nawabganj,83402AAEB00S,1,Pcs.,231.86,231.86
2026-07-09,26-27/01593/Hero,Haseeb Auto Parts | AFM | Nawabganj,80100KCC860S,2,Pcs.,466.95,933.9
2026-07-09,26-27/01594/Hero,Irfan Auto (Haseeb) | AFM | Nawabganj,61311KCC840S,8,Pcs.,112.72,901.76
2026-07-09,26-27/01594/Hero,Irfan Auto (Haseeb) | AFM | Nawabganj,22201AAHA01S,20,Pcs.,48.31,966.2
2026-07-09,26-27/01594/Hero,Irfan Auto (Haseeb) | AFM | Nawabganj,28110AADH40S,3,Pcs.,341.35,1024.05
2026-07-09,26-27/01594/Hero,Irfan Auto (Haseeb) | AFM | Nawabganj,31210ACK01099S,2,Pcs.,1719.66,3439.32
2026-07-09,26-27/01594/Hero,Irfan Auto (Haseeb) | AFM | Nawabganj,33402KWH960S,4,Pcs.,25.76,103.04
2026-07-09,26-27/01594/Hero,Irfan Auto (Haseeb) | AFM | Nawabganj,33452KWH960S,2,Pcs.,21.26,42.52
2026-07-09,26-27/01594/Hero,Irfan Auto (Haseeb) | AFM | Nawabganj,33492AAF401S,6,Pcs.,9.66,57.96
2026-07-09,26-27/01594/Hero,Irfan Auto (Haseeb) | AFM | Nawabganj,35010ACK00099S,2,Pcs.,640.85,1281.7
2026-07-09,26-27/01594/Hero,Irfan Auto (Haseeb) | AFM | Nawabganj,4052AAAE200S,3,Pcs.,196.44,589.32
2026-07-09,26-27/01594/Hero,Irfan Auto (Haseeb) | AFM | Nawabganj,43120365H70S,10,Pcs.,54.74,547.4
2026-07-09,26-27/01594/Hero,Irfan Auto (Haseeb) | AFM | Nawabganj,61311KCC840S,2,Pcs.,112.72,225.44
2026-07-09,26-27/01594/Hero,Irfan Auto (Haseeb) | AFM | Nawabganj,ACKZC3H000000S,30,Pcs.,41.86,1255.8
2026-07-09,26-27/01594/Hero,Irfan Auto (Haseeb) | AFM | Nawabganj,K28281KWAG940S,4,Pcs.,103.05,412.2
2026-07-09,26-27/01594/Hero,Irfan Auto (Haseeb) | AFM | Nawabganj,33402KWH960S,7,Pcs.,25.76,180.32
2026-07-09,26-27/01594/Hero,Irfan Auto (Haseeb) | AFM | Nawabganj,33452KWH960S,8,Pcs.,21.26,170.08
2026-07-09,26-27/01594/Hero,Irfan Auto (Haseeb) | AFM | Nawabganj,33492AAF401S,14,Pcs.,9.66,135.24
2026-07-09,26-27/01594/Hero,Irfan Auto (Haseeb) | AFM | Nawabganj,43120365H70S,10,Pcs.,54.74,547.4
2026-07-09,26-27/01594/Hero,Irfan Auto (Haseeb) | AFM | Nawabganj,ACKZC3H000000S,10,Pcs.,41.86,418.6
2026-07-09,26-27/01594/Hero,Irfan Auto (Haseeb) | AFM | Nawabganj,K28281KWAG940S,2,Pcs.,99.83,199.66
2026-07-09,26-27/01594/Hero,Irfan Auto (Haseeb) | AFM | Nawabganj,K28281KWAG940S,4,Pcs.,103.05,412.2
2026-07-09,26-27/01595/Hero,Salman Auto Parts | AFM | Nawabganj,80100AAE300S,1,Pcs.,597.46,597.46
2026-07-09,26-27/01595/Hero,Salman Auto Parts | AFM | Nawabganj,80100AAE300S,1,Pcs.,597.46,597.46
2026-07-09,26-27/01595/Hero,Salman Auto Parts | AFM | Nawabganj,80100AAE300S,1,Pcs.,597.46,597.46
2026-07-09,26-27/01595/Hero,Salman Auto Parts | AFM | Nawabganj,80100KTCA20S,2,Pcs.,479.87,959.74
2026-07-09,26-27/01595/Hero,Salman Auto Parts | AFM | Nawabganj,80100AAE300S,1,Pcs.,597.46,597.46
2026-07-09,26-27/01595/Hero,Salman Auto Parts | AFM | Nawabganj,3310BAAY001S,2,Pcs.,435.38,870.76
2026-07-09,26-27/01595/Hero,Salman Auto Parts | AFM | Nawabganj,50803AAG300S,2,Pcs.,382.2,764.4
2026-07-09,26-27/01595/Hero,Salman Auto Parts | AFM | Nawabganj,80100KST940S,4,Pcs.,400.43,1601.72
2026-07-09,26-27/01595/Hero,Salman Auto Parts | AFM | Nawabganj,61311KCC840S,8,Pcs.,111.23,889.84
2026-07-09,26-27/01595/Hero,Salman Auto Parts | AFM | Nawabganj,61311KCC840S,8,Pcs.,111.23,889.84
2026-07-09,26-27/01595/Hero,Salman Auto Parts | AFM | Nawabganj,83402AAEB00S,1,Pcs.,225.64,225.64
2026-07-09,26-27/01595/Hero,Salman Auto Parts | AFM | Nawabganj,83402AAEB00S,1,Pcs.,228.81,228.81
2026-07-09,26-27/01595/Hero,Salman Auto Parts | AFM | Nawabganj,83402AAEB00S,1,Pcs.,228.81,228.81
2026-07-09,26-27/01595/Hero,Salman Auto Parts | AFM | Nawabganj,83402AAEB00S,1,Pcs.,228.81,228.81
2026-07-09,26-27/01595/Hero,Salman Auto Parts | AFM | Nawabganj,83402AAEB00S,1,Pcs.,228.81,228.81
2026-07-09,26-27/01595/Hero,Salman Auto Parts | AFM | Nawabganj,83402AAEB00S,1,Pcs.,228.81,228.81
2026-07-09,26-27/01595/Hero,Salman Auto Parts | AFM | Nawabganj,83402AAEB00S,1,Pcs.,228.81,228.81
2026-07-09,26-27/01595/Hero,Salman Auto Parts | AFM | Nawabganj,83402AAEB00S,1,Pcs.,228.81,228.81
2026-07-09,26-27/01595/Hero,Salman Auto Parts | AFM | Nawabganj,83402AAEB00S,1,Pcs.,228.81,228.81
2026-07-09,26-27/01595/Hero,Salman Auto Parts | AFM | Nawabganj,83402AAEB00S,1,Pcs.,228.81,228.81
2026-07-09,26-27/01595/Hero,Salman Auto Parts | AFM | Nawabganj,9501151000S,200,Pcs.,6.35,1270.0
2026-07-09,26-27/01595/Hero,Salman Auto Parts | AFM | Nawabganj,31120AAC201S,1,Pcs.,612.07,612.07
2026-07-09,26-27/01595/Hero,Salman Auto Parts | AFM | Nawabganj,31120AAC201S,4,Pcs.,756.35,3025.4
2026-07-09,26-27/01595/Hero,Salman Auto Parts | AFM | Nawabganj,36532AAE311S,1,Pcs.,708.69,708.69
2026-07-09,26-27/01595/Hero,Salman Auto Parts | AFM | Nawabganj,46500KWA910S,2,Pcs.,157.63,315.26
2026-07-09,26-27/01595/Hero,Salman Auto Parts | AFM | Nawabganj,83512KWH970S,1,Pcs.,44.49,44.49
2026-07-09,26-27/01595/Hero,Salman Auto Parts | AFM | Nawabganj,14550GB0910RS,100,Pcs.,69.91,6991.0
2026-07-09,26-27/01595/Hero,Salman Auto Parts | AFM | Nawabganj,3370BAACH00S,2,Pcs.,349.57,699.14
2026-07-09,26-27/01595/Hero,Salman Auto Parts | AFM | Nawabganj,83512KWH970S,3,Pcs.,44.49,133.47
2026-07-09,26-27/01596/Hero,Mishra M/c Store | AFM | Bilsanda,83401KCC900SPROS,8,Pcs.,203.39,1627.12
2026-07-09,26-27/01597/Hero,Gangwar Auto Parts | AFM | Aherola Bhuta,14670035030LS,5,Pcs.,70.92,354.6
2026-07-09,26-27/01597/Hero,Gangwar Auto Parts | AFM | Aherola Bhuta,16701AAF400S,5,Pcs.,94.56,472.8
2026-07-09,26-27/01597/Hero,Gangwar Auto Parts | AFM | Aherola Bhuta,88110AAEH31S,5,Pcs.,118.2,591.0
2026-07-09,26-27/01597/Hero,Gangwar Auto Parts | AFM | Aherola Bhuta,88120AAEH31S,5,Pcs.,118.2,591.0
2026-07-09,26-27/01598/Hero,Pankaj Auto | AFM | Bisalpur,14711ACKB0099S,10,Pcs.,119.16,1191.6
2026-07-09,26-27/01598/Hero,Pankaj Auto | AFM | Bisalpur,16701AAE300S,5,Pcs.,122.28,611.4
2026-07-09,26-27/01598/Hero,Pankaj Auto | AFM | Bisalpur,17910KCC900S,5,Pcs.,60.21,301.05
2026-07-09,26-27/01598/Hero,Pankaj Auto | AFM | Bisalpur,23100AAW001S,2,Pcs.,275.93,551.86
2026-07-09,26-27/01598/Hero,Pankaj Auto | AFM | Bisalpur,24211GF6000RS,5,Pcs.,203.81,1019.05
2026-07-09,26-27/01598/Hero,Pankaj Auto | AFM | Bisalpur,33K111S,10,Pcs.,420.17,4201.7
2026-07-09,26-27/01598/Hero,Pankaj Auto | AFM | Bisalpur,35340KCC900S,2,Pcs.,28.22,56.44
2026-07-09,26-27/01598/Hero,Pankaj Auto | AFM | Bisalpur,35340KCC900S,8,Pcs.,37.63,301.04
2026-07-09,26-27/01598/Hero,Pankaj Auto | AFM | Bisalpur,52400KCC905ZBS,2,Pcs.,636.53,1273.06
2026-07-09,26-27/01598/Hero,Pankaj Auto | AFM | Bisalpur,52400KWH961ZAS,3,Pcs.,714.91,2144.73
2026-07-09,26-27/01598/Hero,Pankaj Auto | AFM | Bisalpur,53140KTC900S,10,Pcs.,40.76,407.6
2026-07-09,26-27/01598/Hero,Pankaj Auto | AFM | Bisalpur,22311107000S,150,Pcs.,31.35,4702.5
2026-07-09,26-27/01599/Hero,Pankaj Auto | AFM | Bisalpur,22121AAHF01S,5,Pcs.,197.54,987.7
2026-07-09,26-27/01599/Hero,Pankaj Auto | AFM | Bisalpur,22121AANB00S,4,Pcs.,232.03,928.12
2026-07-09,26-27/01599/Hero,Pankaj Auto | AFM | Bisalpur,22121AANB00S,1,Pcs.,244.58,244.58
2026-07-09,26-27/01599/Hero,Pankaj Auto | AFM | Bisalpur,22350115020S,5,Pcs.,119.16,595.8
2026-07-09,26-27/01599/Hero,Pankaj Auto | AFM | Bisalpur,22350AAF400S,5,Pcs.,116.02,580.1
2026-07-09,26-27/01599/Hero,Pankaj Auto | AFM | Bisalpur,37100AAE31099S,1,Pcs.,906.19,906.19
2026-07-09,26-27/01600/Hero,Pankaj Auto | AFM | Bisalpur,14401AAG00099S,10,Pcs.,194.4,1944.0
2026-07-09,26-27/01600/Hero,Pankaj Auto | AFM | Bisalpur,14610086000RS,30,Pcs.,56.44,1693.2
2026-07-09,26-27/01600/Hero,Pankaj Auto | AFM | Bisalpur,17208AAT00099S,10,Pcs.,169.32,1693.2
2026-07-09,26-27/01600/Hero,Pankaj Auto | AFM | Bisalpur,29K210S,20,Pcs.,31.35,627.0
2026-07-09,26-27/01600/Hero,Pankaj Auto | AFM | Bisalpur,33741KAK971S,15,Pcs.,15.68,235.2
2026-07-09,26-27/01600/Hero,Pankaj Auto | AFM | Bisalpur,35200KZAW21S,1,Pcs.,338.65,338.65
2026-07-09,26-27/01600/Hero,Pankaj Auto | AFM | Bisalpur,37800KWA930S,1,Pcs.,257.12,257.12
2026-07-09,26-27/01600/Hero,Pankaj Auto | AFM | Bisalpur,45475AAHF00S,10,Pcs.,109.75,1097.5
2026-07-09,26-27/01600/Hero,Pankaj Auto | AFM | Bisalpur,50630AANB00S,10,Pcs.,97.21,972.1
2026-07-09,26-27/01600/Hero,Pankaj Auto | AFM | Bisalpur,50640AANB00S,5,Pcs.,97.21,486.05
2026-07-09,26-27/01600/Hero,Pankaj Auto | AFM | Bisalpur,77220AAC800S,3,Pcs.,34.49,103.47
2026-07-09,26-27/01600/Hero,Pankaj Auto | AFM | Bisalpur,77235KWP900S,2,Pcs.,65.84,131.68
2026-07-09,26-27/01600/Hero,Pankaj Auto | AFM | Bisalpur,90801035000S,20,Pcs.,9.4,188.0
2026-07-09,26-27/01600/Hero,Pankaj Auto | AFM | Bisalpur,K42426AACAH00S,1,Pcs.,3499.32,3499.32
2026-07-09,26-27/01600/Hero,Pankaj Auto | AFM | Bisalpur,K42426AACAH00S,1,Pcs.,3499.32,3499.32
2026-07-09,26-27/01600/Hero,Pankaj Auto | AFM | Bisalpur,50400ADH800DS,1,Pcs.,680.42,680.42
2026-07-09,26-27/01600/Hero,Pankaj Auto | AFM | Bisalpur,33K151S,10,Pcs.,438.98,4389.8
2026-07-09,26-27/01600/Hero,Pankaj Auto | AFM | Bisalpur,K40405KCCA901S,2,Pcs.,354.32,708.64
2026-07-09,26-27/01600/Hero,Pankaj Auto | AFM | Bisalpur,31120AAW000S,1,Pcs.,561.27,561.27
2026-07-09,26-27/01600/Hero,Pankaj Auto | AFM | Bisalpur,35100AAN601S,2,Pcs.,263.39,526.78
2026-07-09,26-27/01600/Hero,Pankaj Auto | AFM | Bisalpur,37800AAH102S,2,Pcs.,235.17,470.34
2026-07-09,26-27/01600/Hero,Pankaj Auto | AFM | Bisalpur,37800KWA930S,1,Pcs.,257.12,257.12
2026-07-09,26-27/01600/Hero,Pankaj Auto | AFM | Bisalpur,37800KWH962S,2,Pcs.,291.61,583.22
2026-07-09,26-27/01600/Hero,Pankaj Auto | AFM | Bisalpur,45450KCC900S,20,Pcs.,80.9,1618.0
2026-07-09,26-27/01600/Hero,Pankaj Auto | AFM | Bisalpur,46544AAEB00S,1,Pcs.,627.12,627.12
2026-07-09,26-27/01600/Hero,Pankaj Auto | AFM | Bisalpur,17210AAW300S,5,Pcs.,119.16,595.8
2026-07-09,26-27/01600/Hero,Pankaj Auto | AFM | Bisalpur,33741KAK971S,5,Pcs.,15.68,78.4
2026-07-09,26-27/01600/Hero,Pankaj Auto | AFM | Bisalpur,35100AAN601S,8,Pcs.,263.39,2107.12
2026-07-09,26-27/01600/Hero,Pankaj Auto | AFM | Bisalpur,37800AAE30099S,2,Pcs.,297.88,595.76
2026-07-09,26-27/01600/Hero,Pankaj Auto | AFM | Bisalpur,44830KST940S,20,Pcs.,63.34,1266.8
2026-07-09,26-27/01600/Hero,Pankaj Auto | AFM | Bisalpur,50640AANB00S,5,Pcs.,97.21,486.05
2026-07-09,26-27/01600/Hero,Pankaj Auto | AFM | Bisalpur,53171KCC900S,10,Pcs.,9.4,94.0
2026-07-09,26-27/01600/Hero,Pankaj Auto | AFM | Bisalpur,77235KWP900S,1,Pcs.,65.84,65.84
2026-07-09,26-27/01600/Hero,Pankaj Auto | AFM | Bisalpur,80102KCC900S,20,Pcs.,34.49,689.8
2026-07-09,26-27/01600/Hero,Pankaj Auto | AFM | Bisalpur,53172KCC900S,10,Pcs.,12.54,125.4
2026-07-09,26-27/01601/Hero,Pankaj Auto | AFM | Bisalpur,3310BAAFH01S,1,Pcs.,498.56,498.56
2026-07-09,26-27/01601/Hero,Pankaj Auto | AFM | Bisalpur,3340AKVH761S,1,Pcs.,100.34,100.34
2026-07-09,26-27/01601/Hero,Pankaj Auto | AFM | Bisalpur,3345AKVH761S,1,Pcs.,100.34,100.34
2026-07-09,26-27/01601/Hero,Pankaj Auto | AFM | Bisalpur,3365AKTR861S,1,Pcs.,90.93,90.93
2026-07-09,26-27/01601/Hero,Pankaj Auto | AFM | Bisalpur,37800KVH870S,1,Pcs.,272.79,272.79
2026-07-09,26-27/01601/Hero,Pankaj Auto | AFM | Bisalpur,61300AAF100RS,1,Pcs.,808.98,808.98
2026-07-09,26-27/01602/Hero,Verma Auto Agencies | AFM | Barabanki,44701AACH50S,4,Pcs.,476.45,1905.8
2026-07-09,26-27/01602/Hero,Verma Auto Agencies | AFM | Barabanki,44701AACH50S,4,Pcs.,457.63,1830.52
2026-07-09,26-27/01602/Hero,Verma Auto Agencies | AFM | Barabanki,44701AACH50S,4,Pcs.,476.45,1905.8
2026-07-09,26-27/01602/Hero,Verma Auto Agencies | AFM | Barabanki,44701AACH50S,4,Pcs.,476.45,1905.8
2026-07-09,26-27/01602/Hero,Verma Auto Agencies | AFM | Barabanki,50500KTRA00S,5,Pcs.,269.66,1348.3
2026-07-09,26-27/01602/Hero,Verma Auto Agencies | AFM | Barabanki,33K111S,10,Pcs.,403.22,4032.2
2026-07-09,26-27/01602/Hero,Verma Auto Agencies | AFM | Barabanki,12209GB4685S,200,Pcs.,28.22,5644.0
2026-07-09,26-27/01602/Hero,Verma Auto Agencies | AFM | Barabanki,38501AAW30099S,100,Pcs.,125.42,12542.0
2026-07-09,26-27/01602/Hero,Verma Auto Agencies | AFM | Barabanki,22110AAEH20S,5,Pcs.,790.17,3950.85
2026-07-09,26-27/01602/Hero,Verma Auto Agencies | AFM | Barabanki,33K111S,10,Pcs.,403.22,4032.2
2026-07-09,26-27/01602/Hero,Verma Auto Agencies | AFM | Barabanki,44830KWA910S,50,Pcs.,57.21,2860.5
2026-07-09,26-27/01602/Hero,Verma Auto Agencies | AFM | Barabanki,3370BKST930S,2,Pcs.,279.07,558.14
2026-07-09,26-27/01602/Hero,Verma Auto Agencies | AFM | Barabanki,50500AAHH40S,4,Pcs.,322.97,1291.88
2026-07-09,26-27/01602/Hero,Verma Auto Agencies | AFM | Barabanki,21K120LS,6,Pcs.,1414.16,8484.96
2026-07-09,26-27/01602/Hero,Verma Auto Agencies | AFM | Barabanki,21K120LS,6,Pcs.,1414.16,8484.96
2026-07-09,26-27/01602/Hero,Verma Auto Agencies | AFM | Barabanki,13021KTC305S,2,Pcs.,175.6,351.2
2026-07-09,26-27/01602/Hero,Verma Auto Agencies | AFM | Barabanki,14430KSP910S,2,Pcs.,219.49,438.98
2026-07-09,26-27/01602/Hero,Verma Auto Agencies | AFM | Barabanki,15651198900S,10,Pcs.,25.09,250.9
2026-07-09,26-27/01602/Hero,Verma Auto Agencies | AFM | Barabanki,16409AAN110S,2,Pcs.,37.63,75.26
2026-07-09,26-27/01602/Hero,Verma Auto Agencies | AFM | Barabanki,17570ACK00099S,1,Pcs.,279.07,279.07
2026-07-09,26-27/01602/Hero,Verma Auto Agencies | AFM | Barabanki,17570ACK00099S,1,Pcs.,285.34,285.34
2026-07-09,26-27/01602/Hero,Verma Auto Agencies | AFM | Barabanki,17910KWH970S,10,Pcs.,41.56,415.6
2026-07-09,26-27/01602/Hero,Verma Auto Agencies | AFM | Barabanki,17950AAY000S,2,Pcs.,100.97,201.94
2026-07-09,26-27/01602/Hero,Verma Auto Agencies | AFM | Barabanki,28150AAL500S,2,Pcs.,56.44,112.88
2026-07-09,26-27/01602/Hero,Verma Auto Agencies | AFM | Barabanki,35010AAE301S,1,Pcs.,523.65,523.65
2026-07-09,26-27/01602/Hero,Verma Auto Agencies | AFM | Barabanki,53140KTC900S,10,Pcs.,40.76,407.6
2026-07-09,26-27/01602/Hero,Verma Auto Agencies | AFM | Barabanki,61100KST940ZAS,2,Pcs.,608.3,1216.6
2026-07-09,26-27/01602/Hero,Verma Auto Agencies | AFM | Barabanki,61312149300S,40,Pcs.,6.27,250.8
2026-07-09,26-27/01602/Hero,Verma Auto Agencies | AFM | Barabanki,88110AANH01S,7,Pcs.,188.14,1316.98
2026-07-09,26-27/01602/Hero,Verma Auto Agencies | AFM | Barabanki,91101AACH40S,19,Pcs.,87.79,1668.01
2026-07-09,26-27/01602/Hero,Verma Auto Agencies | AFM | Barabanki,91105KTC900S,1,Pcs.,50.17,50.17
2026-07-09,26-27/01602/Hero,Verma Auto Agencies | AFM | Barabanki,9405012000S,10,Pcs.,6.9,69.0
2026-07-09,26-27/01602/Hero,Verma Auto Agencies | AFM | Barabanki,33120AADH00S,3,Pcs.,228.9,686.7
2026-07-09,26-27/01602/Hero,Verma Auto Agencies | AFM | Barabanki,33120AADH00S,2,Pcs.,266.53,533.06
2026-07-09,26-27/01602/Hero,Verma Auto Agencies | AFM | Barabanki,3370BKST930S,3,Pcs.,279.07,837.21
2026-07-09,26-27/01602/Hero,Verma Auto Agencies | AFM | Barabanki,35010AAE301S,5,Pcs.,523.65,2618.25
2026-07-09,26-27/01602/Hero,Verma Auto Agencies | AFM | Barabanki,13021KTC305S,3,Pcs.,155.53,466.59
2026-07-09,26-27/01602/Hero,Verma Auto Agencies | AFM | Barabanki,13021KTC305S,5,Pcs.,172.46,862.3
2026-07-09,26-27/01602/Hero,Verma Auto Agencies | AFM | Barabanki,14100KTN900S,1,Pcs.,730.6,730.6
2026-07-09,26-27/01602/Hero,Verma Auto Agencies | AFM | Barabanki,16409AAN110S,1,Pcs.,37.63,37.63
2026-07-09,26-27/01602/Hero,Verma Auto Agencies | AFM | Barabanki,17910KWA940S,50,Pcs.,50.34,2517.0
2026-07-09,26-27/01602/Hero,Verma Auto Agencies | AFM | Barabanki,24701KCC900S,10,Pcs.,137.97,1379.7
2026-07-09,26-27/01602/Hero,Verma Auto Agencies | AFM | Barabanki,25K170S,30,Pcs.,297.88,8936.4
2026-07-09,26-27/01602/Hero,Verma Auto Agencies | AFM | Barabanki,33120AADH00S,1,Pcs.,228.9,228.9
2026-07-09,26-27/01602/Hero,Verma Auto Agencies | AFM | Barabanki,35010AAY301S,1,Pcs.,457.96,457.96
2026-07-09,26-27/01602/Hero,Verma Auto Agencies | AFM | Barabanki,44800KVE901S,2,Pcs.,172.46,344.92
2026-07-09,26-27/01602/Hero,Verma Auto Agencies | AFM | Barabanki,53140KTC900S,10,Pcs.,40.76,407.6
2026-07-09,26-27/01602/Hero,Verma Auto Agencies | AFM | Barabanki,88110AANH01S,3,Pcs.,188.14,564.42
2026-07-09,26-27/01602/Hero,Verma Auto Agencies | AFM | Barabanki,91101AACH40S,1,Pcs.,87.79,87.79
2026-07-09,26-27/01602/Hero,Verma Auto Agencies | AFM | Barabanki,91105KTC900S,1,Pcs.,50.17,50.17
2026-07-09,26-27/01603/Hero,Verma Auto Agencies | AFM | Barabanki,88120AAEH31S,20,Pcs.,109.75,2195.0
2026-07-09,26-27/01603/Hero,Verma Auto Agencies | AFM | Barabanki,88120AAEH31S,20,Pcs.,109.75,2195.0
2026-07-09,26-27/01603/Hero,Verma Auto Agencies | AFM | Barabanki,88120AAEH31S,20,Pcs.,109.75,2195.0
2026-07-09,26-27/01603/Hero,Verma Auto Agencies | AFM | Barabanki,88120AAEH31S,20,Pcs.,109.75,2195.0
2026-07-09,26-27/01603/Hero,Verma Auto Agencies | AFM | Barabanki,88120AAEH31S,20,Pcs.,109.75,2195.0
2026-07-09,26-27/01603/Hero,Verma Auto Agencies | AFM | Barabanki,K22222HF100DS,10,Pcs.,590.25,5902.5
2026-07-09,26-27/01603/Hero,Verma Auto Agencies | AFM | Barabanki,K22222HF100DS,10,Pcs.,590.25,5902.5
2026-07-09,26-27/01603/Hero,Verma Auto Agencies | AFM | Barabanki,K22222HF100DS,10,Pcs.,555.76,5557.6
2026-07-09,26-27/01603/Hero,Verma Auto Agencies | AFM | Barabanki,K22222HF100DS,10,Pcs.,555.76,5557.6
2026-07-09,26-27/01603/Hero,Verma Auto Agencies | AFM | Barabanki,K40405KSTG950S,4,Pcs.,357.46,1429.84
2026-07-09,26-27/01603/Hero,Verma Auto Agencies | AFM | Barabanki,30500AAFH00S,6,Pcs.,213.22,1279.32
2026-07-09,26-27/01603/Hero,Verma Auto Agencies | AFM | Barabanki,33110AANH02S,2,Pcs.,370.0,740.0
2026-07-09,26-27/01603/Hero,Verma Auto Agencies | AFM | Barabanki,35010AAGH21S,1,Pcs.,636.53,636.53
2026-07-09,26-27/01603/Hero,Verma Auto Agencies | AFM | Barabanki,35010AAHA01S,1,Pcs.,605.17,605.17
2026-07-09,26-27/01603/Hero,Verma Auto Agencies | AFM | Barabanki,37800KWH962S,10,Pcs.,291.61,2916.1
2026-07-09,26-27/01603/Hero,Verma Auto Agencies | AFM | Barabanki,13011KZAW00S,5,Pcs.,185.0,925.0
2026-07-09,26-27/01603/Hero,Verma Auto Agencies | AFM | Barabanki,16100KWH762S,7,Pcs.,1411.02,9877.14
2026-07-09,26-27/01603/Hero,Verma Auto Agencies | AFM | Barabanki,35010AAGH21S,9,Pcs.,636.53,5728.77
2026-07-09,26-27/01603/Hero,Verma Auto Agencies | AFM | Barabanki,35010AAH001S,1,Pcs.,520.51,520.51
2026-07-09,26-27/01603/Hero,Verma Auto Agencies | AFM | Barabanki,35010AAH001S,2,Pcs.,561.27,1122.54
2026-07-09,26-27/01603/Hero,Verma Auto Agencies | AFM | Barabanki,35010AAHA01S,1,Pcs.,580.09,580.09
2026-07-09,26-27/01603/Hero,Verma Auto Agencies | AFM | Barabanki,35010AAHA01S,8,Pcs.,605.17,4841.36
2026-07-09,26-27/01603/Hero,Verma Auto Agencies | AFM | Barabanki,35130ABH501S,10,Pcs.,47.03,470.3
2026-07-09,26-27/01603/Hero,Verma Auto Agencies | AFM | Barabanki,14510AAT000S,5,Pcs.,78.39,391.95
2026-07-09,26-27/01603/Hero,Verma Auto Agencies | AFM | Barabanki,22121AAG501S,2,Pcs.,235.17,470.34
2026-07-09,26-27/01603/Hero,Verma Auto Agencies | AFM | Barabanki,22121AAG501S,8,Pcs.,250.84,2006.72
2026-07-09,26-27/01603/Hero,Verma Auto Agencies | AFM | Barabanki,33740AAB000S,5,Pcs.,13.79,68.95
2026-07-09,26-27/01603/Hero,Verma Auto Agencies | AFM | Barabanki,33740AAB000S,5,Pcs.,18.81,94.05
2026-07-09,26-27/01603/Hero,Verma Auto Agencies | AFM | Barabanki,35010AAGH21S,4,Pcs.,636.53,2546.12
2026-07-09,26-27/01603/Hero,Verma Auto Agencies | AFM | Barabanki,35010AAH001S,1,Pcs.,482.88,482.88
2026-07-09,26-27/01603/Hero,Verma Auto Agencies | AFM | Barabanki,35130ABH501S,3,Pcs.,36.37,109.11
2026-07-09,26-27/01603/Hero,Verma Auto Agencies | AFM | Barabanki,37211AAF041S,4,Pcs.,126.39,505.56
2026-07-09,26-27/01603/Hero,Verma Auto Agencies | AFM | Barabanki,37800AAH102S,2,Pcs.,235.17,470.34
2026-07-09,26-27/01603/Hero,Verma Auto Agencies | AFM | Barabanki,37800KVH870S,2,Pcs.,272.79,545.58
2026-07-09,26-27/01603/Hero,Verma Auto Agencies | AFM | Barabanki,43100153600ZS,2,Pcs.,310.42,620.84
2026-07-09,26-27/01603/Hero,Verma Auto Agencies | AFM | Barabanki,45010AAHF00S,2,Pcs.,464.07,928.14
2026-07-09,26-27/01603/Hero,Verma Auto Agencies | AFM | Barabanki,K14144KZAAW00S,3,Pcs.,313.56,940.68
2026-07-09,26-27/01603/Hero,Verma Auto Agencies | AFM | Barabanki,53100AAE400S,5,Pcs.,244.58,1222.9
2026-07-09,26-27/01603/Hero,Verma Auto Agencies | AFM | Barabanki,53100AAE400S,5,Pcs.,244.58,1222.9
2026-07-09,26-27/01603/Hero,Verma Auto Agencies | AFM | Barabanki,53100AAE400S,5,Pcs.,244.58,1222.9
2026-07-09,26-27/01603/Hero,Verma Auto Agencies | AFM | Barabanki,35200AAG510099S,1,Pcs.,269.66,269.66
2026-07-09,26-27/01603/Hero,Verma Auto Agencies | AFM | Barabanki,35200AAG510099S,7,Pcs.,313.56,2194.92
2026-07-09,26-27/01603/Hero,Verma Auto Agencies | AFM | Barabanki,35200KTCA20S,4,Pcs.,272.79,1091.16
2026-07-09,26-27/01603/Hero,Verma Auto Agencies | AFM | Barabanki,37211AAF041S,2,Pcs.,126.39,252.78
2026-07-09,26-27/01603/Hero,Verma Auto Agencies | AFM | Barabanki,45450AAG900S,15,Pcs.,232.03,3480.45
2026-07-09,26-27/01603/Hero,Verma Auto Agencies | AFM | Barabanki,50701KWA830S,2,Pcs.,119.16,238.32
2026-07-09,26-27/01603/Hero,Verma Auto Agencies | AFM | Barabanki,K14147AATA000S,5,Pcs.,288.47,1442.35
2026-07-09,26-27/01603/Hero,Verma Auto Agencies | AFM | Barabanki,K50508AANNB00S,4,Pcs.,213.84,855.36
2026-07-09,26-27/01603/Hero,Verma Auto Agencies | AFM | Barabanki,35010ACK00099S,8,Pcs.,623.98,4991.84
2026-07-09,26-27/01603/Hero,Verma Auto Agencies | AFM | Barabanki,35100AAGH21S,1,Pcs.,357.46,357.46
2026-07-09,26-27/01603/Hero,Verma Auto Agencies | AFM | Barabanki,35100AAGH21S,5,Pcs.,420.17,2100.85
2026-07-09,26-27/01603/Hero,Verma Auto Agencies | AFM | Barabanki,88120AACH41ZAS,10,Pcs.,159.91,1599.1
2026-07-09,26-27/01603/Hero,Verma Auto Agencies | AFM | Barabanki,88120AANH01ZAS,1,Pcs.,150.51,150.51
2026-07-09,26-27/01603/Hero,Verma Auto Agencies | AFM | Barabanki,53100AAG600S,4,Pcs.,239.83,959.32
2026-07-09,26-27/01603/Hero,Verma Auto Agencies | AFM | Barabanki,53100AAG600S,1,Pcs.,258.94,258.94
2026-07-09,26-27/01603/Hero,Verma Auto Agencies | AFM | Barabanki,35100AAGH21S,1,Pcs.,357.46,357.46
2026-07-09,26-27/01603/Hero,Verma Auto Agencies | AFM | Barabanki,35100AAGH21S,13,Pcs.,420.17,5462.21
2026-07-09,26-27/01604/Hero,Verma Auto Agencies | AFM | Barabanki,14401AAG00099S,10,Pcs.,194.4,1944.0
2026-07-09,26-27/01604/Hero,Verma Auto Agencies | AFM | Barabanki,15410AAF40099S,40,Pcs.,59.58,2383.2
2026-07-09,26-27/01604/Hero,Verma Auto Agencies | AFM | Barabanki,17208AAW301S,8,Pcs.,219.49,1755.92
2026-07-09,26-27/01604/Hero,Verma Auto Agencies | AFM | Barabanki,22350AAF400S,1,Pcs.,112.63,112.63
2026-07-09,26-27/01604/Hero,Verma Auto Agencies | AFM | Barabanki,43450AAY000S,4,Pcs.,135.21,540.84
2026-07-09,26-27/01604/Hero,Verma Auto Agencies | AFM | Barabanki,50500KZAW00S,1,Pcs.,352.44,352.44
2026-07-09,26-27/01604/Hero,Verma Auto Agencies | AFM | Barabanki,14401AAG00099S,20,Pcs.,194.4,3888.0
2026-07-09,26-27/01604/Hero,Verma Auto Agencies | AFM | Barabanki,17208AAW301S,2,Pcs.,219.49,438.98
2026-07-09,26-27/01604/Hero,Verma Auto Agencies | AFM | Barabanki,22350AAF400S,4,Pcs.,112.63,450.52
2026-07-09,26-27/01604/Hero,Verma Auto Agencies | AFM | Barabanki,K13130AAFF400S,1,Pcs.,398.84,398.84
2026-07-09,26-27/01604/Hero,Verma Auto Agencies | AFM | Barabanki,80100AAE300S,1,Pcs.,589.49,589.49
2026-07-09,26-27/01604/Hero,Verma Auto Agencies | AFM | Barabanki,64310AAW300WS,1,Pcs.,1257.37,1257.37
2026-07-09,26-27/01604/Hero,Verma Auto Agencies | AFM | Barabanki,64310AAW300WS,1,Pcs.,1232.28,1232.28
2026-07-09,26-27/01604/Hero,Verma Auto Agencies | AFM | Barabanki,16100KWH762S,5,Pcs.,1411.02,7055.1
2026-07-09,26-27/01604/Hero,Verma Auto Agencies | AFM | Barabanki,16700AAE300S,1,Pcs.,1903.3,1903.3
2026-07-09,26-27/01604/Hero,Verma Auto Agencies | AFM | Barabanki,16700AANB02S,1,Pcs.,2856.53,2856.53
2026-07-09,26-27/01604/Hero,Verma Auto Agencies | AFM | Barabanki,16701AAF400S,1,Pcs.,87.79,87.79
2026-07-09,26-27/01604/Hero,Verma Auto Agencies | AFM | Barabanki,22102AAL500S,2,Pcs.,291.61,583.22
2026-07-09,26-27/01604/Hero,Verma Auto Agencies | AFM | Barabanki,22321AAG501S,20,Pcs.,37.63,752.6
2026-07-09,26-27/01604/Hero,Verma Auto Agencies | AFM | Barabanki,35010AAGH21S,4,Pcs.,636.53,2546.12
2026-07-09,26-27/01604/Hero,Verma Auto Agencies | AFM | Barabanki,35100AAG001S,1,Pcs.,344.91,344.91
2026-07-09,26-27/01604/Hero,Verma Auto Agencies | AFM | Barabanki,45010AAHF00S,1,Pcs.,464.07,464.07
2026-07-09,26-27/01604/Hero,Verma Auto Agencies | AFM | Barabanki,K14144AACK000S,1,Pcs.,301.02,301.02
2026-07-09,26-27/01604/Hero,Verma Auto Agencies | AFM | Barabanki,14430ABF000S,1,Pcs.,288.47,288.47
2026-07-09,26-27/01604/Hero,Verma Auto Agencies | AFM | Barabanki,14430ABF000S,1,Pcs.,310.42,310.42
2026-07-09,26-27/01604/Hero,Verma Auto Agencies | AFM | Barabanki,16100KWH762S,1,Pcs.,1411.02,1411.02
2026-07-09,26-27/01604/Hero,Verma Auto Agencies | AFM | Barabanki,16424AAF400S,1,Pcs.,43.9,43.9
2026-07-09,26-27/01604/Hero,Verma Auto Agencies | AFM | Barabanki,16701AAF400S,2,Pcs.,87.79,175.58
2026-07-09,26-27/01604/Hero,Verma Auto Agencies | AFM | Barabanki,17910AAL500S,1,Pcs.,129.81,129.81
2026-07-09,26-27/01604/Hero,Verma Auto Agencies | AFM | Barabanki,22321AAG501S,4,Pcs.,37.63,150.52
2026-07-09,26-27/01604/Hero,Verma Auto Agencies | AFM | Barabanki,35100AAG001S,1,Pcs.,344.91,344.91
2026-07-09,26-27/01604/Hero,Verma Auto Agencies | AFM | Barabanki,35100AAG001S,1,Pcs.,388.81,388.81
2026-07-09,26-27/01604/Hero,Verma Auto Agencies | AFM | Barabanki,35200AAG510099S,1,Pcs.,244.58,244.58
2026-07-09,26-27/01604/Hero,Verma Auto Agencies | AFM | Barabanki,35200AAG510099S,3,Pcs.,313.56,940.68
2026-07-09,26-27/01604/Hero,Verma Auto Agencies | AFM | Barabanki,42301ABA000S,5,Pcs.,68.98,344.9
2026-07-09,26-27/01604/Hero,Verma Auto Agencies | AFM | Barabanki,45450AAHF00S,5,Pcs.,219.49,1097.45
2026-07-09,26-27/01604/Hero,Verma Auto Agencies | AFM | Barabanki,45450AAY000S,4,Pcs.,109.75,439.0
2026-07-09,26-27/01604/Hero,Verma Auto Agencies | AFM | Barabanki,53140AAW000S,2,Pcs.,59.58,119.16
2026-07-09,26-27/01604/Hero,Verma Auto Agencies | AFM | Barabanki,77235KWP900S,4,Pcs.,65.84,263.36
2026-07-09,26-27/01604/Hero,Verma Auto Agencies | AFM | Barabanki,77240AAY301S,4,Pcs.,94.07,376.28
2026-07-09,26-27/01604/Hero,Verma Auto Agencies | AFM | Barabanki,90344AAW000S,40,Pcs.,6.27,250.8
2026-07-09,26-27/01604/Hero,Verma Auto Agencies | AFM | Barabanki,K14144AACK000S,1,Pcs.,282.21,282.21
2026-07-09,26-27/01604/Hero,Verma Auto Agencies | AFM | Barabanki,K14144AACK000S,8,Pcs.,301.02,2408.16
2026-07-09,26-27/01605/Hero,Verma Auto Agencies | AFM | Barabanki,22870KWA910S,15,Pcs.,68.73,1030.95
2026-07-09,26-27/01605/Hero,Verma Auto Agencies | AFM | Barabanki,33110AAGH01S,2,Pcs.,416.15,832.3
2026-07-09,26-27/01605/Hero,Verma Auto Agencies | AFM | Barabanki,33120AAW00099S,1,Pcs.,351.19,351.19
2026-07-09,26-27/01605/Hero,Verma Auto Agencies | AFM | Barabanki,45440AAL100S,1,Pcs.,103.47,103.47
2026-07-09,26-27/01605/Hero,Verma Auto Agencies | AFM | Barabanki,61140AAW000S,2,Pcs.,166.19,332.38
2026-07-09,26-27/01605/Hero,Verma Auto Agencies | AFM | Barabanki,88120AANH01ZDS,2,Pcs.,191.27,382.54
2026-07-09,26-27/01605/Hero,Verma Auto Agencies | AFM | Barabanki,ACKZC3H000000S,15,Pcs.,40.76,611.4
2026-07-09,26-27/01605/Hero,Verma Auto Agencies | AFM | Barabanki,06455AAN211S,1,Pcs.,187.51,187.51
2026-07-09,26-27/01605/Hero,Verma Auto Agencies | AFM | Barabanki,14430KWP900S,2,Pcs.,153.65,307.3
2026-07-09,26-27/01605/Hero,Verma Auto Agencies | AFM | Barabanki,14451KST940S,10,Pcs.,15.68,156.8
2026-07-09,26-27/01605/Hero,Verma Auto Agencies | AFM | Barabanki,23471KVN900S,1,Pcs.,138.6,138.6
2026-07-09,26-27/01605/Hero,Verma Auto Agencies | AFM | Barabanki,23481KVN900S,1,Pcs.,199.42,199.42
2026-07-09,26-27/01605/Hero,Verma Auto Agencies | AFM | Barabanki,3310BAAL001S,1,Pcs.,363.73,363.73
2026-07-09,26-27/01605/Hero,Verma Auto Agencies | AFM | Barabanki,33110AAGH01S,2,Pcs.,416.15,832.3
2026-07-09,26-27/01605/Hero,Verma Auto Agencies | AFM | Barabanki,33120AAW00099S,1,Pcs.,351.19,351.19
2026-07-09,26-27/01605/Hero,Verma Auto Agencies | AFM | Barabanki,3345BAAF40099S,1,Pcs.,116.02,116.02
2026-07-09,26-27/01605/Hero,Verma Auto Agencies | AFM | Barabanki,3370AAAGH21S,1,Pcs.,198.79,198.79
2026-07-09,26-27/01605/Hero,Verma Auto Agencies | AFM | Barabanki,3370AAAGH21S,1,Pcs.,222.63,222.63
2026-07-09,26-27/01605/Hero,Verma Auto Agencies | AFM | Barabanki,35010K06600S,1,Pcs.,608.47,608.47
2026-07-09,26-27/01605/Hero,Verma Auto Agencies | AFM | Barabanki,35150AAC00099S,5,Pcs.,132.32,661.6
2026-07-09,26-27/01605/Hero,Verma Auto Agencies | AFM | Barabanki,35150AAC00099S,4,Pcs.,172.46,689.84
2026-07-09,26-27/01605/Hero,Verma Auto Agencies | AFM | Barabanki,42611KST940S,2,Pcs.,232.03,464.06
2026-07-09,26-27/01605/Hero,Verma Auto Agencies | AFM | Barabanki,53168KTP900S,2,Pcs.,74.63,149.26
2026-07-09,26-27/01605/Hero,Verma Auto Agencies | AFM | Barabanki,ACKZC3H000000S,60,Pcs.,40.76,2445.6
2026-07-09,26-27/01605/Hero,Verma Auto Agencies | AFM | Barabanki,K50506KTCF900RS,1,Pcs.,144.24,144.24
2026-07-09,26-27/01605/Hero,Verma Auto Agencies | AFM | Barabanki,K53531HF100DS,8,Pcs.,37.63,301.04
2026-07-09,26-27/01605/Hero,Verma Auto Agencies | AFM | Barabanki,K96961HF100DS,11,Pcs.,304.16,3345.76
2026-07-09,26-27/01605/Hero,Verma Auto Agencies | AFM | Barabanki,K96961HF100DS,6,Pcs.,322.97,1937.82
2026-07-09,26-27/01605/Hero,Verma Auto Agencies | AFM | Barabanki,06455AAN211S,1,Pcs.,187.51,187.51
2026-07-09,26-27/01605/Hero,Verma Auto Agencies | AFM | Barabanki,16100AAC701S,1,Pcs.,1317.58,1317.58
2026-07-09,26-27/01605/Hero,Verma Auto Agencies | AFM | Barabanki,22870KWA910S,2,Pcs.,68.73,137.46
2026-07-09,26-27/01605/Hero,Verma Auto Agencies | AFM | Barabanki,31120KTR941S,1,Pcs.,815.25,815.25
2026-07-09,26-27/01605/Hero,Verma Auto Agencies | AFM | Barabanki,33110AAGH01S,1,Pcs.,357.59,357.59
2026-07-09,26-27/01605/Hero,Verma Auto Agencies | AFM | Barabanki,33110AAGH01S,1,Pcs.,416.15,416.15
2026-07-09,26-27/01605/Hero,Verma Auto Agencies | AFM | Barabanki,3345BAAL001S,1,Pcs.,125.42,125.42
2026-07-09,26-27/01605/Hero,Verma Auto Agencies | AFM | Barabanki,ACKZC3H000000S,5,Pcs.,40.76,203.8
2026-07-09,26-27/01605/Hero,Verma Auto Agencies | AFM | Barabanki,K53531HF100DS,1,Pcs.,34.49,34.49
2026-07-09,26-27/01605/Hero,Verma Auto Agencies | AFM | Barabanki,K53531HF100DS,11,Pcs.,37.63,413.93
2026-07-09,26-27/01605/Hero,Verma Auto Agencies | AFM | Barabanki,K96961HF100DS,3,Pcs.,304.16,912.48
2026-07-09,26-27/01605/Hero,Verma Auto Agencies | AFM | Barabanki,22870KWA910S,3,Pcs.,68.73,206.19
2026-07-09,26-27/01605/Hero,Verma Auto Agencies | AFM | Barabanki,35150AAC00099S,1,Pcs.,132.32,132.32
2026-07-09,26-27/01605/Hero,Verma Auto Agencies | AFM | Barabanki,45440AAL100S,5,Pcs.,103.47,517.35
2026-07-09,26-27/01605/Hero,Verma Auto Agencies | AFM | Barabanki,61140KZN900S,2,Pcs.,144.24,288.48
2026-07-09,26-27/01605/Hero,Verma Auto Agencies | AFM | Barabanki,3370AKZN901S,1,Pcs.,683.56,683.56
2026-07-09,26-27/01605/Hero,Verma Auto Agencies | AFM | Barabanki,K40405KSTG950S,2,Pcs.,341.78,683.56
2026-07-09,26-27/01606/Hero,Verma Auto Agencies | AFM | Barabanki,17681KWA940S,60,Pcs.,12.54,752.4
2026-07-09,26-27/01606/Hero,Verma Auto Agencies | AFM | Barabanki,17910AAGJ00S,6,Pcs.,94.07,564.42
2026-07-09,26-27/01606/Hero,Verma Auto Agencies | AFM | Barabanki,33100AAE941S,1,Pcs.,2345.42,2345.42
2026-07-09,26-27/01606/Hero,Verma Auto Agencies | AFM | Barabanki,35100ACLD0099S,2,Pcs.,326.1,652.2
2026-07-09,26-27/01606/Hero,Verma Auto Agencies | AFM | Barabanki,35140AAEB01S,2,Pcs.,244.58,489.16
2026-07-09,26-27/01606/Hero,Verma Auto Agencies | AFM | Barabanki,37800AAGA0099S,1,Pcs.,304.16,304.16
2026-07-09,26-27/01606/Hero,Verma Auto Agencies | AFM | Barabanki,K86864AAHTF00TS,2,Pcs.,97.21,194.42
2026-07-09,26-27/01606/Hero,Verma Auto Agencies | AFM | Barabanki,K12121ACKA000S,2,Pcs.,1802.97,3605.94
2026-07-09,26-27/01606/Hero,Verma Auto Agencies | AFM | Barabanki,K40405AACNB00S,1,Pcs.,523.82,523.82
2026-07-09,26-27/01606/Hero,Verma Auto Agencies | AFM | Barabanki,K40405AAGRC00S,1,Pcs.,489.95,489.95
2026-07-09,26-27/01606/Hero,Verma Auto Agencies | AFM | Barabanki,K40405AAGRC00S,1,Pcs.,514.4,514.4
2026-07-09,26-27/01607/Hero,Verma Auto Agencies | AFM | Barabanki,22350115020S,50,Pcs.,115.77,5788.5
2026-07-09,26-27/01607/Hero,Verma Auto Agencies | AFM | Barabanki,24211GF6000RS,100,Pcs.,203.81,20381.0
2026-07-09,26-27/01607/Hero,Verma Auto Agencies | AFM | Barabanki,22K130LS,50,Pcs.,288.47,14423.5
2026-07-09,26-27/01607/Hero,Verma Auto Agencies | AFM | Barabanki,22K130LS,50,Pcs.,288.47,14423.5
2026-07-09,26-27/01607/Hero,Verma Auto Agencies | AFM | Barabanki,33K111S,10,Pcs.,384.4,3844.0
2026-07-09,26-27/01607/Hero,Verma Auto Agencies | AFM | Barabanki,33K111S,10,Pcs.,403.22,4032.2
2026-07-09,26-27/01607/Hero,Verma Auto Agencies | AFM | Barabanki,33K112S,10,Pcs.,412.63,4126.3
2026-07-09,26-27/01607/Hero,Verma Auto Agencies | AFM | Barabanki,33K112S,10,Pcs.,412.63,4126.3
2026-07-09,26-27/01607/Hero,Verma Auto Agencies | AFM | Barabanki,33K112S,10,Pcs.,412.63,4126.3
2026-07-09,26-27/01607/Hero,Verma Auto Agencies | AFM | Barabanki,33K111S,10,Pcs.,403.22,4032.2
2026-07-09,26-27/01607/Hero,Verma Auto Agencies | AFM | Barabanki,33K111S,10,Pcs.,403.22,4032.2
2026-07-09,26-27/01607/Hero,Verma Auto Agencies | AFM | Barabanki,33K111S,10,Pcs.,403.22,4032.2
2026-07-09,26-27/01607/Hero,Verma Auto Agencies | AFM | Barabanki,40545001000S,200,Pcs.,6.27,1254.0
2026-07-09,26-27/01607/Hero,Verma Auto Agencies | AFM | Barabanki,21K120LS,6,Pcs.,1414.16,8484.96
2026-07-09,26-27/01607/Hero,Verma Auto Agencies | AFM | Barabanki,21K120LS,6,Pcs.,1414.16,8484.96
2026-07-09,26-27/01607/Hero,Verma Auto Agencies | AFM | Barabanki,21K120LS,6,Pcs.,1414.16,8484.96
2026-07-09,26-27/01607/Hero,Verma Auto Agencies | AFM | Barabanki,21K120LS,6,Pcs.,1414.16,8484.96
2026-07-09,26-27/01607/Hero,Verma Auto Agencies | AFM | Barabanki,20K411S,10,Pcs.,482.88,4828.8
2026-07-09,26-27/01607/Hero,Verma Auto Agencies | AFM | Barabanki,20K411S,10,Pcs.,482.88,4828.8
2026-07-09,26-27/01607/Hero,Verma Auto Agencies | AFM | Barabanki,35010AAE301S,10,Pcs.,536.19,5361.9
2026-07-09,26-27/01607/Hero,Verma Auto Agencies | AFM | Barabanki,41241KTC900S,200,Pcs.,18.81,3762.0
2026-07-09,26-27/01607/Hero,Verma Auto Agencies | AFM | Barabanki,38110KCC900S,20,Pcs.,150.51,3010.2
2026-07-09,26-27/01607/Hero,Verma Auto Agencies | AFM | Barabanki,38110KST900S,20,Pcs.,131.7,2634.0
2026-07-09,26-27/01607/Hero,Verma Auto Agencies | AFM | Barabanki,38110KST900S,20,Pcs.,131.7,2634.0
2026-07-09,26-27/01607/Hero,Verma Auto Agencies | AFM | Barabanki,12209GB4685S,200,Pcs.,28.22,5644.0
2026-07-09,26-27/01607/Hero,Verma Auto Agencies | AFM | Barabanki,12209GB4685S,200,Pcs.,28.22,5644.0
2026-07-09,26-27/01607/Hero,Verma Auto Agencies | AFM | Barabanki,12361035000S,70,Pcs.,18.81,1316.7
2026-07-09,26-27/01607/Hero,Verma Auto Agencies | AFM | Barabanki,14550GB0910RS,80,Pcs.,68.98,5518.4
2026-07-09,26-27/01607/Hero,Verma Auto Agencies | AFM | Barabanki,1621A459750S,17,Pcs.,17.56,298.52
2026-07-09,26-27/01607/Hero,Verma Auto Agencies | AFM | Barabanki,22201GF6000S,100,Pcs.,56.19,5619.0
2026-07-09,26-27/01607/Hero,Verma Auto Agencies | AFM | Barabanki,28302KAG900S,1,Pcs.,75.25,75.25
2026-07-09,26-27/01607/Hero,Verma Auto Agencies | AFM | Barabanki,35753035010S,105,Pcs.,9.4,987.0
2026-07-09,26-27/01607/Hero,Verma Auto Agencies | AFM | Barabanki,40531KTE910S,90,Pcs.,9.4,846.0
2026-07-09,26-27/01607/Hero,Verma Auto Agencies | AFM | Barabanki,41241KTC900S,96,Pcs.,18.81,1805.76
2026-07-09,26-27/01607/Hero,Verma Auto Agencies | AFM | Barabanki,52181001300S,40,Pcs.,26.34,1053.6
2026-07-09,26-27/01607/Hero,Verma Auto Agencies | AFM | Barabanki,53172KTC900S,3,Pcs.,68.98,206.94
2026-07-09,26-27/01607/Hero,Verma Auto Agencies | AFM | Barabanki,90083KVH900S,100,Pcs.,3.14,314.0
2026-07-09,26-27/01607/Hero,Verma Auto Agencies | AFM | Barabanki,90801035000S,150,Pcs.,9.4,1410.0
2026-07-09,26-27/01607/Hero,Verma Auto Agencies | AFM | Barabanki,91202302010S,100,Pcs.,12.54,1254.0
2026-07-09,26-27/01607/Hero,Verma Auto Agencies | AFM | Barabanki,91303719000S,300,Pcs.,3.76,1128.0
2026-07-09,26-27/01607/Hero,Verma Auto Agencies | AFM | Barabanki,12209GB4685S,58,Pcs.,28.22,1636.76
2026-07-09,26-27/01607/Hero,Verma Auto Agencies | AFM | Barabanki,14502086000RS,200,Pcs.,50.17,10034.0
2026-07-09,26-27/01607/Hero,Verma Auto Agencies | AFM | Barabanki,14610KPH900S,10,Pcs.,21.95,219.5
2026-07-09,26-27/01607/Hero,Verma Auto Agencies | AFM | Barabanki,15421035010S,5,Pcs.,29.47,147.35
2026-07-09,26-27/01607/Hero,Verma Auto Agencies | AFM | Barabanki,15421035010S,20,Pcs.,37.63,752.6
2026-07-09,26-27/01607/Hero,Verma Auto Agencies | AFM | Barabanki,16155KST901S,20,Pcs.,100.34,2006.8
2026-07-09,26-27/01607/Hero,Verma Auto Agencies | AFM | Barabanki,22350115020S,2,Pcs.,115.77,231.54
2026-07-09,26-27/01607/Hero,Verma Auto Agencies | AFM | Barabanki,22K130LS,4,Pcs.,288.47,1153.88
2026-07-09,26-27/01607/Hero,Verma Auto Agencies | AFM | Barabanki,23216GF6000S,10,Pcs.,15.68,156.8
2026-07-09,26-27/01607/Hero,Verma Auto Agencies | AFM | Barabanki,23221GF6000S,2,Pcs.,269.66,539.32
2026-07-09,26-27/01607/Hero,Verma Auto Agencies | AFM | Barabanki,23461GK4760S,38,Pcs.,282.21,10723.98
2026-07-09,26-27/01607/Hero,Verma Auto Agencies | AFM | Barabanki,24211GF6000RS,34,Pcs.,203.81,6929.54
2026-07-09,26-27/01607/Hero,Verma Auto Agencies | AFM | Barabanki,24430KST900S,35,Pcs.,53.3,1865.5
2026-07-09,26-27/01607/Hero,Verma Auto Agencies | AFM | Barabanki,28302KAG900S,35,Pcs.,75.25,2633.75
2026-07-09,26-27/01607/Hero,Verma Auto Agencies | AFM | Barabanki,35010AAE301S,1,Pcs.,523.65,523.65
2026-07-09,26-27/01607/Hero,Verma Auto Agencies | AFM | Barabanki,35753035010S,5,Pcs.,9.4,47.0
2026-07-09,26-27/01607/Hero,Verma Auto Agencies | AFM | Barabanki,40531KTE910S,200,Pcs.,9.4,1880.0
2026-07-09,26-27/01607/Hero,Verma Auto Agencies | AFM | Barabanki,12209GB4685S,42,Pcs.,28.22,1185.24
2026-07-09,26-27/01607/Hero,Verma Auto Agencies | AFM | Barabanki,15421035010S,5,Pcs.,37.63,188.15
2026-07-09,26-27/01607/Hero,Verma Auto Agencies | AFM | Barabanki,16199KST901S,10,Pcs.,15.68,156.8
2026-07-09,26-27/01607/Hero,Verma Auto Agencies | AFM | Barabanki,1621A459750S,3,Pcs.,17.56,52.68
2026-07-09,26-27/01607/Hero,Verma Auto Agencies | AFM | Barabanki,22350115020S,8,Pcs.,115.77,926.16
2026-07-09,26-27/01607/Hero,Verma Auto Agencies | AFM | Barabanki,22K130LS,16,Pcs.,288.47,4615.52
2026-07-09,26-27/01607/Hero,Verma Auto Agencies | AFM | Barabanki,23461GK4760S,2,Pcs.,282.21,564.42
2026-07-09,26-27/01607/Hero,Verma Auto Agencies | AFM | Barabanki,24211GF6000RS,5,Pcs.,203.81,1019.05
2026-07-09,26-27/01607/Hero,Verma Auto Agencies | AFM | Barabanki,24301198900S,4,Pcs.,727.46,2909.84
2026-07-09,26-27/01607/Hero,Verma Auto Agencies | AFM | Barabanki,24430KST900S,65,Pcs.,53.3,3464.5
2026-07-09,26-27/01607/Hero,Verma Auto Agencies | AFM | Barabanki,28302KAG900S,54,Pcs.,75.25,4063.5
2026-07-09,26-27/01607/Hero,Verma Auto Agencies | AFM | Barabanki,35010AAE301S,1,Pcs.,523.65,523.65
2026-07-09,26-27/01607/Hero,Verma Auto Agencies | AFM | Barabanki,35753035010S,190,Pcs.,9.4,1786.0
2026-07-09,26-27/01607/Hero,Verma Auto Agencies | AFM | Barabanki,40531KTE910S,10,Pcs.,9.4,94.0
2026-07-09,26-27/01607/Hero,Verma Auto Agencies | AFM | Barabanki,41241KTC900S,4,Pcs.,18.81,75.24
2026-07-09,26-27/01607/Hero,Verma Auto Agencies | AFM | Barabanki,53172KTC900S,2,Pcs.,68.98,137.96
2026-07-09,26-27/01607/Hero,Verma Auto Agencies | AFM | Barabanki,24211GF6000RS,1,Pcs.,203.81,203.81
2026-07-09,26-27/01607/Hero,Verma Auto Agencies | AFM | Barabanki,91001GF6000S,100,Pcs.,125.42,12542.0
2026-07-09,26-27/01608/Hero,Verma Auto Agencies | AFM | Barabanki,1450AACK000S,47,Pcs.,78.39,3684.33
2026-07-09,26-27/01608/Hero,Verma Auto Agencies | AFM | Barabanki,22121AAHF01S,2,Pcs.,197.54,395.08
2026-07-09,26-27/01608/Hero,Verma Auto Agencies | AFM | Barabanki,33450KCC710S,5,Pcs.,137.97,689.85
2026-07-09,26-27/01608/Hero,Verma Auto Agencies | AFM | Barabanki,33492AAF401S,10,Pcs.,9.4,94.0
2026-07-09,26-27/01608/Hero,Verma Auto Agencies | AFM | Barabanki,35100AAF401S,4,Pcs.,370.0,1480.0
2026-07-09,26-27/01608/Hero,Verma Auto Agencies | AFM | Barabanki,37800ACK00099S,2,Pcs.,197.54,395.08
2026-07-09,26-27/01608/Hero,Verma Auto Agencies | AFM | Barabanki,37800ACK00099S,1,Pcs.,225.76,225.76
2026-07-09,26-27/01608/Hero,Verma Auto Agencies | AFM | Barabanki,38501AAGD0099S,30,Pcs.,116.02,3480.6
2026-07-09,26-27/01608/Hero,Verma Auto Agencies | AFM | Barabanki,91443AAF400S,10,Pcs.,9.4,94.0
2026-07-09,26-27/01608/Hero,Verma Auto Agencies | AFM | Barabanki,K12121AANNB00S,2,Pcs.,2060.09,4120.18
2026-07-09,26-27/01608/Hero,Verma Auto Agencies | AFM | Barabanki,K86866AAGN500RS,1,Pcs.,101.73,101.73
2026-07-09,26-27/01608/Hero,Verma Auto Agencies | AFM | Barabanki,1450AACK000S,23,Pcs.,78.39,1802.97
2026-07-09,26-27/01608/Hero,Verma Auto Agencies | AFM | Barabanki,22121AAHF01S,5,Pcs.,197.54,987.7
2026-07-09,26-27/01608/Hero,Verma Auto Agencies | AFM | Barabanki,3310BAAY001S,1,Pcs.,429.58,429.58
2026-07-09,26-27/01608/Hero,Verma Auto Agencies | AFM | Barabanki,33400KCC710S,6,Pcs.,172.46,1034.76
2026-07-09,26-27/01608/Hero,Verma Auto Agencies | AFM | Barabanki,35010AAGA0099S,6,Pcs.,783.9,4703.4
2026-07-09,26-27/01608/Hero,Verma Auto Agencies | AFM | Barabanki,37800ACK00099S,1,Pcs.,197.54,197.54
2026-07-09,26-27/01608/Hero,Verma Auto Agencies | AFM | Barabanki,37800ACK00099S,2,Pcs.,225.76,451.52
2026-07-09,26-27/01608/Hero,Verma Auto Agencies | AFM | Barabanki,K14144AADA000S,8,Pcs.,213.22,1705.76
2026-07-09,26-27/01608/Hero,Verma Auto Agencies | AFM | Barabanki,15100ACK401S,3,Pcs.,316.7,950.1
2026-07-09,26-27/01608/Hero,Verma Auto Agencies | AFM | Barabanki,33400KCC710S,3,Pcs.,172.46,517.38
2026-07-09,26-27/01608/Hero,Verma Auto Agencies | AFM | Barabanki,46544AAEB00S,1,Pcs.,614.58,614.58
2026-07-09,26-27/01608/Hero,Verma Auto Agencies | AFM | Barabanki,46544AAEB00S,2,Pcs.,627.12,1254.24
2026-07-09,26-27/01608/Hero,Verma Auto Agencies | AFM | Barabanki,17910ACK000S,5,Pcs.,74.63,373.15
2026-07-09,26-27/01608/Hero,Verma Auto Agencies | AFM | Barabanki,3310BAAY001S,1,Pcs.,429.58,429.58
2026-07-09,26-27/01608/Hero,Verma Auto Agencies | AFM | Barabanki,43125KST92099S,12,Pcs.,90.93,1091.16
2026-07-09,26-27/01608/Hero,Verma Auto Agencies | AFM | Barabanki,46544AAEB00S,1,Pcs.,627.12,627.12
2026-07-09,26-27/01608/Hero,Verma Auto Agencies | AFM | Barabanki,61301AAC220RS,1,Pcs.,442.12,442.12
2026-07-09,26-27/01608/Hero,Verma Auto Agencies | AFM | Barabanki,K17172KCC900S,4,Pcs.,75.25,301.0
2026-07-09,26-27/01608/Hero,Verma Auto Agencies | AFM | Barabanki,K17172KCC900S,8,Pcs.,87.79,702.32
2026-07-09,26-27/01608/Hero,Verma Auto Agencies | AFM | Barabanki,14520AANB00S,2,Pcs.,167.44,334.88
2026-07-09,26-27/01608/Hero,Verma Auto Agencies | AFM | Barabanki,1711AAAE300S,1,Pcs.,953.22,953.22
2026-07-09,26-27/01608/Hero,Verma Auto Agencies | AFM | Barabanki,17570AAE30099S,1,Pcs.,285.34,285.34
2026-07-09,26-27/01608/Hero,Verma Auto Agencies | AFM | Barabanki,17910ABZ000S,1,Pcs.,81.53,81.53
2026-07-09,26-27/01608/Hero,Verma Auto Agencies | AFM | Barabanki,17910ACK000S,10,Pcs.,75.25,752.5
2026-07-09,26-27/01608/Hero,Verma Auto Agencies | AFM | Barabanki,21K201S,2,Pcs.,1931.53,3863.06
2026-07-09,26-27/01608/Hero,Verma Auto Agencies | AFM | Barabanki,22120AAF400S,2,Pcs.,213.22,426.44
2026-07-09,26-27/01608/Hero,Verma Auto Agencies | AFM | Barabanki,23100AAL500S,1,Pcs.,297.88,297.88
2026-07-09,26-27/01608/Hero,Verma Auto Agencies | AFM | Barabanki,23100AAL500S,1,Pcs.,326.1,326.1
2026-07-09,26-27/01608/Hero,Verma Auto Agencies | AFM | Barabanki,24610AANB00S,1,Pcs.,225.76,225.76
2026-07-09,26-27/01608/Hero,Verma Auto Agencies | AFM | Barabanki,28102ACK010S,10,Pcs.,18.81,188.1
2026-07-09,26-27/01608/Hero,Verma Auto Agencies | AFM | Barabanki,28103ACK010S,4,Pcs.,15.68,62.72
2026-07-09,26-27/01608/Hero,Verma Auto Agencies | AFM | Barabanki,28110ACK010S,3,Pcs.,332.37,997.11
2026-07-09,26-27/01608/Hero,Verma Auto Agencies | AFM | Barabanki,31120AAC811S,3,Pcs.,896.78,2690.34
2026-07-09,26-27/01608/Hero,Verma Auto Agencies | AFM | Barabanki,31120AAC812S,3,Pcs.,799.58,2398.74
2026-07-09,26-27/01608/Hero,Verma Auto Agencies | AFM | Barabanki,31120ACK011S,1,Pcs.,609.56,609.56
2026-07-09,26-27/01608/Hero,Verma Auto Agencies | AFM | Barabanki,31120ACK011S,1,Pcs.,752.54,752.54
2026-07-09,26-27/01608/Hero,Verma Auto Agencies | AFM | Barabanki,31120ACK012S,2,Pcs.,783.9,1567.8
2026-07-09,26-27/01608/Hero,Verma Auto Agencies | AFM | Barabanki,31202ACK012S,20,Pcs.,43.9,878.0
2026-07-09,26-27/01608/Hero,Verma Auto Agencies | AFM | Barabanki,3310BAAGA0099S,2,Pcs.,417.03,834.06
2026-07-09,26-27/01608/Hero,Verma Auto Agencies | AFM | Barabanki,42303AAF410S,20,Pcs.,53.3,1066.0
2026-07-09,26-27/01608/Hero,Verma Auto Agencies | AFM | Barabanki,43125KST92099S,8,Pcs.,90.93,727.44
2026-07-09,26-27/01608/Hero,Verma Auto Agencies | AFM | Barabanki,K14144AACK000S,8,Pcs.,282.21,2257.68
2026-07-09,26-27/01608/Hero,Verma Auto Agencies | AFM | Barabanki,K14144AACK000S,12,Pcs.,301.02,3612.24
2026-07-09,26-27/01608/Hero,Verma Auto Agencies | AFM | Barabanki,K17172KCC900S,24,Pcs.,75.25,1806.0
2026-07-09,26-27/01608/Hero,Verma Auto Agencies | AFM | Barabanki,K17172KCC900S,14,Pcs.,87.79,1229.06
2026-07-09,26-27/01608/Hero,Verma Auto Agencies | AFM | Barabanki,K40405KWAG930S,2,Pcs.,329.24,658.48
2026-07-09,26-27/01608/Hero,Verma Auto Agencies | AFM | Barabanki,40510AAT000S,2,Pcs.,137.97,275.94
2026-07-09,26-27/01609/Hero,Verma Auto Agencies | AFM | Barabanki,61300ADG000RS,1,Pcs.,652.21,652.21
2026-07-09,26-27/01609/Hero,Verma Auto Agencies | AFM | Barabanki,83410AAEB00SS,1,Pcs.,667.88,667.88
2026-07-09,26-27/01609/Hero,Verma Auto Agencies | AFM | Barabanki,83402AAEB00S,1,Pcs.,225.76,225.76
2026-07-09,26-27/01609/Hero,Verma Auto Agencies | AFM | Barabanki,61300ADG000RS,1,Pcs.,652.21,652.21
2026-07-09,26-27/01609/Hero,Verma Auto Agencies | AFM | Barabanki,83400ACK011TS,1,Pcs.,438.98,438.98
2026-07-09,26-27/01609/Hero,Verma Auto Agencies | AFM | Barabanki,83402AAE940S,1,Pcs.,188.14,188.14
2026-07-09,26-27/01609/Hero,Verma Auto Agencies | AFM | Barabanki,83402AAE940S,1,Pcs.,188.14,188.14
2026-07-09,26-27/01609/Hero,Verma Auto Agencies | AFM | Barabanki,83402AAE940S,1,Pcs.,185.0,185.0
2026-07-09,26-27/01609/Hero,Verma Auto Agencies | AFM | Barabanki,61300AANB00US,1,Pcs.,379.4,379.4
2026-07-09,26-27/01609/Hero,Verma Auto Agencies | AFM | Barabanki,64330ABS000SS,1,Pcs.,391.95,391.95
2026-07-09,26-27/01609/Hero,Verma Auto Agencies | AFM | Barabanki,64330ABS000SS,1,Pcs.,391.95,391.95
2026-07-09,26-27/01609/Hero,Verma Auto Agencies | AFM | Barabanki,11341AAGA00S,1,Pcs.,440.24,440.24
2026-07-09,26-27/01609/Hero,Verma Auto Agencies | AFM | Barabanki,12331GB0910S,1,Pcs.,57.7,57.7
2026-07-09,26-27/01609/Hero,Verma Auto Agencies | AFM | Barabanki,16701AAL901S,1,Pcs.,185.0,185.0
2026-07-09,26-27/01609/Hero,Verma Auto Agencies | AFM | Barabanki,16701AAWB02S,1,Pcs.,84.66,84.66
2026-07-09,26-27/01609/Hero,Verma Auto Agencies | AFM | Barabanki,17910ACL000S,1,Pcs.,100.34,100.34
2026-07-09,26-27/01609/Hero,Verma Auto Agencies | AFM | Barabanki,22121AAHF01S,4,Pcs.,197.54,790.16
2026-07-09,26-27/01609/Hero,Verma Auto Agencies | AFM | Barabanki,28120KPL901S,2,Pcs.,620.84,1241.68
2026-07-09,26-27/01609/Hero,Verma Auto Agencies | AFM | Barabanki,31120AAC812S,1,Pcs.,799.58,799.58
2026-07-09,26-27/01609/Hero,Verma Auto Agencies | AFM | Barabanki,31120ACK011S,1,Pcs.,752.54,752.54
2026-07-09,26-27/01609/Hero,Verma Auto Agencies | AFM | Barabanki,31210AAC811S,1,Pcs.,1011.54,1011.54
2026-07-09,26-27/01609/Hero,Verma Auto Agencies | AFM | Barabanki,31210AAC811S,1,Pcs.,1138.22,1138.22
2026-07-09,26-27/01609/Hero,Verma Auto Agencies | AFM | Barabanki,33100AAE941S,1,Pcs.,2022.46,2022.46
2026-07-09,26-27/01609/Hero,Verma Auto Agencies | AFM | Barabanki,3365BAAJ101S,2,Pcs.,137.97,275.94
2026-07-09,26-27/01609/Hero,Verma Auto Agencies | AFM | Barabanki,34901KVN971S,5,Pcs.,59.58,297.9
2026-07-09,26-27/01609/Hero,Verma Auto Agencies | AFM | Barabanki,34901KVN971S,3,Pcs.,62.72,188.16
2026-07-09,26-27/01609/Hero,Verma Auto Agencies | AFM | Barabanki,34901KVN971S,2,Pcs.,72.12,144.24
2026-07-09,26-27/01609/Hero,Verma Auto Agencies | AFM | Barabanki,35330ACA001S,1,Pcs.,144.24,144.24
2026-07-09,26-27/01609/Hero,Verma Auto Agencies | AFM | Barabanki,41241ABZ000S,4,Pcs.,28.22,112.88
2026-07-09,26-27/01609/Hero,Verma Auto Agencies | AFM | Barabanki,45100AANL00S,1,Pcs.,451.53,451.53
2026-07-09,26-27/01609/Hero,Verma Auto Agencies | AFM | Barabanki,83402AAE710S,2,Pcs.,188.04,376.08
2026-07-09,26-27/01609/Hero,Verma Auto Agencies | AFM | Barabanki,90131KRM840S,10,Pcs.,15.68,156.8
2026-07-09,26-27/01609/Hero,Verma Auto Agencies | AFM | Barabanki,53100AAC800S,1,Pcs.,222.63,222.63
2026-07-09,26-27/01610/Hero,Verma Auto Agencies | AFM | Barabanki,13011KCC305LS,9,Pcs.,167.44,1506.96
2026-07-09,26-27/01610/Hero,Verma Auto Agencies | AFM | Barabanki,13012KCC305LS,4,Pcs.,203.81,815.24
2026-07-09,26-27/01610/Hero,Verma Auto Agencies | AFM | Barabanki,13031KTC305S,20,Pcs.,175.6,3512.0
2026-07-09,26-27/01610/Hero,Verma Auto Agencies | AFM | Barabanki,16950KRP981S,5,Pcs.,201.93,1009.65
2026-07-09,26-27/01610/Hero,Verma Auto Agencies | AFM | Barabanki,17512KCC900S,20,Pcs.,3.14,62.8
2026-07-09,26-27/01610/Hero,Verma Auto Agencies | AFM | Barabanki,17570ACK00099S,1,Pcs.,279.07,279.07
2026-07-09,26-27/01610/Hero,Verma Auto Agencies | AFM | Barabanki,22120KTC900S,6,Pcs.,253.98,1523.88
2026-07-09,26-27/01610/Hero,Verma Auto Agencies | AFM | Barabanki,22535AAW000S,1,Pcs.,495.42,495.42
2026-07-09,26-27/01610/Hero,Verma Auto Agencies | AFM | Barabanki,22535AAW000S,1,Pcs.,523.65,523.65
2026-07-09,26-27/01610/Hero,Verma Auto Agencies | AFM | Barabanki,25K170S,5,Pcs.,297.88,1489.4
2026-07-09,26-27/01610/Hero,Verma Auto Agencies | AFM | Barabanki,2830AKAG900S,2,Pcs.,301.02,602.04
2026-07-09,26-27/01610/Hero,Verma Auto Agencies | AFM | Barabanki,31120AAC201S,1,Pcs.,603.91,603.91
2026-07-09,26-27/01610/Hero,Verma Auto Agencies | AFM | Barabanki,31120AAC201S,1,Pcs.,746.27,746.27
2026-07-09,26-27/01610/Hero,Verma Auto Agencies | AFM | Barabanki,37100AAEH00S,2,Pcs.,906.19,1812.38
2026-07-09,26-27/01610/Hero,Verma Auto Agencies | AFM | Barabanki,37210AAH001S,2,Pcs.,225.03,450.06
2026-07-09,26-27/01610/Hero,Verma Auto Agencies | AFM | Barabanki,37210AAH001S,7,Pcs.,258.94,1812.58
2026-07-09,26-27/01610/Hero,Verma Auto Agencies | AFM | Barabanki,50512KTC900S,10,Pcs.,78.39,783.9
2026-07-09,26-27/01610/Hero,Verma Auto Agencies | AFM | Barabanki,50803KTC900S,2,Pcs.,460.93,921.86
2026-07-09,26-27/01610/Hero,Verma Auto Agencies | AFM | Barabanki,53171KCC900S,50,Pcs.,9.4,470.0
2026-07-09,26-27/01610/Hero,Verma Auto Agencies | AFM | Barabanki,53172KCC900S,60,Pcs.,12.54,752.4
2026-07-09,26-27/01610/Hero,Verma Auto Agencies | AFM | Barabanki,53230KCC900S,2,Pcs.,166.19,332.38
2026-07-09,26-27/01610/Hero,Verma Auto Agencies | AFM | Barabanki,61313KCC900S,4,Pcs.,31.35,125.4
2026-07-09,26-27/01610/Hero,Verma Auto Agencies | AFM | Barabanki,61314KCC900S,10,Pcs.,34.49,344.9
2026-07-09,26-27/01610/Hero,Verma Auto Agencies | AFM | Barabanki,957010611000S,20,Pcs.,9.4,188.0
2026-07-09,26-27/01610/Hero,Verma Auto Agencies | AFM | Barabanki,80102KCC900S,25,Pcs.,34.49,862.25
2026-07-09,26-27/01610/Hero,Verma Auto Agencies | AFM | Barabanki,16950KRP981S,1,Pcs.,201.93,201.93
2026-07-09,26-27/01610/Hero,Verma Auto Agencies | AFM | Barabanki,17512KCC900S,20,Pcs.,3.14,62.8
2026-07-09,26-27/01610/Hero,Verma Auto Agencies | AFM | Barabanki,22120KTC900S,4,Pcs.,253.98,1015.92
2026-07-09,26-27/01610/Hero,Verma Auto Agencies | AFM | Barabanki,25K170S,5,Pcs.,297.88,1489.4
2026-07-09,26-27/01610/Hero,Verma Auto Agencies | AFM | Barabanki,2830AKAG900S,1,Pcs.,248.34,248.34
2026-07-09,26-27/01610/Hero,Verma Auto Agencies | AFM | Barabanki,2830AKAG900S,1,Pcs.,269.66,269.66
2026-07-09,26-27/01610/Hero,Verma Auto Agencies | AFM | Barabanki,2830AKAG900S,1,Pcs.,301.02,301.02
2026-07-09,26-27/01610/Hero,Verma Auto Agencies | AFM | Barabanki,44800KVE901S,1,Pcs.,163.05,163.05
2026-07-09,26-27/01610/Hero,Verma Auto Agencies | AFM | Barabanki,44800KVE901S,3,Pcs.,172.46,517.38
2026-07-09,26-27/01610/Hero,Verma Auto Agencies | AFM | Barabanki,46514KCC900S,20,Pcs.,9.4,188.0
2026-07-09,26-27/01610/Hero,Verma Auto Agencies | AFM | Barabanki,53171KCC900S,10,Pcs.,9.4,94.0
2026-07-09,26-27/01610/Hero,Verma Auto Agencies | AFM | Barabanki,53230KCC900S,1,Pcs.,166.19,166.19
2026-07-09,26-27/01610/Hero,Verma Auto Agencies | AFM | Barabanki,61313KCC900S,6,Pcs.,31.35,188.1
2026-07-09,26-27/01610/Hero,Verma Auto Agencies | AFM | Barabanki,80102KCC900S,15,Pcs.,34.49,517.35
2026-07-09,26-27/01610/Hero,Verma Auto Agencies | AFM | Barabanki,957010611000S,10,Pcs.,9.4,94.0
2026-07-09,26-27/01610/Hero,Verma Auto Agencies | AFM | Barabanki,3370BKST930S,6,Pcs.,279.07,1674.42
2026-07-09,26-27/01610/Hero,Verma Auto Agencies | AFM | Barabanki,53100KTC900S,5,Pcs.,316.7,1583.5
2026-07-09,26-27/01610/Hero,Verma Auto Agencies | AFM | Barabanki,35100AAEH00S,10,Pcs.,354.32,3543.2
2026-07-09,26-27/01610/Hero,Verma Auto Agencies | AFM | Barabanki,35010AAEH00S,10,Pcs.,602.03,6020.3
2026-07-09,26-27/01610/Hero,Verma Auto Agencies | AFM | Barabanki,61102KTC900S,5,Pcs.,59.58,297.9
2026-07-09,26-27/01610/Hero,Verma Auto Agencies | AFM | Barabanki,3370BKST930S,4,Pcs.,279.07,1116.28
2026-07-09,26-27/01610/Hero,Verma Auto Agencies | AFM | Barabanki,80100KCC860S,2,Pcs.,454.66,909.32
2026-07-09,26-27/01610/Hero,Verma Auto Agencies | AFM | Barabanki,22870KTC900S,25,Pcs.,59.33,1483.25
2026-07-09,26-27/01610/Hero,Verma Auto Agencies | AFM | Barabanki,37800KST861S,2,Pcs.,178.73,357.46
2026-07-09,26-27/01610/Hero,Verma Auto Agencies | AFM | Barabanki,37800KST861S,6,Pcs.,222.63,1335.78
2026-07-09,26-27/01610/Hero,Verma Auto Agencies | AFM | Barabanki,53200KTCA20S,2,Pcs.,975.17,1950.34
2026-07-09,26-27/01610/Hero,Verma Auto Agencies | AFM | Barabanki,20K1010S,5,Pcs.,740.17,3700.85
2026-07-09,26-27/01610/Hero,Verma Auto Agencies | AFM | Barabanki,22870KTC900S,45,Pcs.,59.33,2669.85
2026-07-09,26-27/01610/Hero,Verma Auto Agencies | AFM | Barabanki,77220KY6000S,50,Pcs.,59.58,2979.0
2026-07-09,26-27/01610/Hero,Verma Auto Agencies | AFM | Barabanki,13011KTC305S,10,Pcs.,175.6,1756.0
2026-07-09,26-27/01610/Hero,Verma Auto Agencies | AFM | Barabanki,16016KPH651S,4,Pcs.,53.3,213.2
2026-07-09,26-27/01610/Hero,Verma Auto Agencies | AFM | Barabanki,22350KPGT00S,17,Pcs.,140.85,2394.45
2026-07-09,26-27/01610/Hero,Verma Auto Agencies | AFM | Barabanki,25K170S,15,Pcs.,269.66,4044.9
2026-07-09,26-27/01610/Hero,Verma Auto Agencies | AFM | Barabanki,25K170S,7,Pcs.,297.88,2085.16
2026-07-09,26-27/01610/Hero,Verma Auto Agencies | AFM | Barabanki,35850KR3870S,21,Pcs.,178.73,3753.33
2026-07-09,26-27/01610/Hero,Verma Auto Agencies | AFM | Barabanki,61103KRY900S,20,Pcs.,3.14,62.8
2026-07-09,26-27/01610/Hero,Verma Auto Agencies | AFM | Barabanki,14520KTC902S,40,Pcs.,169.32,6772.8
2026-07-09,26-27/01610/Hero,Verma Auto Agencies | AFM | Barabanki,15611KTC900S,10,Pcs.,9.4,94.0
2026-07-09,26-27/01610/Hero,Verma Auto Agencies | AFM | Barabanki,22350KPGT00S,3,Pcs.,140.85,422.55
2026-07-09,26-27/01610/Hero,Verma Auto Agencies | AFM | Barabanki,25K170S,7,Pcs.,269.66,1887.62
2026-07-09,26-27/01610/Hero,Verma Auto Agencies | AFM | Barabanki,25K170S,2,Pcs.,297.88,595.76
2026-07-09,26-27/01610/Hero,Verma Auto Agencies | AFM | Barabanki,35850KR3870S,9,Pcs.,178.73,1608.57
2026-07-09,26-27/01610/Hero,Verma Auto Agencies | AFM | Barabanki,13011KCC305LS,1,Pcs.,167.44,167.44
2026-07-09,26-27/01610/Hero,Verma Auto Agencies | AFM | Barabanki,13012KCC305LS,1,Pcs.,178.73,178.73
2026-07-09,26-27/01610/Hero,Verma Auto Agencies | AFM | Barabanki,25K170S,19,Pcs.,297.88,5659.72
2026-07-09,26-27/01611/Hero,Verma Auto Agencies | AFM | Barabanki,21K200S,6,Pcs.,2072.63,12435.78
2026-07-09,26-27/01611/Hero,Verma Auto Agencies | AFM | Barabanki,21K200S,6,Pcs.,2072.63,12435.78
2026-07-09,26-27/01611/Hero,Verma Auto Agencies | AFM | Barabanki,61000AAGA00RS,1,Pcs.,871.7,871.7
2026-07-09,26-27/01611/Hero,Verma Auto Agencies | AFM | Barabanki,61100KTCA20ZAS,2,Pcs.,730.6,1461.2
2026-07-09,26-27/01611/Hero,Verma Auto Agencies | AFM | Barabanki,80100KTCA20S,2,Pcs.,473.47,946.94
2026-07-09,26-27/01611/Hero,Verma Auto Agencies | AFM | Barabanki,80100KTCA20S,2,Pcs.,473.47,946.94
2026-07-09,26-27/01611/Hero,Verma Auto Agencies | AFM | Barabanki,22870KWA940S,50,Pcs.,71.87,3593.5
2026-07-09,26-27/01611/Hero,Verma Auto Agencies | AFM | Barabanki,22870KWA940S,50,Pcs.,71.87,3593.5
2026-07-09,26-27/01611/Hero,Verma Auto Agencies | AFM | Barabanki,K28281KWAG940S,50,Pcs.,100.34,5017.0
2026-07-09,26-27/01611/Hero,Verma Auto Agencies | AFM | Barabanki,K42423KCCZ600S,50,Pcs.,53.3,2665.0
2026-07-09,26-27/01611/Hero,Verma Auto Agencies | AFM | Barabanki,K42423KCCZ600S,50,Pcs.,53.3,2665.0
2026-07-09,26-27/01611/Hero,Verma Auto Agencies | AFM | Barabanki,51104KST940S,10,Pcs.,116.02,1160.2
2026-07-09,26-27/01611/Hero,Verma Auto Agencies | AFM | Barabanki,44830KWA830S,50,Pcs.,36.51,1825.5
2026-07-09,26-27/01611/Hero,Verma Auto Agencies | AFM | Barabanki,44830KWA910S,50,Pcs.,57.21,2860.5
2026-07-09,26-27/01611/Hero,Verma Auto Agencies | AFM | Barabanki,44830KWA910S,50,Pcs.,57.21,2860.5
2026-07-09,26-27/01611/Hero,Verma Auto Agencies | AFM | Barabanki,2830AKWH760S,10,Pcs.,282.21,2822.1
2026-07-09,26-27/01611/Hero,Verma Auto Agencies | AFM | Barabanki,16100AAH102S,1,Pcs.,1489.4,1489.4
2026-07-09,26-27/01611/Hero,Verma Auto Agencies | AFM | Barabanki,17611KCC900S,10,Pcs.,9.4,94.0
2026-07-09,26-27/01611/Hero,Verma Auto Agencies | AFM | Barabanki,17910KWA940S,40,Pcs.,50.34,2013.6
2026-07-09,26-27/01611/Hero,Verma Auto Agencies | AFM | Barabanki,29K210S,130,Pcs.,31.35,4075.5
2026-07-09,26-27/01611/Hero,Verma Auto Agencies | AFM | Barabanki,31210KWA94099S,1,Pcs.,1530.17,1530.17
2026-07-09,26-27/01611/Hero,Verma Auto Agencies | AFM | Barabanki,35200KST870S,1,Pcs.,266.53,266.53
2026-07-09,26-27/01611/Hero,Verma Auto Agencies | AFM | Barabanki,35200KWH970S,1,Pcs.,366.86,366.86
2026-07-09,26-27/01611/Hero,Verma Auto Agencies | AFM | Barabanki,45451AAF400S,20,Pcs.,8.47,169.4
2026-07-09,26-27/01611/Hero,Verma Auto Agencies | AFM | Barabanki,45451AAF400S,10,Pcs.,9.4,94.0
2026-07-09,26-27/01611/Hero,Verma Auto Agencies | AFM | Barabanki,91001KTN900S,2,Pcs.,316.7,633.4
2026-07-09,26-27/01611/Hero,Verma Auto Agencies | AFM | Barabanki,14100AAHH41S,2,Pcs.,536.19,1072.38
2026-07-09,26-27/01611/Hero,Verma Auto Agencies | AFM | Barabanki,17611KCC900S,10,Pcs.,9.4,94.0
2026-07-09,26-27/01611/Hero,Verma Auto Agencies | AFM | Barabanki,28110AADH40S,2,Pcs.,326.1,652.2
2026-07-09,26-27/01611/Hero,Verma Auto Agencies | AFM | Barabanki,31201KG8004S,10,Pcs.,166.19,1661.9
2026-07-09,26-27/01611/Hero,Verma Auto Agencies | AFM | Barabanki,35150AAF00099S,2,Pcs.,200.68,401.36
2026-07-09,26-27/01611/Hero,Verma Auto Agencies | AFM | Barabanki,35150KWA841S,3,Pcs.,65.84,197.52
2026-07-09,26-27/01611/Hero,Verma Auto Agencies | AFM | Barabanki,35200KWH970S,2,Pcs.,366.86,733.72
2026-07-09,26-27/01611/Hero,Verma Auto Agencies | AFM | Barabanki,37211KTCA21S,4,Pcs.,225.76,903.04
2026-07-09,26-27/01611/Hero,Verma Auto Agencies | AFM | Barabanki,37211KTCA21S,4,Pcs.,228.9,915.6
2026-07-09,26-27/01611/Hero,Verma Auto Agencies | AFM | Barabanki,37800KWA930S,2,Pcs.,257.12,514.24
2026-07-09,26-27/01611/Hero,Verma Auto Agencies | AFM | Barabanki,45451AAF400S,120,Pcs.,8.47,1016.4
2026-07-09,26-27/01611/Hero,Verma Auto Agencies | AFM | Barabanki,45451AAF400S,30,Pcs.,9.4,282.0
2026-07-09,26-27/01611/Hero,Verma Auto Agencies | AFM | Barabanki,61303KWA830S,5,Pcs.,15.68,78.4
2026-07-09,26-27/01611/Hero,Verma Auto Agencies | AFM | Barabanki,64316KWA940S,5,Pcs.,25.09,125.45
2026-07-09,26-27/01611/Hero,Verma Auto Agencies | AFM | Barabanki,91002KSP911S,4,Pcs.,172.46,689.84
2026-07-09,26-27/01611/Hero,Verma Auto Agencies | AFM | Barabanki,957010603200S,40,Pcs.,6.27,250.8
2026-07-09,26-27/01611/Hero,Verma Auto Agencies | AFM | Barabanki,17611KCC900S,10,Pcs.,9.4,94.0
2026-07-09,26-27/01611/Hero,Verma Auto Agencies | AFM | Barabanki,29K210S,20,Pcs.,31.35,627.0
2026-07-09,26-27/01611/Hero,Verma Auto Agencies | AFM | Barabanki,3310AAANH02S,1,Pcs.,417.03,417.03
2026-07-09,26-27/01611/Hero,Verma Auto Agencies | AFM | Barabanki,35150AAF00099S,8,Pcs.,200.68,1605.44
2026-07-09,26-27/01611/Hero,Verma Auto Agencies | AFM | Barabanki,35150KWA841S,1,Pcs.,65.84,65.84
2026-07-09,26-27/01611/Hero,Verma Auto Agencies | AFM | Barabanki,35200KST870S,1,Pcs.,266.53,266.53
2026-07-09,26-27/01611/Hero,Verma Auto Agencies | AFM | Barabanki,37610KST951S,3,Pcs.,82.16,246.48
2026-07-09,26-27/01611/Hero,Verma Auto Agencies | AFM | Barabanki,37610KST951S,1,Pcs.,89.68,89.68
2026-07-09,26-27/01611/Hero,Verma Auto Agencies | AFM | Barabanki,37610KST951S,1,Pcs.,90.93,90.93
2026-07-09,26-27/01611/Hero,Verma Auto Agencies | AFM | Barabanki,37610KST951S,7,Pcs.,94.07,658.49
2026-07-09,26-27/01611/Hero,Verma Auto Agencies | AFM | Barabanki,45451AAF400S,10,Pcs.,8.47,84.7
2026-07-09,26-27/01611/Hero,Verma Auto Agencies | AFM | Barabanki,50803KST940S,1,Pcs.,409.99,409.99
2026-07-09,26-27/01611/Hero,Verma Auto Agencies | AFM | Barabanki,51103KST940S,1,Pcs.,263.39,263.39
2026-07-09,26-27/01611/Hero,Verma Auto Agencies | AFM | Barabanki,13013GN5315LS,20,Pcs.,172.46,3449.2
2026-07-09,26-27/01611/Hero,Verma Auto Agencies | AFM | Barabanki,14100AAHH41S,2,Pcs.,536.19,1072.38
2026-07-09,26-27/01611/Hero,Verma Auto Agencies | AFM | Barabanki,28110AADH40S,3,Pcs.,326.1,978.3
2026-07-09,26-27/01611/Hero,Verma Auto Agencies | AFM | Barabanki,28110AADH40S,3,Pcs.,332.37,997.11
2026-07-09,26-27/01611/Hero,Verma Auto Agencies | AFM | Barabanki,31210KWA94099S,1,Pcs.,1530.17,1530.17
2026-07-09,26-27/01611/Hero,Verma Auto Agencies | AFM | Barabanki,35010AAG501S,1,Pcs.,567.71,567.71
2026-07-09,26-27/01611/Hero,Verma Auto Agencies | AFM | Barabanki,35010AAG501S,1,Pcs.,621.01,621.01
2026-07-09,26-27/01611/Hero,Verma Auto Agencies | AFM | Barabanki,35150AAF00099S,20,Pcs.,200.68,4013.6
2026-07-09,26-27/01611/Hero,Verma Auto Agencies | AFM | Barabanki,35150KWA841S,1,Pcs.,65.84,65.84
2026-07-09,26-27/01611/Hero,Verma Auto Agencies | AFM | Barabanki,35200KWH970S,1,Pcs.,366.86,366.86
2026-07-09,26-27/01611/Hero,Verma Auto Agencies | AFM | Barabanki,37700KWA830S,2,Pcs.,445.25,890.5
2026-07-09,26-27/01611/Hero,Verma Auto Agencies | AFM | Barabanki,45451AAF400S,10,Pcs.,8.47,84.7
2026-07-09,26-27/01611/Hero,Verma Auto Agencies | AFM | Barabanki,45510KVN901S,2,Pcs.,796.44,1592.88
2026-07-09,26-27/01611/Hero,Verma Auto Agencies | AFM | Barabanki,51420KTC901S,3,Pcs.,617.72,1853.16
2026-07-09,26-27/01611/Hero,Verma Auto Agencies | AFM | Barabanki,51520KWA941S,1,Pcs.,473.47,473.47
2026-07-09,26-27/01611/Hero,Verma Auto Agencies | AFM | Barabanki,77235KTR900S,1,Pcs.,51.42,51.42
2026-07-09,26-27/01611/Hero,Verma Auto Agencies | AFM | Barabanki,90443107000S,10,Pcs.,9.4,94.0
2026-07-09,26-27/01611/Hero,Verma Auto Agencies | AFM | Barabanki,9501472302S,10,Pcs.,18.81,188.1
2026-07-09,26-27/01611/Hero,Verma Auto Agencies | AFM | Barabanki,957010603200S,20,Pcs.,6.27,125.4
2026-07-09,26-27/01611/Hero,Verma Auto Agencies | AFM | Barabanki,17910KWA940S,10,Pcs.,50.34,503.4
2026-07-09,26-27/01611/Hero,Verma Auto Agencies | AFM | Barabanki,80100KST940S,4,Pcs.,395.09,1580.36
2026-07-09,26-27/01612/Hero,Delhi Auto Parts | AFM | Fatehagnj West,11321KWA940S,2,Pcs.,96.21,192.42
2026-07-09,26-27/01612/Hero,Delhi Auto Parts | AFM | Fatehagnj West,22K130LS,4,Pcs.,308.35,1233.4
2026-07-09,26-27/01612/Hero,Delhi Auto Parts | AFM | Fatehagnj West,22K130LS,1,Pcs.,324.58,324.58
2026-07-09,26-27/01612/Hero,Delhi Auto Parts | AFM | Fatehagnj West,28110ACK010S,1,Pcs.,351.68,351.68
2026-07-09,26-27/01612/Hero,Delhi Auto Parts | AFM | Fatehagnj West,35010AAE201S,2,Pcs.,590.57,1181.14
2026-07-09,26-27/01612/Hero,Delhi Auto Parts | AFM | Fatehagnj West,35010AAE301S,2,Pcs.,567.35,1134.7
2026-07-09,26-27/01612/Hero,Delhi Auto Parts | AFM | Fatehagnj West,35010AAH100S,2,Pcs.,603.84,1207.68
2026-07-09,26-27/01612/Hero,Delhi Auto Parts | AFM | Fatehagnj West,35100AAC701S,2,Pcs.,321.83,643.66
2026-07-09,26-27/01612/Hero,Delhi Auto Parts | AFM | Fatehagnj West,35100AAE102S,3,Pcs.,328.46,985.38
2026-07-09,26-27/01612/Hero,Delhi Auto Parts | AFM | Fatehagnj West,35100AAE301S,3,Pcs.,381.55,1144.65
2026-07-09,26-27/01612/Hero,Delhi Auto Parts | AFM | Fatehagnj West,35100AAHA01S,2,Pcs.,398.13,796.26
2026-07-09,26-27/01612/Hero,Delhi Auto Parts | AFM | Fatehagnj West,35100ACK00099S,1,Pcs.,338.41,338.41
2026-07-09,26-27/01612/Hero,Delhi Auto Parts | AFM | Fatehagnj West,35100ACK00099S,1,Pcs.,364.96,364.96
2026-07-09,26-27/01612/Hero,Delhi Auto Parts | AFM | Fatehagnj West,37800AAE30099S,3,Pcs.,315.19,945.57
2026-07-09,26-27/01612/Hero,Delhi Auto Parts | AFM | Fatehagnj West,91005KWA940S,1,Pcs.,33.18,33.18
2026-07-09,26-27/01612/Hero,Delhi Auto Parts | AFM | Fatehagnj West,11321KWA940S,1,Pcs.,96.21,96.21
2026-07-09,26-27/01612/Hero,Delhi Auto Parts | AFM | Fatehagnj West,22201AAHA01S,28,Pcs.,46.38,1298.64
2026-07-09,26-27/01612/Hero,Delhi Auto Parts | AFM | Fatehagnj West,28110AADH40S,1,Pcs.,351.68,351.68
2026-07-09,26-27/01612/Hero,Delhi Auto Parts | AFM | Fatehagnj West,33K151S,1,Pcs.,395.79,395.79
2026-07-09,26-27/01612/Hero,Delhi Auto Parts | AFM | Fatehagnj West,33K151S,1,Pcs.,424.32,424.32
2026-07-09,26-27/01612/Hero,Delhi Auto Parts | AFM | Fatehagnj West,33K151S,1,Pcs.,430.95,430.95
2026-07-09,26-27/01612/Hero,Delhi Auto Parts | AFM | Fatehagnj West,33K151S,2,Pcs.,447.54,895.08
2026-07-09,26-27/01612/Hero,Delhi Auto Parts | AFM | Fatehagnj West,45475AAHF00S,3,Pcs.,129.39,388.17
2026-07-09,26-27/01612/Hero,Delhi Auto Parts | AFM | Fatehagnj West,90231198000S,10,Pcs.,9.95,99.5
2026-07-09,26-27/01612/Hero,Delhi Auto Parts | AFM | Fatehagnj West,91005KWA940S,4,Pcs.,33.18,132.72
2026-07-09,26-27/01612/Hero,Delhi Auto Parts | AFM | Fatehagnj West,93600060160AS,10,Pcs.,1.32,13.2
2026-07-09,26-27/01612/Hero,Delhi Auto Parts | AFM | Fatehagnj West,20K710S,10,Pcs.,462.0,4620.0
2026-07-09,26-27/01612/Hero,Delhi Auto Parts | AFM | Fatehagnj West,20K710S,10,Pcs.,462.0,4620.0
2026-07-09,26-27/01612/Hero,Delhi Auto Parts | AFM | Fatehagnj West,K12121KZAAW00S,1,Pcs.,1473.58,1473.58
2026-07-09,26-27/01613/Hero,Delhi Auto Parts | AFM | Koharapeer,14502086000RS,10,Pcs.,57.74,577.4
2026-07-09,26-27/01613/Hero,Delhi Auto Parts | AFM | Koharapeer,14610086000RS,20,Pcs.,64.16,1283.2
2026-07-09,26-27/01613/Hero,Delhi Auto Parts | AFM | Koharapeer,14610AAT001S,5,Pcs.,23.22,116.1
2026-07-09,26-27/01613/Hero,Delhi Auto Parts | AFM | Koharapeer,14670035030LS,20,Pcs.,69.67,1393.4
2026-07-09,26-27/01613/Hero,Delhi Auto Parts | AFM | Koharapeer,21K120LS,1,Pcs.,1286.62,1286.62
2026-07-09,26-27/01613/Hero,Delhi Auto Parts | AFM | Koharapeer,23461GK4760S,2,Pcs.,298.61,597.22
2026-07-09,26-27/01613/Hero,Delhi Auto Parts | AFM | Koharapeer,24430KST900S,10,Pcs.,54.53,545.3
2026-07-09,26-27/01613/Hero,Delhi Auto Parts | AFM | Koharapeer,28150KPL900S,10,Pcs.,54.41,544.1
2026-07-09,26-27/01613/Hero,Delhi Auto Parts | AFM | Koharapeer,31210AAC811S,1,Pcs.,1204.36,1204.36
2026-07-09,26-27/01613/Hero,Delhi Auto Parts | AFM | Koharapeer,35010AAC200S,1,Pcs.,789.63,789.63
2026-07-09,26-27/01613/Hero,Delhi Auto Parts | AFM | Koharapeer,35010AAY301S,1,Pcs.,485.66,485.66
2026-07-09,26-27/01613/Hero,Delhi Auto Parts | AFM | Koharapeer,35750001000S,5,Pcs.,43.13,215.65
2026-07-09,26-27/01613/Hero,Delhi Auto Parts | AFM | Koharapeer,38501AAW30099S,8,Pcs.,106.17,849.36
2026-07-09,26-27/01613/Hero,Delhi Auto Parts | AFM | Koharapeer,38501AAW30099S,2,Pcs.,109.49,218.98
2026-07-09,26-27/01613/Hero,Delhi Auto Parts | AFM | Koharapeer,64311KST950S,2,Pcs.,54.41,108.82
2026-07-09,26-27/01613/Hero,Delhi Auto Parts | AFM | Koharapeer,64315AAC220S,5,Pcs.,9.95,49.75
2026-07-09,26-27/01615/Hero,Sushil Auto Parts | AFM | Choupla,13011KCC942S,4,Pcs.,214.78,859.12
2026-07-09,26-27/01615/Hero,Sushil Auto Parts | AFM | Choupla,13012AAF00099S,2,Pcs.,226.27,452.54
2026-07-09,26-27/01615/Hero,Sushil Auto Parts | AFM | Choupla,13012KCC942S,2,Pcs.,199.25,398.5
2026-07-09,26-27/01615/Hero,Sushil Auto Parts | AFM | Choupla,14610086000RS,10,Pcs.,65.34,653.4
2026-07-09,26-27/01615/Hero,Sushil Auto Parts | AFM | Choupla,14615035010S,10,Pcs.,13.51,135.1
2026-07-09,26-27/01615/Hero,Sushil Auto Parts | AFM | Choupla,17208AAW301S,8,Pcs.,236.4,1891.2
2026-07-09,26-27/01615/Hero,Sushil Auto Parts | AFM | Choupla,17681KWA940S,20,Pcs.,13.51,270.2
2026-07-09,26-27/01615/Hero,Sushil Auto Parts | AFM | Choupla,17683KWP900S,9,Pcs.,33.77,303.93
2026-07-09,26-27/01615/Hero,Sushil Auto Parts | AFM | Choupla,22201AAHA01S,12,Pcs.,40.01,480.12
2026-07-09,26-27/01615/Hero,Sushil Auto Parts | AFM | Choupla,23461GK4760S,1,Pcs.,303.94,303.94
2026-07-09,26-27/01615/Hero,Sushil Auto Parts | AFM | Choupla,29K210S,45,Pcs.,32.67,1470.15
2026-07-09,26-27/01615/Hero,Sushil Auto Parts | AFM | Choupla,35010AACH00S,1,Pcs.,756.47,756.47
2026-07-09,26-27/01615/Hero,Sushil Auto Parts | AFM | Choupla,35100AAE102S,3,Pcs.,307.31,921.93
2026-07-09,26-27/01615/Hero,Sushil Auto Parts | AFM | Choupla,35100AAE102S,1,Pcs.,334.33,334.33
2026-07-09,26-27/01615/Hero,Sushil Auto Parts | AFM | Choupla,35100AAEH00S,1,Pcs.,369.16,369.16
2026-07-09,26-27/01615/Hero,Sushil Auto Parts | AFM | Choupla,K13130AAFF410S,1,Pcs.,476.18,476.18
2026-07-09,26-27/01615/Hero,Sushil Auto Parts | AFM | Choupla,K22222KZAAW00VS,2,Pcs.,451.61,903.22
2026-07-09,26-27/01615/Hero,Sushil Auto Parts | AFM | Choupla,13011KCC942S,1,Pcs.,214.78,214.78
2026-07-09,26-27/01615/Hero,Sushil Auto Parts | AFM | Choupla,13012AAF00099S,3,Pcs.,226.27,678.81
2026-07-09,26-27/01615/Hero,Sushil Auto Parts | AFM | Choupla,13012KCC942S,1,Pcs.,199.25,199.25
2026-07-09,26-27/01615/Hero,Sushil Auto Parts | AFM | Choupla,13012KCC942S,2,Pcs.,216.14,432.28
2026-07-09,26-27/01615/Hero,Sushil Auto Parts | AFM | Choupla,14502086000RS,20,Pcs.,58.8,1176.0
2026-07-09,26-27/01615/Hero,Sushil Auto Parts | AFM | Choupla,14610086000RS,10,Pcs.,65.34,653.4
2026-07-09,26-27/01615/Hero,Sushil Auto Parts | AFM | Choupla,14615035010S,10,Pcs.,13.51,135.1
2026-07-09,26-27/01615/Hero,Sushil Auto Parts | AFM | Choupla,14670035030LS,5,Pcs.,70.92,354.6
2026-07-09,26-27/01615/Hero,Sushil Auto Parts | AFM | Choupla,14670KYY900S,5,Pcs.,70.92,354.6
2026-07-09,26-27/01615/Hero,Sushil Auto Parts | AFM | Choupla,17208AAT00099S,15,Pcs.,182.36,2735.4
2026-07-09,26-27/01615/Hero,Sushil Auto Parts | AFM | Choupla,17681KWA940S,30,Pcs.,13.51,405.3
2026-07-09,26-27/01615/Hero,Sushil Auto Parts | AFM | Choupla,17683KWP900S,1,Pcs.,33.77,33.77
2026-07-09,26-27/01615/Hero,Sushil Auto Parts | AFM | Choupla,22201AAHA01S,8,Pcs.,40.01,320.08
2026-07-09,26-27/01615/Hero,Sushil Auto Parts | AFM | Choupla,22201GF6000S,4,Pcs.,58.75,235.0
2026-07-09,26-27/01615/Hero,Sushil Auto Parts | AFM | Choupla,22201GF6000S,36,Pcs.,64.16,2309.76
2026-07-09,26-27/01615/Hero,Sushil Auto Parts | AFM | Choupla,23461GK4760S,3,Pcs.,303.94,911.82
2026-07-09,26-27/01615/Hero,Sushil Auto Parts | AFM | Choupla,24211GF6000RS,6,Pcs.,212.35,1274.1
2026-07-09,26-27/01615/Hero,Sushil Auto Parts | AFM | Choupla,29K210S,5,Pcs.,32.67,163.35
2026-07-09,26-27/01615/Hero,Sushil Auto Parts | AFM | Choupla,35100AAEH00S,1,Pcs.,369.16,369.16
2026-07-09,26-27/01615/Hero,Sushil Auto Parts | AFM | Choupla,K13130AAFF410S,1,Pcs.,476.18,476.18
2026-07-09,26-27/01615/Hero,Sushil Auto Parts | AFM | Choupla,K13130AAFF410S,2,Pcs.,486.31,972.62
2026-07-09,26-27/01616/Hero,Z R Auto Traders | AFM | Choupla,12391KRM840S,10,Pcs.,36.5,365.0
2026-07-09,26-27/01616/Hero,Z R Auto Traders | AFM | Choupla,13012KCC942S,2,Pcs.,195.75,391.5
2026-07-09,26-27/01616/Hero,Z R Auto Traders | AFM | Choupla,13012KCC942S,1,Pcs.,212.34,212.34
2026-07-09,26-27/01616/Hero,Z R Auto Traders | AFM | Choupla,14615035010S,30,Pcs.,13.27,398.1
2026-07-09,26-27/01616/Hero,Z R Auto Traders | AFM | Choupla,17208AABA00S,3,Pcs.,126.08,378.24
2026-07-09,26-27/01616/Hero,Z R Auto Traders | AFM | Choupla,17910KWA940S,1,Pcs.,45.06,45.06
2026-07-09,26-27/01616/Hero,Z R Auto Traders | AFM | Choupla,17910KWA940S,9,Pcs.,54.35,489.15
2026-07-09,26-27/01616/Hero,Z R Auto Traders | AFM | Choupla,22120AAF400S,3,Pcs.,225.61,676.83
2026-07-09,26-27/01616/Hero,Z R Auto Traders | AFM | Choupla,22120KTE910S,2,Pcs.,199.07,398.14
2026-07-09,26-27/01616/Hero,Z R Auto Traders | AFM | Choupla,22355KTE910S,1,Pcs.,195.01,195.01
2026-07-09,26-27/01616/Hero,Z R Auto Traders | AFM | Choupla,22355KTE910S,1,Pcs.,212.26,212.26
2026-07-09,26-27/01616/Hero,Z R Auto Traders | AFM | Choupla,23121KTN900S,3,Pcs.,378.5,1135.5
2026-07-09,26-27/01616/Hero,Z R Auto Traders | AFM | Choupla,25K160S,5,Pcs.,194.75,973.75
2026-07-09,26-27/01616/Hero,Z R Auto Traders | AFM | Choupla,33K111S,2,Pcs.,386.5,773.0
2026-07-09,26-27/01616/Hero,Z R Auto Traders | AFM | Choupla,33K111S,1,Pcs.,421.0,421.0
2026-07-09,26-27/01616/Hero,Z R Auto Traders | AFM | Choupla,35010AAY001S,1,Pcs.,637.02,637.02
2026-07-09,26-27/01616/Hero,Z R Auto Traders | AFM | Choupla,91303719000S,20,Pcs.,6.63,132.6
2026-07-09,26-27/01616/Hero,Z R Auto Traders | AFM | Choupla,K12121KZAAW00S,1,Pcs.,1473.58,1473.58
2026-07-09,26-27/01616/Hero,Z R Auto Traders | AFM | Choupla,K12121KZNA900S,1,Pcs.,1918.25,1918.25
2026-07-09,26-27/01617/Hero,Pankaj Auto | AFM | Bisalpur,12361035000S,30,Pcs.,18.81,564.3
2026-07-09,26-27/01617/Hero,Pankaj Auto | AFM | Bisalpur,22121198900S,3,Pcs.,203.81,611.43
2026-07-09,26-27/01617/Hero,Pankaj Auto | AFM | Bisalpur,22870KCC900S,9,Pcs.,63.34,570.06
2026-07-09,26-27/01617/Hero,Pankaj Auto | AFM | Bisalpur,22870KCC900S,15,Pcs.,68.98,1034.7
2026-07-09,26-27/01617/Hero,Pankaj Auto | AFM | Bisalpur,22870KCC900S,1,Pcs.,72.12,72.12
2026-07-09,26-27/01617/Hero,Pankaj Auto | AFM | Bisalpur,28251GF6000S,1,Pcs.,244.58,244.58
2026-07-09,26-27/01617/Hero,Pankaj Auto | AFM | Bisalpur,35010AAC701S,1,Pcs.,649.07,649.07
2026-07-09,26-27/01617/Hero,Pankaj Auto | AFM | Bisalpur,35010AAE301S,1,Pcs.,523.65,523.65
2026-07-09,26-27/01617/Hero,Pankaj Auto | AFM | Bisalpur,35100AAE301S,6,Pcs.,360.6,2163.6
2026-07-09,26-27/01617/Hero,Pankaj Auto | AFM | Bisalpur,35100AAGH21S,2,Pcs.,357.46,714.92
2026-07-09,26-27/01617/Hero,Pankaj Auto | AFM | Bisalpur,35100AAGH21S,1,Pcs.,420.17,420.17
2026-07-09,26-27/01617/Hero,Pankaj Auto | AFM | Bisalpur,35100AAN601S,1,Pcs.,225.76,225.76
2026-07-09,26-27/01617/Hero,Pankaj Auto | AFM | Bisalpur,35100AAN601S,6,Pcs.,263.39,1580.34
2026-07-09,26-27/01617/Hero,Pankaj Auto | AFM | Bisalpur,44830KST940S,2,Pcs.,63.34,126.68
2026-07-09,26-27/01617/Hero,Pankaj Auto | AFM | Bisalpur,44830KST940S,7,Pcs.,78.39,548.73
2026-07-09,26-27/01617/Hero,Pankaj Auto | AFM | Bisalpur,ACKZC3H000000S,5,Pcs.,34.49,172.45
2026-07-09,26-27/01617/Hero,Pankaj Auto | AFM | Bisalpur,14670ACK000S,10,Pcs.,31.35,313.5
2026-07-09,26-27/01617/Hero,Pankaj Auto | AFM | Bisalpur,14675178000S,20,Pcs.,40.76,815.2
2026-07-09,26-27/01617/Hero,Pankaj Auto | AFM | Bisalpur,17620KWA930HS,5,Pcs.,213.22,1066.1
2026-07-09,26-27/01617/Hero,Pankaj Auto | AFM | Bisalpur,22121198900S,2,Pcs.,203.81,407.62
2026-07-09,26-27/01617/Hero,Pankaj Auto | AFM | Bisalpur,22350KPGT00S,5,Pcs.,144.24,721.2
2026-07-09,26-27/01617/Hero,Pankaj Auto | AFM | Bisalpur,22870KCC900S,1,Pcs.,63.34,63.34
2026-07-09,26-27/01617/Hero,Pankaj Auto | AFM | Bisalpur,22870KCC900S,4,Pcs.,68.98,275.92
2026-07-09,26-27/01617/Hero,Pankaj Auto | AFM | Bisalpur,28251GF6000S,9,Pcs.,244.58,2201.22
2026-07-09,26-27/01617/Hero,Pankaj Auto | AFM | Bisalpur,35010AAC701S,1,Pcs.,714.91,714.91
2026-07-09,26-27/01617/Hero,Pankaj Auto | AFM | Bisalpur,35010AAE301S,3,Pcs.,523.65,1570.95
2026-07-09,26-27/01617/Hero,Pankaj Auto | AFM | Bisalpur,35100AAE301S,4,Pcs.,360.6,1442.4
2026-07-09,26-27/01617/Hero,Pankaj Auto | AFM | Bisalpur,35100AAGH21S,2,Pcs.,420.17,840.34
2026-07-09,26-27/01617/Hero,Pankaj Auto | AFM | Bisalpur,35100AAN601S,3,Pcs.,263.39,790.17
2026-07-09,26-27/01617/Hero,Pankaj Auto | AFM | Bisalpur,37700KZAW01S,1,Pcs.,504.83,504.83
2026-07-09,26-27/01617/Hero,Pankaj Auto | AFM | Bisalpur,44830KST940S,11,Pcs.,78.39,862.29
2026-07-09,26-27/01617/Hero,Pankaj Auto | AFM | Bisalpur,80102KCC900S,9,Pcs.,34.49,310.41
2026-07-09,26-27/01617/Hero,Pankaj Auto | AFM | Bisalpur,ACKZC3H000000S,45,Pcs.,34.49,1552.05
2026-07-09,26-27/01617/Hero,Pankaj Auto | AFM | Bisalpur,12209GB4685S,60,Pcs.,26.97,1618.2
2026-07-09,26-27/01617/Hero,Pankaj Auto | AFM | Bisalpur,14401AAG00099S,10,Pcs.,194.4,1944.0
2026-07-09,26-27/01617/Hero,Pankaj Auto | AFM | Bisalpur,14610086000RS,20,Pcs.,56.44,1128.8
2026-07-09,26-27/01617/Hero,Pankaj Auto | AFM | Bisalpur,14610086000RS,5,Pcs.,59.58,297.9
2026-07-09,26-27/01617/Hero,Pankaj Auto | AFM | Bisalpur,14610086000RS,35,Pcs.,62.72,2195.2
2026-07-09,26-27/01617/Hero,Pankaj Auto | AFM | Bisalpur,14670035030LS,4,Pcs.,62.72,250.88
2026-07-09,26-27/01617/Hero,Pankaj Auto | AFM | Bisalpur,14670035030LS,26,Pcs.,65.84,1711.84
2026-07-09,26-27/01617/Hero,Pankaj Auto | AFM | Bisalpur,17681KWA940S,20,Pcs.,12.54,250.8
2026-07-09,26-27/01617/Hero,Pankaj Auto | AFM | Bisalpur,22870KTC900S,2,Pcs.,59.58,119.16
2026-07-09,26-27/01617/Hero,Pankaj Auto | AFM | Bisalpur,22870KTC900S,18,Pcs.,62.72,1128.96
2026-07-09,26-27/01617/Hero,Pankaj Auto | AFM | Bisalpur,22K130LS,10,Pcs.,288.47,2884.7
2026-07-09,26-27/01617/Hero,Pankaj Auto | AFM | Bisalpur,23461GK4760S,3,Pcs.,282.21,846.63
2026-07-09,26-27/01617/Hero,Pankaj Auto | AFM | Bisalpur,25K160S,15,Pcs.,210.09,3151.35
2026-07-09,26-27/01617/Hero,Pankaj Auto | AFM | Bisalpur,25K170S,5,Pcs.,297.88,1489.4
2026-07-09,26-27/01617/Hero,Pankaj Auto | AFM | Bisalpur,28302KAG900S,20,Pcs.,75.25,1505.0
2026-07-09,26-27/01617/Hero,Pankaj Auto | AFM | Bisalpur,80102KCC900S,11,Pcs.,34.49,379.39
2026-07-09,26-27/01617/Hero,Pankaj Auto | AFM | Bisalpur,35100AACH01S,10,Pcs.,329.24,3292.4
2026-07-09,26-27/01617/Hero,Pankaj Auto | AFM | Bisalpur,17683KWP900S,40,Pcs.,31.35,1254.0
2026-07-09,26-27/01617/Hero,Pankaj Auto | AFM | Bisalpur,88110AAEH31S,10,Pcs.,109.75,1097.5
2026-07-09,26-27/01617/Hero,Pankaj Auto | AFM | Bisalpur,88120AAEH31S,10,Pcs.,109.75,1097.5
2026-07-10,26-27/01618/Hero,Pankaj Auto | AFM | Bisapur | Schemes,22201AAHA01S,224,Pcs.,44.82,10039.68
2026-07-10,26-27/01618/Hero,Pankaj Auto | AFM | Bisapur | Schemes,22201AAHA01S,224,Pcs.,44.82,10039.68
2026-07-10,26-27/01618/Hero,Pankaj Auto | AFM | Bisapur | Schemes,K22222HF100DS,10,Pcs.,541.26,5412.6
2026-07-10,26-27/01618/Hero,Pankaj Auto | AFM | Bisapur | Schemes,33K111S,10,Pcs.,413.73,4137.3
2026-07-10,26-27/01618/Hero,Pankaj Auto | AFM | Bisapur | Schemes,33K151S,10,Pcs.,433.01,4330.1
2026-07-10,26-27/01618/Hero,Pankaj Auto | AFM | Bisapur | Schemes,33K111S,10,Pcs.,413.73,4137.3
2026-07-10,26-27/01618/Hero,Pankaj Auto | AFM | Bisapur | Schemes,33K112S,10,Pcs.,423.37,4233.7
2026-07-10,26-27/01618/Hero,Pankaj Auto | AFM | Bisapur | Schemes,22121198900S,10,Pcs.,208.91,2089.1
2026-07-10,26-27/01618/Hero,Pankaj Auto | AFM | Bisapur | Schemes,22201AAHA01S,40,Pcs.,37.91,1516.4
2026-07-10,26-27/01618/Hero,Pankaj Auto | AFM | Bisapur | Schemes,22201AAHA01S,16,Pcs.,41.6,665.6
2026-07-10,26-27/01618/Hero,Pankaj Auto | AFM | Bisapur | Schemes,22201AAHA01S,96,Pcs.,44.82,4302.72
2026-07-10,26-27/01618/Hero,Pankaj Auto | AFM | Bisapur | Schemes,22350115020S,10,Pcs.,118.74,1187.4
2026-07-10,26-27/01618/Hero,Pankaj Auto | AFM | Bisapur | Schemes,K22222KTRK000S,2,Pcs.,883.84,1767.68
2026-07-10,26-27/01618/Hero,Pankaj Auto | AFM | Bisapur | Schemes,K22222KTRK000S,3,Pcs.,899.91,2699.73
2026-07-10,26-27/01619/Hero,Mourya Auto | AFM | Fatehganj West,14401AAD00099S,6,Pcs.,92.54,555.24
2026-07-10,26-27/01619/Hero,Mourya Auto | AFM | Fatehganj West,14401AAD00099S,1,Pcs.,99.15,99.15
2026-07-10,26-27/01619/Hero,Mourya Auto | AFM | Fatehganj West,14502086000RS,7,Pcs.,58.8,411.6
2026-07-10,26-27/01619/Hero,Mourya Auto | AFM | Fatehganj West,14610086000RS,5,Pcs.,58.8,294.0
2026-07-10,26-27/01619/Hero,Mourya Auto | AFM | Fatehganj West,14610086000RS,2,Pcs.,62.07,124.14
2026-07-10,26-27/01619/Hero,Mourya Auto | AFM | Fatehganj West,14670035030LS,5,Pcs.,67.55,337.75
2026-07-10,26-27/01619/Hero,Mourya Auto | AFM | Fatehganj West,14670ACK000S,3,Pcs.,27.7,83.1
2026-07-10,26-27/01619/Hero,Mourya Auto | AFM | Fatehganj West,14670ACK000S,2,Pcs.,33.77,67.54
2026-07-10,26-27/01619/Hero,Mourya Auto | AFM | Fatehganj West,22201AAHA01S,20,Pcs.,47.27,945.4
2026-07-10,26-27/01619/Hero,Mourya Auto | AFM | Fatehganj West,22311107000S,6,Pcs.,33.76,202.56
2026-07-10,26-27/01619/Hero,Mourya Auto | AFM | Fatehganj West,31201KPTA01S,5,Pcs.,58.76,293.8
2026-07-10,26-27/01619/Hero,Mourya Auto | AFM | Fatehganj West,43120365H70S,10,Pcs.,60.79,607.9
2026-07-10,26-27/01619/Hero,Mourya Auto | AFM | Fatehganj West,45125KCCH00S,10,Pcs.,55.73,557.3
2026-07-10,26-27/01619/Hero,Mourya Auto | AFM | Fatehganj West,88110AACH41ZAS,1,Pcs.,199.25,199.25
2026-07-10,26-27/01619/Hero,Mourya Auto | AFM | Fatehganj West,88110AAEH31S,3,Pcs.,118.2,354.6
2026-07-10,26-27/01619/Hero,Mourya Auto | AFM | Fatehganj West,88110AAHH00S,3,Pcs.,108.06,324.18
2026-07-10,26-27/01619/Hero,Mourya Auto | AFM | Fatehganj West,88120AACH41ZAS,1,Pcs.,172.23,172.23
2026-07-10,26-27/01619/Hero,Mourya Auto | AFM | Fatehganj West,88120AAEH31S,3,Pcs.,118.2,354.6
2026-07-10,26-27/01619/Hero,Mourya Auto | AFM | Fatehganj West,88120AAHH00S,3,Pcs.,108.06,324.18
2026-07-11,26-27/01620/Hero,Raj Cycle Works | AFM | C B Ganj,14401AAD00099S,15,Pcs.,90.88,1363.2
2026-07-11,26-27/01620/Hero,Raj Cycle Works | AFM | C B Ganj,14502086000RS,5,Pcs.,57.74,288.7
2026-07-11,26-27/01620/Hero,Raj Cycle Works | AFM | C B Ganj,17213AACA0099S,2,Pcs.,116.13,232.26
2026-07-11,26-27/01620/Hero,Raj Cycle Works | AFM | C B Ganj,21K201S,1,Pcs.,1999.39,1999.39
2026-07-11,26-27/01620/Hero,Raj Cycle Works | AFM | C B Ganj,22121ACL000S,1,Pcs.,265.42,265.42
2026-07-11,26-27/01620/Hero,Raj Cycle Works | AFM | C B Ganj,22201AAHA01S,8,Pcs.,46.38,371.04
2026-07-11,26-27/01620/Hero,Raj Cycle Works | AFM | C B Ganj,22350115020S,6,Pcs.,122.69,736.14
2026-07-11,26-27/01620/Hero,Raj Cycle Works | AFM | C B Ganj,24K160S,2,Pcs.,298.61,597.22
2026-07-11,26-27/01620/Hero,Raj Cycle Works | AFM | C B Ganj,28271KPH900S,10,Pcs.,3.32,33.2
2026-07-11,26-27/01620/Hero,Raj Cycle Works | AFM | C B Ganj,28302KAG900S,15,Pcs.,79.62,1194.3
2026-07-11,26-27/01620/Hero,Raj Cycle Works | AFM | C B Ganj,33K131S,1,Pcs.,417.02,417.02
2026-07-11,26-27/01620/Hero,Raj Cycle Works | AFM | C B Ganj,35010AAE102S,2,Pcs.,557.39,1114.78
2026-07-11,26-27/01620/Hero,Raj Cycle Works | AFM | C B Ganj,35010AAE301S,3,Pcs.,554.07,1662.21
2026-07-11,26-27/01620/Hero,Raj Cycle Works | AFM | C B Ganj,35010AAW301S,2,Pcs.,479.03,958.06
2026-07-11,26-27/01620/Hero,Raj Cycle Works | AFM | C B Ganj,35100AAE301S,3,Pcs.,381.55,1144.65
2026-07-11,26-27/01620/Hero,Raj Cycle Works | AFM | C B Ganj,35140AAD00099S,2,Pcs.,102.86,205.72
2026-07-11,26-27/01620/Hero,Raj Cycle Works | AFM | C B Ganj,37800AAC801S,1,Pcs.,222.29,222.29
2026-07-11,26-27/01620/Hero,Raj Cycle Works | AFM | C B Ganj,53166KTC900S,10,Pcs.,43.13,431.3
2026-07-11,26-27/01620/Hero,Raj Cycle Works | AFM | C B Ganj,90801035000S,20,Pcs.,9.95,199.0
2026-07-11,26-27/01620/Hero,Raj Cycle Works | AFM | C B Ganj,12209GB4685S,10,Pcs.,33.18,331.8
2026-07-11,26-27/01620/Hero,Raj Cycle Works | AFM | C B Ganj,13031KRM305S,1,Pcs.,195.75,195.75
2026-07-11,26-27/01620/Hero,Raj Cycle Works | AFM | C B Ganj,14401AAD00099S,40,Pcs.,90.88,3635.2
2026-07-11,26-27/01620/Hero,Raj Cycle Works | AFM | C B Ganj,14502086000RS,25,Pcs.,57.74,1443.5
2026-07-11,26-27/01620/Hero,Raj Cycle Works | AFM | C B Ganj,14670035030LS,10,Pcs.,69.67,696.7
2026-07-11,26-27/01620/Hero,Raj Cycle Works | AFM | C B Ganj,17213AACA0099S,3,Pcs.,116.13,348.39
2026-07-11,26-27/01620/Hero,Raj Cycle Works | AFM | C B Ganj,17213AACA0099S,2,Pcs.,142.66,285.32
2026-07-11,26-27/01620/Hero,Raj Cycle Works | AFM | C B Ganj,21K201S,1,Pcs.,1999.39,1999.39
2026-07-11,26-27/01620/Hero,Raj Cycle Works | AFM | C B Ganj,22201AAHA01S,20,Pcs.,46.38,927.6
2026-07-11,26-27/01620/Hero,Raj Cycle Works | AFM | C B Ganj,22350115020S,4,Pcs.,122.69,490.76
2026-07-11,26-27/01620/Hero,Raj Cycle Works | AFM | C B Ganj,28271KPH900S,10,Pcs.,3.32,33.2
2026-07-11,26-27/01620/Hero,Raj Cycle Works | AFM | C B Ganj,28302KAG900S,5,Pcs.,79.62,398.1
2026-07-11,26-27/01620/Hero,Raj Cycle Works | AFM | C B Ganj,33K131S,2,Pcs.,470.76,941.52
2026-07-11,26-27/01620/Hero,Raj Cycle Works | AFM | C B Ganj,35010AAE102S,3,Pcs.,557.39,1672.17
2026-07-11,26-27/01620/Hero,Raj Cycle Works | AFM | C B Ganj,35010AAE301S,1,Pcs.,554.07,554.07
2026-07-11,26-27/01620/Hero,Raj Cycle Works | AFM | C B Ganj,35010AAE301S,1,Pcs.,567.35,567.35
2026-07-11,26-27/01620/Hero,Raj Cycle Works | AFM | C B Ganj,35100AAE301S,1,Pcs.,381.55,381.55
2026-07-11,26-27/01620/Hero,Raj Cycle Works | AFM | C B Ganj,35140AAD00099S,1,Pcs.,102.86,102.86
2026-07-11,26-27/01620/Hero,Raj Cycle Works | AFM | C B Ganj,35140AAEB01S,2,Pcs.,258.79,517.58
2026-07-11,26-27/01620/Hero,Raj Cycle Works | AFM | C B Ganj,K83834AAEE300RS,2,Pcs.,169.21,338.42
2026-07-11,26-27/01620/Hero,Raj Cycle Works | AFM | C B Ganj,12209GB4685S,30,Pcs.,33.18,995.4
2026-07-11,26-27/01620/Hero,Raj Cycle Works | AFM | C B Ganj,14401AAD00099S,5,Pcs.,90.88,454.4
2026-07-11,26-27/01620/Hero,Raj Cycle Works | AFM | C B Ganj,14670035030LS,10,Pcs.,69.67,696.7
2026-07-11,26-27/01620/Hero,Raj Cycle Works | AFM | C B Ganj,17213AACA0099S,3,Pcs.,116.13,348.39
2026-07-11,26-27/01620/Hero,Raj Cycle Works | AFM | C B Ganj,22201AAHA01S,12,Pcs.,46.38,556.56
2026-07-11,26-27/01620/Hero,Raj Cycle Works | AFM | C B Ganj,22350115020S,10,Pcs.,122.69,1226.9
2026-07-11,26-27/01620/Hero,Raj Cycle Works | AFM | C B Ganj,22350ACL000S,1,Pcs.,182.48,182.48
2026-07-11,26-27/01620/Hero,Raj Cycle Works | AFM | C B Ganj,24K160S,1,Pcs.,298.61,298.61
2026-07-11,26-27/01620/Hero,Raj Cycle Works | AFM | C B Ganj,35100AAE301S,1,Pcs.,381.55,381.55
2026-07-11,26-27/01620/Hero,Raj Cycle Works | AFM | C B Ganj,35140AAEB01S,1,Pcs.,258.79,258.79
2026-07-11,26-27/01620/Hero,Raj Cycle Works | AFM | C B Ganj,35200AAC211S,2,Pcs.,308.56,617.12
2026-07-11,26-27/01620/Hero,Raj Cycle Works | AFM | C B Ganj,37700KWA830S,1,Pcs.,471.12,471.12
2026-07-11,26-27/01621/Hero,Agarwal Automobile | AFM | Koharapeer,53100AAE110S,5,Pcs.,329.98,1649.9
2026-07-11,26-27/01621/Hero,Agarwal Automobile | AFM | Koharapeer,K40405KCCA901S,2,Pcs.,365.57,731.14
2026-07-11,26-27/01621/Hero,Agarwal Automobile | AFM | Koharapeer,K40405KWAG930S,2,Pcs.,339.7,679.4
2026-07-11,26-27/01621/Hero,Agarwal Automobile | AFM | Koharapeer,52110KST940S,1,Pcs.,672.92,672.92
2026-07-11,26-27/01621/Hero,Agarwal Automobile | AFM | Koharapeer,52110KST940S,1,Pcs.,672.92,672.92
2026-07-11,26-27/01621/Hero,Agarwal Automobile | AFM | Koharapeer,14401AAD00099S,120,Pcs.,97.06,11647.2
2026-07-11,26-27/01621/Hero,Agarwal Automobile | AFM | Koharapeer,14502086000RS,20,Pcs.,58.23,1164.6
2026-07-11,26-27/01621/Hero,Agarwal Automobile | AFM | Koharapeer,14550GB0910RS,30,Pcs.,71.17,2135.1
2026-07-11,26-27/01621/Hero,Agarwal Automobile | AFM | Koharapeer,14615035010S,20,Pcs.,12.94,258.8
2026-07-11,26-27/01621/Hero,Agarwal Automobile | AFM | Koharapeer,14670ACK000S,10,Pcs.,32.35,323.5
2026-07-11,26-27/01621/Hero,Agarwal Automobile | AFM | Koharapeer,14675178000S,15,Pcs.,42.05,630.75
2026-07-11,26-27/01621/Hero,Agarwal Automobile | AFM | Koharapeer,22121AAHF01S,3,Pcs.,203.82,611.46
2026-07-11,26-27/01621/Hero,Agarwal Automobile | AFM | Koharapeer,22201AAHA01S,28,Pcs.,48.53,1358.84
2026-07-11,26-27/01621/Hero,Agarwal Automobile | AFM | Koharapeer,22311107000S,6,Pcs.,35.59,213.54
2026-07-11,26-27/01621/Hero,Agarwal Automobile | AFM | Koharapeer,22311AAHA01S,15,Pcs.,32.35,485.25
2026-07-11,26-27/01621/Hero,Agarwal Automobile | AFM | Koharapeer,22870KCC900S,2,Pcs.,65.35,130.7
2026-07-11,26-27/01621/Hero,Agarwal Automobile | AFM | Koharapeer,22870KCC900S,1,Pcs.,71.17,71.17
2026-07-11,26-27/01621/Hero,Agarwal Automobile | AFM | Koharapeer,22870KCC900S,1,Pcs.,74.41,74.41
2026-07-11,26-27/01621/Hero,Agarwal Automobile | AFM | Koharapeer,22870KTC900S,1,Pcs.,64.71,64.71
2026-07-11,26-27/01621/Hero,Agarwal Automobile | AFM | Koharapeer,22K130LS,1,Pcs.,297.64,297.64
2026-07-11,26-27/01621/Hero,Agarwal Automobile | AFM | Koharapeer,22K130LS,2,Pcs.,307.34,614.68
2026-07-11,26-27/01621/Hero,Agarwal Automobile | AFM | Koharapeer,22K130LS,4,Pcs.,323.52,1294.08
2026-07-11,26-27/01621/Hero,Agarwal Automobile | AFM | Koharapeer,24211GF6000RS,9,Pcs.,210.28,1892.52
2026-07-11,26-27/01621/Hero,Agarwal Automobile | AFM | Koharapeer,28251GF6000S,1,Pcs.,226.46,226.46
2026-07-11,26-27/01621/Hero,Agarwal Automobile | AFM | Koharapeer,28261198000S,20,Pcs.,23.94,478.8
2026-07-11,26-27/01621/Hero,Agarwal Automobile | AFM | Koharapeer,35010AADH00S,2,Pcs.,621.15,1242.3
2026-07-11,26-27/01621/Hero,Agarwal Automobile | AFM | Koharapeer,35100AADH00S,1,Pcs.,391.45,391.45
2026-07-11,26-27/01621/Hero,Agarwal Automobile | AFM | Koharapeer,35100AAE301S,4,Pcs.,372.05,1488.2
2026-07-11,26-27/01621/Hero,Agarwal Automobile | AFM | Koharapeer,35753035010S,25,Pcs.,9.7,242.5
2026-07-11,26-27/01621/Hero,Agarwal Automobile | AFM | Koharapeer,43120365H70S,6,Pcs.,54.99,329.94
2026-07-11,26-27/01621/Hero,Agarwal Automobile | AFM | Koharapeer,45125KCCH00S,20,Pcs.,53.39,1067.8
2026-07-11,26-27/01621/Hero,Agarwal Automobile | AFM | Koharapeer,52147KTC900S,5,Pcs.,32.35,161.75
2026-07-11,26-27/01621/Hero,Agarwal Automobile | AFM | Koharapeer,53175AAFH00S,2,Pcs.,71.17,142.34
2026-07-11,26-27/01621/Hero,Agarwal Automobile | AFM | Koharapeer,53178AAFH00S,6,Pcs.,54.35,326.1
2026-07-11,26-27/01621/Hero,Agarwal Automobile | AFM | Koharapeer,77220KY6000S,9,Pcs.,61.47,553.23
2026-07-11,26-27/01621/Hero,Agarwal Automobile | AFM | Koharapeer,14502086000RS,10,Pcs.,58.23,582.3
2026-07-11,26-27/01621/Hero,Agarwal Automobile | AFM | Koharapeer,14615035010S,10,Pcs.,12.94,129.4
2026-07-11,26-27/01621/Hero,Agarwal Automobile | AFM | Koharapeer,14670035030LS,14,Pcs.,67.94,951.16
2026-07-11,26-27/01621/Hero,Agarwal Automobile | AFM | Koharapeer,14675178000S,5,Pcs.,42.05,210.25
2026-07-11,26-27/01621/Hero,Agarwal Automobile | AFM | Koharapeer,22121AAHF01S,2,Pcs.,203.82,407.64
2026-07-11,26-27/01621/Hero,Agarwal Automobile | AFM | Koharapeer,22201AAHA01S,64,Pcs.,48.53,3105.92
2026-07-11,26-27/01621/Hero,Agarwal Automobile | AFM | Koharapeer,22350AAF400S,1,Pcs.,119.7,119.7
2026-07-11,26-27/01621/Hero,Agarwal Automobile | AFM | Koharapeer,22870KCC900S,2,Pcs.,65.35,130.7
2026-07-11,26-27/01621/Hero,Agarwal Automobile | AFM | Koharapeer,22870KCC900S,11,Pcs.,71.17,782.87
2026-07-11,26-27/01621/Hero,Agarwal Automobile | AFM | Koharapeer,22870KCC900S,2,Pcs.,74.41,148.82
2026-07-11,26-27/01621/Hero,Agarwal Automobile | AFM | Koharapeer,22870KTC900S,4,Pcs.,64.71,258.84
2026-07-11,26-27/01621/Hero,Agarwal Automobile | AFM | Koharapeer,22K130LS,1,Pcs.,307.34,307.34
2026-07-11,26-27/01621/Hero,Agarwal Automobile | AFM | Koharapeer,22K130LS,1,Pcs.,323.52,323.52
2026-07-11,26-27/01621/Hero,Agarwal Automobile | AFM | Koharapeer,24211GF6000RS,1,Pcs.,210.28,210.28
2026-07-11,26-27/01621/Hero,Agarwal Automobile | AFM | Koharapeer,25K160S,1,Pcs.,190.88,190.88
2026-07-11,26-27/01621/Hero,Agarwal Automobile | AFM | Koharapeer,25K160S,1,Pcs.,194.11,194.11
2026-07-11,26-27/01621/Hero,Agarwal Automobile | AFM | Koharapeer,28251GF6000S,2,Pcs.,226.46,452.92
2026-07-11,26-27/01621/Hero,Agarwal Automobile | AFM | Koharapeer,33K111S,2,Pcs.,433.52,867.04
2026-07-11,26-27/01621/Hero,Agarwal Automobile | AFM | Koharapeer,35100AAE301S,1,Pcs.,372.05,372.05
2026-07-11,26-27/01621/Hero,Agarwal Automobile | AFM | Koharapeer,40531KTE910S,100,Pcs.,9.7,970.0
2026-07-11,26-27/01621/Hero,Agarwal Automobile | AFM | Koharapeer,43120365H70S,14,Pcs.,54.99,769.86
2026-07-11,26-27/01621/Hero,Agarwal Automobile | AFM | Koharapeer,43120365H70S,2,Pcs.,58.23,116.46
2026-07-11,26-27/01621/Hero,Agarwal Automobile | AFM | Koharapeer,45125KCCH00S,2,Pcs.,53.39,106.78
2026-07-11,26-27/01621/Hero,Agarwal Automobile | AFM | Koharapeer,50530KST940S,8,Pcs.,87.35,698.8
2026-07-11,26-27/01621/Hero,Agarwal Automobile | AFM | Koharapeer,53175AAFH00S,6,Pcs.,71.17,427.02
2026-07-11,26-27/01621/Hero,Agarwal Automobile | AFM | Koharapeer,53178AAFH00S,2,Pcs.,54.35,108.7
2026-07-11,26-27/01621/Hero,Agarwal Automobile | AFM | Koharapeer,77220KY6000S,2,Pcs.,61.47,122.94
2026-07-11,26-27/01621/Hero,Agarwal Automobile | AFM | Koharapeer,14500035020S,30,Pcs.,42.05,1261.5
2026-07-11,26-27/01621/Hero,Agarwal Automobile | AFM | Koharapeer,14610086000RS,25,Pcs.,58.23,1455.75
2026-07-11,26-27/01621/Hero,Agarwal Automobile | AFM | Koharapeer,14610086000RS,10,Pcs.,61.47,614.7
2026-07-11,26-27/01621/Hero,Agarwal Automobile | AFM | Koharapeer,14610086000RS,15,Pcs.,64.71,970.65
2026-07-11,26-27/01621/Hero,Agarwal Automobile | AFM | Koharapeer,14615035010S,20,Pcs.,12.94,258.8
2026-07-11,26-27/01621/Hero,Agarwal Automobile | AFM | Koharapeer,14670035030LS,16,Pcs.,67.94,1087.04
2026-07-11,26-27/01621/Hero,Agarwal Automobile | AFM | Koharapeer,17910KTC900S,1,Pcs.,62.12,62.12
2026-07-11,26-27/01621/Hero,Agarwal Automobile | AFM | Koharapeer,17910KTC900S,19,Pcs.,71.17,1352.23
2026-07-11,26-27/01621/Hero,Agarwal Automobile | AFM | Koharapeer,22201AAHA01S,28,Pcs.,48.53,1358.84
2026-07-11,26-27/01621/Hero,Agarwal Automobile | AFM | Koharapeer,22350AAF400S,4,Pcs.,119.7,478.8
2026-07-11,26-27/01621/Hero,Agarwal Automobile | AFM | Koharapeer,22870KCC900S,1,Pcs.,71.17,71.17
2026-07-11,26-27/01621/Hero,Agarwal Automobile | AFM | Koharapeer,22K130LS,1,Pcs.,307.34,307.34
2026-07-11,26-27/01621/Hero,Agarwal Automobile | AFM | Koharapeer,25K160S,13,Pcs.,216.76,2817.88
2026-07-11,26-27/01621/Hero,Agarwal Automobile | AFM | Koharapeer,25K170S,10,Pcs.,307.34,3073.4
2026-07-11,26-27/01621/Hero,Agarwal Automobile | AFM | Koharapeer,28101KWA940S,2,Pcs.,71.17,142.34
2026-07-11,26-27/01621/Hero,Agarwal Automobile | AFM | Koharapeer,28101KWA940S,1,Pcs.,80.88,80.88
2026-07-11,26-27/01621/Hero,Agarwal Automobile | AFM | Koharapeer,33K111S,1,Pcs.,433.52,433.52
2026-07-11,26-27/01621/Hero,Agarwal Automobile | AFM | Koharapeer,35010AADH00S,1,Pcs.,621.15,621.15
2026-07-11,26-27/01621/Hero,Agarwal Automobile | AFM | Koharapeer,35100AADH00S,1,Pcs.,391.45,391.45
2026-07-11,26-27/01621/Hero,Agarwal Automobile | AFM | Koharapeer,35753035010S,5,Pcs.,9.7,48.5
2026-07-11,26-27/01621/Hero,Agarwal Automobile | AFM | Koharapeer,43120365H70S,14,Pcs.,54.99,769.86
2026-07-11,26-27/01621/Hero,Agarwal Automobile | AFM | Koharapeer,43120365H70S,4,Pcs.,58.23,232.92
2026-07-11,26-27/01621/Hero,Agarwal Automobile | AFM | Koharapeer,45125KCCH00S,8,Pcs.,53.39,427.12
2026-07-11,26-27/01621/Hero,Agarwal Automobile | AFM | Koharapeer,50530KST940S,2,Pcs.,87.35,174.7
2026-07-11,26-27/01621/Hero,Agarwal Automobile | AFM | Koharapeer,52147KTC900S,15,Pcs.,32.35,485.25
2026-07-11,26-27/01621/Hero,Agarwal Automobile | AFM | Koharapeer,53175AAFH00S,2,Pcs.,71.17,142.34
2026-07-11,26-27/01621/Hero,Agarwal Automobile | AFM | Koharapeer,53178AAFH00S,2,Pcs.,54.35,108.7
2026-07-11,26-27/01621/Hero,Agarwal Automobile | AFM | Koharapeer,77220KY6000S,9,Pcs.,61.47,553.23
2026-07-11,26-27/01621/Hero,Agarwal Automobile | AFM | Koharapeer,35100AADH00S,3,Pcs.,391.45,1174.35
2026-07-11,26-27/01621/Hero,Agarwal Automobile | AFM | Koharapeer,50500KTRA00S,2,Pcs.,278.23,556.46
2026-07-11,26-27/01622/Hero,Guru Kripa Auto | AFM | Koharapeer,53100KCC710S,5,Pcs.,321.83,1609.15
2026-07-11,26-27/01622/Hero,Guru Kripa Auto | AFM | Koharapeer,12209GB4685S,10,Pcs.,28.53,285.3
2026-07-11,26-27/01622/Hero,Guru Kripa Auto | AFM | Koharapeer,12209GB4685S,30,Pcs.,33.18,995.4
2026-07-11,26-27/01622/Hero,Guru Kripa Auto | AFM | Koharapeer,14500035020S,20,Pcs.,43.13,862.6
2026-07-11,26-27/01622/Hero,Guru Kripa Auto | AFM | Koharapeer,1450AACK000S,16,Pcs.,82.94,1327.04
2026-07-11,26-27/01622/Hero,Guru Kripa Auto | AFM | Koharapeer,22870ABZ000S,1,Pcs.,92.89,92.89
2026-07-11,26-27/01622/Hero,Guru Kripa Auto | AFM | Koharapeer,3370BAAGA0099S,2,Pcs.,374.91,749.82
2026-07-11,26-27/01622/Hero,Guru Kripa Auto | AFM | Koharapeer,35160AAE31099S,1,Pcs.,149.3,149.3
2026-07-11,26-27/01622/Hero,Guru Kripa Auto | AFM | Koharapeer,53140KTC900S,2,Pcs.,33.18,66.36
2026-07-11,26-27/01622/Hero,Guru Kripa Auto | AFM | Koharapeer,53140KTC900S,2,Pcs.,36.5,73.0
2026-07-11,26-27/01622/Hero,Guru Kripa Auto | AFM | Koharapeer,53140KTC900S,1,Pcs.,43.13,43.13
2026-07-11,26-27/01622/Hero,Guru Kripa Auto | AFM | Koharapeer,53200KCC690S,1,Pcs.,623.75,623.75
2026-07-11,26-27/01622/Hero,Guru Kripa Auto | AFM | Koharapeer,8340BAAC800S,1,Pcs.,218.97,218.97
2026-07-11,26-27/01622/Hero,Guru Kripa Auto | AFM | Koharapeer,14100KTP900S,1,Pcs.,719.96,719.96
2026-07-11,26-27/01622/Hero,Guru Kripa Auto | AFM | Koharapeer,1450AACK000S,4,Pcs.,82.94,331.76
2026-07-11,26-27/01622/Hero,Guru Kripa Auto | AFM | Koharapeer,17253AAW000S,5,Pcs.,106.17,530.85
2026-07-11,26-27/01622/Hero,Guru Kripa Auto | AFM | Koharapeer,22870ABZ000S,1,Pcs.,78.97,78.97
2026-07-11,26-27/01622/Hero,Guru Kripa Auto | AFM | Koharapeer,22870ABZ000S,3,Pcs.,92.89,278.67
2026-07-11,26-27/01622/Hero,Guru Kripa Auto | AFM | Koharapeer,35010AAHA01S,1,Pcs.,640.34,640.34
2026-07-11,26-27/01622/Hero,Guru Kripa Auto | AFM | Koharapeer,35130ABH502S,10,Pcs.,56.4,564.0
2026-07-11,26-27/01622/Hero,Guru Kripa Auto | AFM | Koharapeer,40510AAF400S,1,Pcs.,159.25,159.25
2026-07-11,26-27/01622/Hero,Guru Kripa Auto | AFM | Koharapeer,4052AAAF400S,1,Pcs.,159.25,159.25
2026-07-11,26-27/01622/Hero,Guru Kripa Auto | AFM | Koharapeer,44800ABG010S,1,Pcs.,143.33,143.33
2026-07-11,26-27/01622/Hero,Guru Kripa Auto | AFM | Koharapeer,52170KTR900S,2,Pcs.,46.45,92.9
2026-07-11,26-27/01622/Hero,Guru Kripa Auto | AFM | Koharapeer,8340BAAC800S,1,Pcs.,218.97,218.97
2026-07-11,26-27/01622/Hero,Guru Kripa Auto | AFM | Koharapeer,20K410S,5,Pcs.,464.43,2322.15
2026-07-11,26-27/01622/Hero,Guru Kripa Auto | AFM | Koharapeer,K40405AACNB00S,1,Pcs.,528.79,528.79
2026-07-11,26-27/01622/Hero,Guru Kripa Auto | AFM | Koharapeer,K40405AACNB00S,2,Pcs.,555.34,1110.68
2026-07-11,26-27/01622/Hero,Guru Kripa Auto | AFM | Koharapeer,K41412AAFF400S,3,Pcs.,561.97,1685.91
2026-07-11,26-27/01622/Hero,Guru Kripa Auto | AFM | Koharapeer,14100KTP900S,1,Pcs.,719.96,719.96
2026-07-11,26-27/01622/Hero,Guru Kripa Auto | AFM | Koharapeer,14401AAD00099S,10,Pcs.,90.88,908.8
2026-07-11,26-27/01622/Hero,Guru Kripa Auto | AFM | Koharapeer,16100KTCA21S,1,Pcs.,1549.41,1549.41
2026-07-11,26-27/01622/Hero,Guru Kripa Auto | AFM | Koharapeer,3310BKCC710AS,5,Pcs.,371.6,1858.0
2026-07-11,26-27/01622/Hero,Guru Kripa Auto | AFM | Koharapeer,35010AAHA01S,1,Pcs.,640.34,640.34
2026-07-11,26-27/01622/Hero,Guru Kripa Auto | AFM | Koharapeer,35160AAE31099S,2,Pcs.,149.3,298.6
2026-07-11,26-27/01622/Hero,Guru Kripa Auto | AFM | Koharapeer,44800ABG010S,2,Pcs.,143.33,286.66
2026-07-11,26-27/01622/Hero,Guru Kripa Auto | AFM | Koharapeer,44830KST940S,10,Pcs.,69.6,696.0
2026-07-11,26-27/01622/Hero,Guru Kripa Auto | AFM | Koharapeer,20K710S,10,Pcs.,462.0,4620.0
2026-07-11,26-27/01622/Hero,Guru Kripa Auto | AFM | Koharapeer,20K710S,10,Pcs.,462.0,4620.0
2026-07-11,26-27/01622/Hero,Guru Kripa Auto | AFM | Koharapeer,20K710S,10,Pcs.,462.0,4620.0
2026-07-11,26-27/01622/Hero,Guru Kripa Auto | AFM | Koharapeer,K42426AAFAH00S,1,Pcs.,3692.71,3692.71
2026-07-11,26-27/01622/Hero,Guru Kripa Auto | AFM | Koharapeer,K40405KCCA901S,4,Pcs.,394.82,1579.28
2026-07-11,26-27/01622/Hero,Guru Kripa Auto | AFM | Koharapeer,3370AKZN901S,1,Pcs.,723.28,723.28
2026-07-11,26-27/01622/Hero,Guru Kripa Auto | AFM | Koharapeer,3310AKZN901S,1,Pcs.,335.1,335.1
2026-07-11,26-27/01622/Hero,Guru Kripa Auto | AFM | Koharapeer,3310BAAH10099S,1,Pcs.,336.81,336.81
2026-07-11,26-27/01622/Hero,Guru Kripa Auto | AFM | Koharapeer,3310BAAH10099S,1,Pcs.,394.54,394.54
2026-07-11,26-27/01622/Hero,Guru Kripa Auto | AFM | Koharapeer,33700AAE941S,3,Pcs.,384.87,1154.61
2026-07-11,26-27/01622/Hero,Guru Kripa Auto | AFM | Koharapeer,43150KRY972S,1,Pcs.,1935.6,1935.6
2026-07-11,26-27/01622/Hero,Guru Kripa Auto | AFM | Koharapeer,3310AKZN901S,1,Pcs.,335.1,335.1
2026-07-11,26-27/01623/Hero,Singh Automobiles | AFM | Harunagla,17511KCC905ZBS,2,Pcs.,196.61,393.22
2026-07-11,26-27/01623/Hero,Singh Automobiles | AFM | Harunagla,17910AAE300S,5,Pcs.,88.14,440.7
2026-07-11,26-27/01623/Hero,Singh Automobiles | AFM | Harunagla,17910KTC900S,5,Pcs.,74.58,372.9
2026-07-11,26-27/01623/Hero,Singh Automobiles | AFM | Harunagla,35340KCC900S,10,Pcs.,40.68,406.8
2026-07-11,26-27/01623/Hero,Singh Automobiles | AFM | Harunagla,38501AAW30099S,5,Pcs.,135.59,677.95
2026-07-11,26-27/01623/Hero,Singh Automobiles | AFM | Harunagla,51410KCC900S,2,Pcs.,579.66,1159.32
2026-07-11,26-27/01623/Hero,Singh Automobiles | AFM | Harunagla,K40405KCCA901S,1,Pcs.,383.05,383.05
2026-07-11,26-27/01623/Hero,Singh Automobiles | AFM | Harunagla,K40405KWAG930S,1,Pcs.,355.94,355.94
2026-07-11,26-27/01624/Hero,Maa Durga GST | AFM | Harunagla,17110AAF100S,7,Pcs.,124.28,869.96
2026-07-11,26-27/01624/Hero,Maa Durga GST | AFM | Harunagla,17110AAF100S,2,Pcs.,145.21,290.42
2026-07-11,26-27/01624/Hero,Maa Durga GST | AFM | Harunagla,17110AAF100S,1,Pcs.,145.21,145.21
2026-07-11,26-27/01624/Hero,Maa Durga GST | AFM | Harunagla,17910ACL000S,3,Pcs.,108.06,324.18
2026-07-11,26-27/01624/Hero,Maa Durga GST | AFM | Harunagla,22201AAHA01S,20,Pcs.,47.27,945.4
2026-07-11,26-27/01624/Hero,Maa Durga GST | AFM | Harunagla,22870AAF400S,3,Pcs.,83.08,249.24
2026-07-11,26-27/01624/Hero,Maa Durga GST | AFM | Harunagla,40531KTE910S,50,Pcs.,10.13,506.5
2026-07-11,26-27/01624/Hero,Maa Durga GST | AFM | Harunagla,46544AAEB00S,1,Pcs.,661.92,661.92
2026-07-11,26-27/01624/Hero,Maa Durga GST | AFM | Harunagla,61100KST940ZAS,1,Pcs.,655.16,655.16
2026-07-11,26-27/01624/Hero,Maa Durga GST | AFM | Harunagla,K83834AAEAH00SS,1,Pcs.,104.69,104.69
2026-07-11,26-27/01624/Hero,Maa Durga GST | AFM | Harunagla,K83834AAEAH00SS,2,Pcs.,118.2,236.4
2026-07-11,26-27/01624/Hero,Maa Durga GST | AFM | Harunagla,50275AAC800S,1,Pcs.,89.15,89.15
2026-07-11,26-27/01624/Hero,Maa Durga GST | AFM | Harunagla,53100AAE110S,4,Pcs.,330.95,1323.8
2026-07-11,26-27/01625/Hero,Khan Auto Parts | AFM | Shahi,12209GB4685S,14,Pcs.,27.69,387.66
2026-07-11,26-27/01625/Hero,Khan Auto Parts | AFM | Shahi,12209GB4685S,6,Pcs.,28.99,173.94
2026-07-11,26-27/01625/Hero,Khan Auto Parts | AFM | Shahi,12209GB4685S,20,Pcs.,32.2,644.0
2026-07-11,26-27/01625/Hero,Khan Auto Parts | AFM | Shahi,14502086000RS,20,Pcs.,57.96,1159.2
2026-07-11,26-27/01625/Hero,Khan Auto Parts | AFM | Shahi,14610086000RS,30,Pcs.,57.96,1738.8
2026-07-11,26-27/01625/Hero,Khan Auto Parts | AFM | Shahi,22120KTC900S,2,Pcs.,231.22,462.44
2026-07-11,26-27/01625/Hero,Khan Auto Parts | AFM | Shahi,22201AAHA01S,80,Pcs.,48.31,3864.8
2026-07-11,26-27/01625/Hero,Khan Auto Parts | AFM | Shahi,22201GF6000S,40,Pcs.,64.41,2576.4
2026-07-11,26-27/01625/Hero,Khan Auto Parts | AFM | Shahi,23441GB4770S,1,Pcs.,399.32,399.32
2026-07-11,26-27/01625/Hero,Khan Auto Parts | AFM | Shahi,23461GK4760S,2,Pcs.,289.83,579.66
2026-07-11,26-27/01625/Hero,Khan Auto Parts | AFM | Shahi,24211GF6000RS,10,Pcs.,190.0,1900.0
2026-07-11,26-27/01625/Hero,Khan Auto Parts | AFM | Shahi,24430KST900S,19,Pcs.,45.73,868.87
2026-07-11,26-27/01625/Hero,Khan Auto Parts | AFM | Shahi,33702KCC830S,2,Pcs.,151.35,302.7
2026-07-11,26-27/01625/Hero,Khan Auto Parts | AFM | Shahi,33K112S,2,Pcs.,394.81,789.62
2026-07-11,26-27/01625/Hero,Khan Auto Parts | AFM | Shahi,33K112S,1,Pcs.,441.19,441.19
2026-07-11,26-27/01625/Hero,Khan Auto Parts | AFM | Shahi,35750001000S,20,Pcs.,41.86,837.2
2026-07-11,26-27/01625/Hero,Khan Auto Parts | AFM | Shahi,35753035010S,20,Pcs.,9.66,193.2
2026-07-11,26-27/01625/Hero,Khan Auto Parts | AFM | Shahi,37230KWHH01S,2,Pcs.,48.31,96.62
2026-07-11,26-27/01625/Hero,Khan Auto Parts | AFM | Shahi,37230KWHH01S,1,Pcs.,51.53,51.53
2026-07-11,26-27/01625/Hero,Khan Auto Parts | AFM | Shahi,37230KWHH01S,5,Pcs.,54.74,273.7
2026-07-11,26-27/01625/Hero,Khan Auto Parts | AFM | Shahi,53178AAFH00S,3,Pcs.,54.11,162.33
2026-07-11,26-27/01625/Hero,Khan Auto Parts | AFM | Shahi,53178AAFH00S,2,Pcs.,64.41,128.82
2026-07-11,26-27/01625/Hero,Khan Auto Parts | AFM | Shahi,80102KCC900S,1,Pcs.,35.42,35.42
2026-07-11,26-27/01625/Hero,Khan Auto Parts | AFM | Shahi,K42423KSTG940S,10,Pcs.,51.53,515.3
2026-07-11,26-27/01625/Hero,Khan Auto Parts | AFM | Shahi,14401KWS901S,20,Pcs.,80.51,1610.2
2026-07-11,26-27/01625/Hero,Khan Auto Parts | AFM | Shahi,14550GB0910RS,20,Pcs.,70.85,1417.0
2026-07-11,26-27/01625/Hero,Khan Auto Parts | AFM | Shahi,14610AAT000S,2,Pcs.,68.27,136.54
2026-07-11,26-27/01625/Hero,Khan Auto Parts | AFM | Shahi,14610AAT000S,3,Pcs.,80.51,241.53
2026-07-11,26-27/01625/Hero,Khan Auto Parts | AFM | Shahi,17910AAEC00S,20,Pcs.,70.85,1417.0
2026-07-11,26-27/01625/Hero,Khan Auto Parts | AFM | Shahi,17910AAGJ00S,3,Pcs.,96.61,289.83
2026-07-11,26-27/01625/Hero,Khan Auto Parts | AFM | Shahi,23441GB4770S,1,Pcs.,399.32,399.32
2026-07-11,26-27/01625/Hero,Khan Auto Parts | AFM | Shahi,24430KST900S,1,Pcs.,45.73,45.73
2026-07-11,26-27/01625/Hero,Khan Auto Parts | AFM | Shahi,31120AAC201S,1,Pcs.,766.44,766.44
2026-07-11,26-27/01625/Hero,Khan Auto Parts | AFM | Shahi,33K112S,2,Pcs.,394.81,789.62
2026-07-11,26-27/01625/Hero,Khan Auto Parts | AFM | Shahi,35330413003S,30,Pcs.,19.96,598.8
2026-07-11,26-27/01625/Hero,Khan Auto Parts | AFM | Shahi,35753035010S,30,Pcs.,9.66,289.8
2026-07-11,26-27/01625/Hero,Khan Auto Parts | AFM | Shahi,37230KWHH01S,1,Pcs.,48.31,48.31
2026-07-11,26-27/01625/Hero,Khan Auto Parts | AFM | Shahi,37230KWHH01S,1,Pcs.,51.53,51.53
2026-07-11,26-27/01625/Hero,Khan Auto Parts | AFM | Shahi,52400KCC905ZBS,4,Pcs.,653.73,2614.92
2026-07-11,26-27/01625/Hero,Khan Auto Parts | AFM | Shahi,77220KY6000S,10,Pcs.,61.19,611.9
2026-07-11,26-27/01625/Hero,Khan Auto Parts | AFM | Shahi,90801035000S,50,Pcs.,9.66,483.0
2026-07-11,26-27/01625/Hero,Khan Auto Parts | AFM | Shahi,91303719000S,100,Pcs.,6.44,644.0
2026-07-11,26-27/01625/Hero,Khan Auto Parts | AFM | Shahi,80102KCC900S,19,Pcs.,35.42,672.98
2026-07-11,26-27/01626/Hero,K P Auto Parts | AFM | Lal Fatak,14500035020S,6,Pcs.,43.9,263.4
2026-07-11,26-27/01626/Hero,K P Auto Parts | AFM | Lal Fatak,44830KST940S,10,Pcs.,64.82,648.2
2026-07-11,26-27/01626/Hero,K P Auto Parts | AFM | Lal Fatak,50701ACK000S,3,Pcs.,224.58,673.74
2026-07-11,26-27/01626/Hero,K P Auto Parts | AFM | Lal Fatak,53100KST870S,3,Pcs.,320.82,962.46
2026-07-11,26-27/01626/Hero,K P Auto Parts | AFM | Lal Fatak,17213AACA0099S,10,Pcs.,118.2,1182.0
2026-07-11,26-27/01626/Hero,K P Auto Parts | AFM | Lal Fatak,20K710S,5,Pcs.,466.57,2332.85
2026-07-11,26-27/01627/Hero,Khan Auto Parts | AFM | Shahi,42711HTR701S,3,Pcs.,1093.22,3279.66
2026-07-11,26-27/01627/Hero,Khan Auto Parts | AFM | Shahi,44711HTF700S,1,Pcs.,1008.47,1008.47
2026-07-13,26-27/01628/Hero,Shri Ram Auto Parts | AFM | Kargaina,SPDMCYL02SS,20,Pcs.,217.8,4356.0
2026-07-13,26-27/01629/Hero,Prashant Automobiles | AFM | Lalpur,11321KWA940S,3,Pcs.,96.21,288.63
2026-07-13,26-27/01629/Hero,Prashant Automobiles | AFM | Lalpur,11360AAE300S,2,Pcs.,152.62,305.24
2026-07-13,26-27/01629/Hero,Prashant Automobiles | AFM | Lalpur,17620KWA930HS,2,Pcs.,225.61,451.22
2026-07-13,26-27/01629/Hero,Prashant Automobiles | AFM | Lalpur,22201GF6000S,12,Pcs.,62.97,755.64
2026-07-13,26-27/01629/Hero,Prashant Automobiles | AFM | Lalpur,33452KCC710S,10,Pcs.,29.86,298.6
2026-07-13,26-27/01629/Hero,Prashant Automobiles | AFM | Lalpur,35100ACLD0099S,2,Pcs.,345.05,690.1
2026-07-13,26-27/01629/Hero,Prashant Automobiles | AFM | Lalpur,37210AAH101S,1,Pcs.,238.88,238.88
2026-07-13,26-27/01629/Hero,Prashant Automobiles | AFM | Lalpur,37210AAH101S,1,Pcs.,275.37,275.37
2026-07-13,26-27/01630/Hero,Pooja Spares | Chainsets | Gola,20K710S,30,Pcs.,423.73,12711.9
2026-07-13,26-27/01631/Hero,Dashmesh Auto Parts | AFM | Kargaina,14401AAD00099S,10,Pcs.,90.88,908.8
2026-07-13,26-27/01631/Hero,Dashmesh Auto Parts | AFM | Kargaina,14610086000RS,20,Pcs.,57.74,1154.8
2026-07-13,26-27/01631/Hero,Dashmesh Auto Parts | AFM | Kargaina,14670035030LS,10,Pcs.,66.36,663.6
2026-07-13,26-27/01631/Hero,Dashmesh Auto Parts | AFM | Kargaina,17208AABA00S,5,Pcs.,126.08,630.4
2026-07-13,26-27/01631/Hero,Dashmesh Auto Parts | AFM | Kargaina,17208AAT00099S,5,Pcs.,179.16,895.8
2026-07-13,26-27/01631/Hero,Dashmesh Auto Parts | AFM | Kargaina,17213AACA0099S,5,Pcs.,116.13,580.65
2026-07-13,26-27/01631/Hero,Dashmesh Auto Parts | AFM | Kargaina,28120KWA942S,3,Pcs.,431.32,1293.96
2026-07-13,26-27/01632/Hero,Shri Ram Auto Parts | AFM | Kargaina,13012GN5315LS,2,Pcs.,155.93,311.86
2026-07-13,26-27/01632/Hero,Shri Ram Auto Parts | AFM | Kargaina,13012GN5315LS,1,Pcs.,169.21,169.21
2026-07-13,26-27/01632/Hero,Shri Ram Auto Parts | AFM | Kargaina,14502086000RS,5,Pcs.,57.74,288.7
2026-07-13,26-27/01632/Hero,Shri Ram Auto Parts | AFM | Kargaina,22201AAHA01S,60,Pcs.,46.38,2782.8
2026-07-13,26-27/01632/Hero,Shri Ram Auto Parts | AFM | Kargaina,31120AAC201S,2,Pcs.,789.63,1579.26
2026-07-13,26-27/01632/Hero,Shri Ram Auto Parts | AFM | Kargaina,35010AAHA01S,2,Pcs.,640.34,1280.68
2026-07-13,26-27/01632/Hero,Shri Ram Auto Parts | AFM | Kargaina,35130ABH501S,10,Pcs.,49.77,497.7
2026-07-13,26-27/01632/Hero,Shri Ram Auto Parts | AFM | Kargaina,35850KR3870S,5,Pcs.,189.12,945.6
2026-07-13,26-27/01632/Hero,Shri Ram Auto Parts | AFM | Kargaina,38501AAW30099S,4,Pcs.,106.17,424.68
2026-07-13,26-27/01632/Hero,Shri Ram Auto Parts | AFM | Kargaina,38501AAW30099S,1,Pcs.,109.49,109.49
2026-07-13,26-27/01632/Hero,Shri Ram Auto Parts | AFM | Kargaina,44830KST940S,5,Pcs.,63.63,318.15
2026-07-13,26-27/01632/Hero,Shri Ram Auto Parts | AFM | Kargaina,50500KTRA00S,3,Pcs.,285.33,855.99
2026-07-13,26-27/01632/Hero,Shri Ram Auto Parts | AFM | Kargaina,88110AAEH31S,1,Pcs.,99.54,99.54
2026-07-13,26-27/01632/Hero,Shri Ram Auto Parts | AFM | Kargaina,88110AAEH31S,4,Pcs.,116.13,464.52
2026-07-13,26-27/01633/Hero,Adil Auto Parts | AFM | Sirauli,K40405KSTG950S,1,Pcs.,326.54,326.54
2026-07-13,26-27/01633/Hero,Adil Auto Parts | AFM | Sirauli,K40405KWAG930S,1,Pcs.,338.14,338.14
2026-07-13,26-27/01633/Hero,Adil Auto Parts | AFM | Sirauli,12209GB4685S,20,Pcs.,28.99,579.8
2026-07-13,26-27/01633/Hero,Adil Auto Parts | AFM | Sirauli,14401AAD00099S,35,Pcs.,90.17,3155.95
2026-07-13,26-27/01633/Hero,Adil Auto Parts | AFM | Sirauli,14401AAD00099S,5,Pcs.,96.61,483.05
2026-07-13,26-27/01633/Hero,Adil Auto Parts | AFM | Sirauli,14566086030S,50,Pcs.,6.44,322.0
2026-07-13,26-27/01633/Hero,Adil Auto Parts | AFM | Sirauli,14615035010S,30,Pcs.,12.88,386.4
2026-07-13,26-27/01633/Hero,Adil Auto Parts | AFM | Sirauli,24430KST900S,5,Pcs.,45.73,228.65
2026-07-13,26-27/01633/Hero,Adil Auto Parts | AFM | Sirauli,24430KST900S,15,Pcs.,54.74,821.1
2026-07-13,26-27/01633/Hero,Adil Auto Parts | AFM | Sirauli,33K111S,2,Pcs.,391.59,783.18
2026-07-13,26-27/01633/Hero,Adil Auto Parts | AFM | Sirauli,33K112S,3,Pcs.,394.81,1184.43
2026-07-13,26-27/01633/Hero,Adil Auto Parts | AFM | Sirauli,33K131S,1,Pcs.,450.85,450.85
2026-07-13,26-27/01633/Hero,Adil Auto Parts | AFM | Sirauli,33K131S,1,Pcs.,473.39,473.39
2026-07-13,26-27/01633/Hero,Adil Auto Parts | AFM | Sirauli,35330413003S,10,Pcs.,19.96,199.6
2026-07-13,26-27/01633/Hero,Adil Auto Parts | AFM | Sirauli,35753035010S,30,Pcs.,9.66,289.8
2026-07-13,26-27/01633/Hero,Adil Auto Parts | AFM | Sirauli,37800AAE30099S,2,Pcs.,305.93,611.86
2026-07-13,26-27/01633/Hero,Adil Auto Parts | AFM | Sirauli,80100KCC860S,1,Pcs.,466.95,466.95
2026-07-13,26-27/01633/Hero,Adil Auto Parts | AFM | Sirauli,44701AACH00S,4,Pcs.,502.38,2009.52
2026-07-13,26-27/01634/Hero,Hussain Spare Parts | AFM | Sheeshgarh,14401AAD00099S,30,Pcs.,91.17,2735.1
2026-07-13,26-27/01635/Hero,Hasan And Jafar Auto | AFM | Sirauli,1120AAANB00S,1,Pcs.,2002.63,2002.63
2026-07-13,26-27/01635/Hero,Hasan And Jafar Auto | AFM | Sirauli,11394AAF4099S,1,Pcs.,48.63,48.63
2026-07-13,26-27/01635/Hero,Hasan And Jafar Auto | AFM | Sirauli,24610AANB00S,1,Pcs.,208.03,208.03
2026-07-13,26-27/01635/Hero,Hasan And Jafar Auto | AFM | Sirauli,24701AANB00S,1,Pcs.,124.95,124.95
2026-07-13,26-27/01636/Hero,Haseeb Auto Parts | AFM | Nawabganj,61100KST940ZAPROS,5,Pcs.,228.81,1144.05
2026-07-13,26-27/01637/Hero,Pankaj Auto | AFM | Bisalpur,SPDMCYL02SS,200,Pcs.,211.86,42372.0
2026-07-13,26-27/01638/Hero,Nitin Auto Mobile | AFM | Aonla,SPDMCYL02SS,200,Pcs.,210.17,42034.0
2026-07-13,26-27/01639/Hero,Pooja Spares | Chainsets | Gola,20K710S,20,Pcs.,440.68,8813.6
2026-07-14,26-27/01640/Hero,Pramod Service Center | AFM | Ballia,12361035000S,20,Pcs.,20.26,405.2
2026-07-14,26-27/01640/Hero,Pramod Service Center | AFM | Ballia,17511KCC905ZBS,2,Pcs.,192.5,385.0
2026-07-14,26-27/01640/Hero,Pramod Service Center | AFM | Ballia,17511KCC905ZBS,1,Pcs.,195.87,195.87
2026-07-14,26-27/01640/Hero,Pramod Service Center | AFM | Ballia,32100KCC710S,2,Pcs.,611.26,1222.52
2026-07-14,26-27/01640/Hero,Pramod Service Center | AFM | Ballia,32161404000S,20,Pcs.,6.75,135.0
2026-07-14,26-27/01640/Hero,Pramod Service Center | AFM | Ballia,35010AAEH00S,2,Pcs.,699.06,1398.12
2026-07-14,26-27/01640/Hero,Pramod Service Center | AFM | Ballia,52400KCC905ZBS,1,Pcs.,616.26,616.26
2026-07-14,26-27/01640/Hero,Pramod Service Center | AFM | Ballia,52400KCC905ZBS,3,Pcs.,666.92,2000.76
2026-07-14,26-27/01640/Hero,Pramod Service Center | AFM | Ballia,83402AAE710S,5,Pcs.,202.63,1013.15
2026-07-14,26-27/01640/Hero,Pramod Service Center | AFM | Ballia,52110KST940S,1,Pcs.,665.96,665.96
2026-07-14,26-27/01640/Hero,Pramod Service Center | AFM | Ballia,52110KST940S,1,Pcs.,665.96,665.96
2026-07-14,26-27/01640/Hero,Pramod Service Center | AFM | Ballia,52110KST940S,1,Pcs.,736.21,736.21
2026-07-14,26-27/01640/Hero,Pramod Service Center | AFM | Ballia,53205ACV600TS,1,Pcs.,522.78,522.78
2026-07-14,26-27/01641/Hero,Nitin Auto Mobile | AFM | Aonla,33400KCC710PROS,25,Pcs.,80.5,2012.5
2026-07-14,26-27/01642/Hero,New Punjab Auto Spares | AFM | Islamia,53205AAWA00RS,1,Pcs.,563.98,563.98
2026-07-14,26-27/01642/Hero,New Punjab Auto Spares | AFM | Islamia,33120AAY001S,1,Pcs.,327.58,327.58
2026-07-14,26-27/01642/Hero,New Punjab Auto Spares | AFM | Islamia,37213AAY001S,4,Pcs.,64.17,256.68
2026-07-14,26-27/01642/Hero,New Punjab Auto Spares | AFM | Islamia,37213KZN901S,4,Pcs.,81.05,324.2
2026-07-14,26-27/01642/Hero,New Punjab Auto Spares | AFM | Islamia,17910KTRA40S,3,Pcs.,43.49,130.47
2026-07-14,26-27/01642/Hero,New Punjab Auto Spares | AFM | Islamia,18805KPL900S,10,Pcs.,30.4,304.0
2026-07-14,26-27/01642/Hero,New Punjab Auto Spares | AFM | Islamia,22201GF6000S,4,Pcs.,64.16,256.64
2026-07-14,26-27/01642/Hero,New Punjab Auto Spares | AFM | Islamia,28120KPL901S,1,Pcs.,653.13,653.13
2026-07-14,26-27/01642/Hero,New Punjab Auto Spares | AFM | Islamia,28150KPL900S,5,Pcs.,55.38,276.9
2026-07-14,26-27/01642/Hero,New Punjab Auto Spares | AFM | Islamia,33110AAB000S,1,Pcs.,675.43,675.43
2026-07-14,26-27/01642/Hero,New Punjab Auto Spares | AFM | Islamia,33120AAY001S,1,Pcs.,327.58,327.58
2026-07-14,26-27/01642/Hero,New Punjab Auto Spares | AFM | Islamia,37213AAY001S,1,Pcs.,64.17,64.17
2026-07-14,26-27/01642/Hero,New Punjab Auto Spares | AFM | Islamia,37213KZN901S,1,Pcs.,81.05,81.05
2026-07-14,26-27/01642/Hero,New Punjab Auto Spares | AFM | Islamia,44830KWA830S,10,Pcs.,40.95,409.5
2026-07-14,26-27/01642/Hero,New Punjab Auto Spares | AFM | Islamia,61110KZN900S,2,Pcs.,64.17,128.34
2026-07-14,26-27/01642/Hero,New Punjab Auto Spares | AFM | Islamia,22201AAHA01S,4,Pcs.,47.27,189.08
2026-07-14,26-27/01642/Hero,New Punjab Auto Spares | AFM | Islamia,38501AAW30099S,10,Pcs.,108.06,1080.6
2026-07-14,26-27/01642/Hero,New Punjab Auto Spares | AFM | Islamia,41241KTC900S,8,Pcs.,19.6,156.8
2026-07-14,26-27/01642/Hero,New Punjab Auto Spares | AFM | Islamia,61110KZN900S,2,Pcs.,52.68,105.36
2026-07-14,26-27/01642/Hero,New Punjab Auto Spares | AFM | Islamia,80100AAGA00S,1,Pcs.,715.95,715.95
2026-07-14,26-27/01642/Hero,New Punjab Auto Spares | AFM | Islamia,80100AAE300S,1,Pcs.,786.87,786.87
2026-07-14,26-27/01643/Hero,Aakash Auto Service | AFM | Chaupla,61100KST940ZAPROS,5,Pcs.,228.81,1144.05
2026-07-14,26-27/01644/Hero,Aakash Auto Service | AFM | Chaupla,61100KST940ZAPROS,5,Pcs.,228.81,1144.05
2026-07-14,26-27/01645/Hero,Aakash Auto Service | AFM | Chaupla,61100KST940ZAPROS,5,Pcs.,228.81,1144.05
2026-07-14,26-27/01646/Hero,Aakash Auto Service | AFM | Chaupla,61100KST940ZAPROS,5,Pcs.,228.81,1144.05
2026-07-14,26-27/01647/Hero,Shri Bala Ji Auto Parts | AFM | Aonla,15100KCC900S,2,Pcs.,326.27,652.54
2026-07-14,26-27/01647/Hero,Shri Bala Ji Auto Parts | AFM | Aonla,18355KWA830S,3,Pcs.,186.44,559.32
2026-07-14,26-27/01647/Hero,Shri Bala Ji Auto Parts | AFM | Aonla,22870KTCA00S,5,Pcs.,88.98,444.9
2026-07-14,26-27/01647/Hero,Shri Bala Ji Auto Parts | AFM | Aonla,24430KST900S,5,Pcs.,72.03,360.15
2026-07-14,26-27/01647/Hero,Shri Bala Ji Auto Parts | AFM | Aonla,37100AACH00020S,20,Pcs.,4.24,84.8
2026-07-14,26-27/01647/Hero,Shri Bala Ji Auto Parts | AFM | Aonla,37700AAE312S,1,Pcs.,305.08,305.08
2026-07-14,26-27/01647/Hero,Shri Bala Ji Auto Parts | AFM | Aonla,42303KCC600S,5,Pcs.,50.85,254.25
2026-07-14,26-27/01647/Hero,Shri Bala Ji Auto Parts | AFM | Aonla,42303KTR900S,1,Pcs.,57.63,57.63
2026-07-14,26-27/01647/Hero,Shri Bala Ji Auto Parts | AFM | Aonla,42303KTR900S,4,Pcs.,63.56,254.24
2026-07-14,26-27/01647/Hero,Shri Bala Ji Auto Parts | AFM | Aonla,50803KTC900S,1,Pcs.,622.88,622.88
2026-07-14,26-27/01647/Hero,Shri Bala Ji Auto Parts | AFM | Aonla,61301KTCA20RS,2,Pcs.,834.75,1669.5
2026-07-14,26-27/01647/Hero,Shri Bala Ji Auto Parts | AFM | Aonla,61303KWA830S,20,Pcs.,21.19,423.8
2026-07-14,26-27/01647/Hero,Shri Bala Ji Auto Parts | AFM | Aonla,K14144AADA000S,5,Pcs.,288.14,1440.7
2026-07-14,26-27/01647/Hero,Shri Bala Ji Auto Parts | AFM | Aonla,K86866AAGN500SS,2,Pcs.,139.83,279.66
2026-07-14,26-27/01647/Hero,Shri Bala Ji Auto Parts | AFM | Aonla,3340AKTCA21S,2,Pcs.,148.31,296.62
2026-07-14,26-27/01647/Hero,Shri Bala Ji Auto Parts | AFM | Aonla,33600KTCA21S,1,Pcs.,177.97,177.97
2026-07-14,26-27/01647/Hero,Shri Bala Ji Auto Parts | AFM | Aonla,33600KTCA21S,2,Pcs.,224.58,449.16
2026-07-14,26-27/01647/Hero,Shri Bala Ji Auto Parts | AFM | Aonla,33703AAHA010099S,2,Pcs.,144.07,288.14
2026-07-14,26-27/01647/Hero,Shri Bala Ji Auto Parts | AFM | Aonla,35010AACH00S,1,Pcs.,949.15,949.15
2026-07-14,26-27/01647/Hero,Shri Bala Ji Auto Parts | AFM | Aonla,35010AAG501S,1,Pcs.,792.37,792.37
2026-07-14,26-27/01647/Hero,Shri Bala Ji Auto Parts | AFM | Aonla,37800AAE30099S,1,Pcs.,402.54,402.54
2026-07-14,26-27/01647/Hero,Shri Bala Ji Auto Parts | AFM | Aonla,45010AAC030S,2,Pcs.,673.73,1347.46
2026-07-14,26-27/01647/Hero,Shri Bala Ji Auto Parts | AFM | Aonla,53100AAG600S,2,Pcs.,355.93,711.86
2026-07-14,26-27/01647/Hero,Shri Bala Ji Auto Parts | AFM | Aonla,83402KTCA20S,1,Pcs.,110.17,110.17
2026-07-14,26-27/01647/Hero,Shri Bala Ji Auto Parts | AFM | Aonla,83402KTCA20S,1,Pcs.,114.41,114.41
2026-07-14,26-27/01647/Hero,Shri Bala Ji Auto Parts | AFM | Aonla,K41412AANNB00S,1,Pcs.,677.97,677.97
2026-07-14,26-27/01647/Hero,Shri Bala Ji Auto Parts | AFM | Aonla,6410AAAGH20S,2,Pcs.,317.8,635.6
2026-07-14,26-27/01648/Hero,Z R Auto Traders | AFM | Choupla,21K120LS,1,Pcs.,1463.84,1463.84
2026-07-14,26-27/01648/Hero,Z R Auto Traders | AFM | Choupla,22870KTC900S,5,Pcs.,62.97,314.85
2026-07-14,26-27/01648/Hero,Z R Auto Traders | AFM | Choupla,23123KGH900S,1,Pcs.,195.03,195.03
2026-07-14,26-27/01648/Hero,Z R Auto Traders | AFM | Choupla,23123KGH900S,1,Pcs.,208.49,208.49
2026-07-14,26-27/01648/Hero,Z R Auto Traders | AFM | Choupla,35130ABH501S,10,Pcs.,49.77,497.7
2026-07-14,26-27/01648/Hero,Z R Auto Traders | AFM | Choupla,37800AAW00099S,1,Pcs.,175.85,175.85
2026-07-14,26-27/01648/Hero,Z R Auto Traders | AFM | Choupla,37800AAW00099S,1,Pcs.,225.61,225.61
2026-07-14,26-27/01648/Hero,Z R Auto Traders | AFM | Choupla,42610KWP900S,2,Pcs.,988.7,1977.4
2026-07-14,26-27/01648/Hero,Z R Auto Traders | AFM | Choupla,43120365H70S,10,Pcs.,48.77,487.7
2026-07-14,26-27/01648/Hero,Z R Auto Traders | AFM | Choupla,44830KZN900S,3,Pcs.,51.8,155.4
2026-07-14,26-27/01648/Hero,Z R Auto Traders | AFM | Choupla,51400KWP901S,2,Pcs.,213.61,427.22
2026-07-14,26-27/01648/Hero,Z R Auto Traders | AFM | Choupla,51500KWP901S,2,Pcs.,213.61,427.22
2026-07-14,26-27/01649/Hero,Ramesh Auto Service | AFM | Aonla,42711HTR701S,2,Pcs.,1093.22,2186.44
2026-07-14,26-27/01649/Hero,Ramesh Auto Service | AFM | Aonla,44711HTF700S,2,Pcs.,1008.47,2016.94
2026-07-14,26-27/01650/Hero,Siraj Auto Care | AFM | Chaupla,1450AACK000S,3,Pcs.,84.43,253.29
2026-07-14,26-27/01650/Hero,Siraj Auto Care | AFM | Chaupla,22201AAHA01S,4,Pcs.,43.89,175.56
2026-07-14,26-27/01650/Hero,Siraj Auto Care | AFM | Chaupla,22201AAHA01S,16,Pcs.,47.27,756.32
2026-07-14,26-27/01650/Hero,Siraj Auto Care | AFM | Chaupla,22815166000S,10,Pcs.,6.75,67.5
2026-07-14,26-27/01650/Hero,Siraj Auto Care | AFM | Chaupla,25K160S,2,Pcs.,221.44,442.88
2026-07-14,26-27/01650/Hero,Siraj Auto Care | AFM | Chaupla,41241KTC900S,20,Pcs.,19.6,392.0
2026-07-14,26-27/01650/Hero,Siraj Auto Care | AFM | Chaupla,K22222KTCE900S,1,Pcs.,423.92,423.92
2026-07-14,26-27/01651/Hero,Shri Bala Ji Auto Parts | AFM | Aonla,61100KST940ZAPROS,5,Pcs.,228.81,1144.05
2026-07-14,26-27/01652/Hero,Ramesh Auto Service | AFM | Aonla,61100KST940ZAPROS,5,Pcs.,228.81,1144.05
2026-07-14,26-27/01653/Hero,Qadri Auto Parts | AFM | Aonla,14401AAD00099S,5,Pcs.,92.54,462.7
2026-07-14,26-27/01653/Hero,Qadri Auto Parts | AFM | Aonla,14401AAD00099S,5,Pcs.,99.15,495.75
2026-07-14,26-27/01653/Hero,Qadri Auto Parts | AFM | Aonla,17620GE2H31S,3,Pcs.,290.44,871.32
2026-07-14,26-27/01653/Hero,Qadri Auto Parts | AFM | Aonla,20K710S,5,Pcs.,466.57,2332.85
2026-07-14,26-27/01653/Hero,Qadri Auto Parts | AFM | Aonla,24K150LS,1,Pcs.,276.93,276.93
2026-07-14,26-27/01653/Hero,Qadri Auto Parts | AFM | Aonla,24K150LS,9,Pcs.,303.94,2735.46
2026-07-14,26-27/01653/Hero,Qadri Auto Parts | AFM | Aonla,25K160S,3,Pcs.,221.44,664.32
2026-07-14,26-27/01653/Hero,Qadri Auto Parts | AFM | Aonla,25K170S,2,Pcs.,313.98,627.96
2026-07-14,26-27/01653/Hero,Qadri Auto Parts | AFM | Aonla,50530KST940S,5,Pcs.,88.21,441.05
2026-07-14,26-27/01653/Hero,Qadri Auto Parts | AFM | Aonla,20K211S,5,Pcs.,481.16,2405.8
2026-07-14,26-27/01654/Hero,Pintu Aotomobile | AFM | Aonla,13011AAF00099S,1,Pcs.,238.88,238.88
2026-07-14,26-27/01654/Hero,Pintu Aotomobile | AFM | Aonla,17910ACK000S,2,Pcs.,78.97,157.94
2026-07-14,26-27/01654/Hero,Pintu Aotomobile | AFM | Aonla,28302KAG900S,5,Pcs.,79.62,398.1
2026-07-14,26-27/01654/Hero,Pintu Aotomobile | AFM | Aonla,37200KTCA21S,1,Pcs.,428.0,428.0
2026-07-14,26-27/01655/Hero,Ramesh Auto Service | AFM | Aonla,12209GB4685S,10,Pcs.,27.87,278.7
2026-07-14,26-27/01655/Hero,Ramesh Auto Service | AFM | Aonla,12209GB4685S,30,Pcs.,29.86,895.8
2026-07-14,26-27/01655/Hero,Ramesh Auto Service | AFM | Aonla,14502086000RS,15,Pcs.,57.74,866.1
2026-07-14,26-27/01655/Hero,Ramesh Auto Service | AFM | Aonla,14610086000RS,15,Pcs.,57.74,866.1
2026-07-14,26-27/01655/Hero,Ramesh Auto Service | AFM | Aonla,17910KWA940S,1,Pcs.,54.35,54.35
2026-07-14,26-27/01655/Hero,Ramesh Auto Service | AFM | Aonla,22120KTC900S,3,Pcs.,268.74,806.22
2026-07-14,26-27/01655/Hero,Ramesh Auto Service | AFM | Aonla,22120KWS901S,1,Pcs.,152.62,152.62
2026-07-14,26-27/01655/Hero,Ramesh Auto Service | AFM | Aonla,22121198900S,3,Pcs.,208.49,625.47
2026-07-14,26-27/01655/Hero,Ramesh Auto Service | AFM | Aonla,22321KE8000S,4,Pcs.,39.74,158.96
2026-07-14,26-27/01655/Hero,Ramesh Auto Service | AFM | Aonla,22350115020S,6,Pcs.,122.69,736.14
2026-07-14,26-27/01655/Hero,Ramesh Auto Service | AFM | Aonla,22870KWA940S,9,Pcs.,76.24,686.16
2026-07-14,26-27/01655/Hero,Ramesh Auto Service | AFM | Aonla,24430KST900S,10,Pcs.,54.53,545.3
2026-07-14,26-27/01655/Hero,Ramesh Auto Service | AFM | Aonla,24610KST940S,2,Pcs.,202.38,404.76
2026-07-14,26-27/01655/Hero,Ramesh Auto Service | AFM | Aonla,35100AACH01S,3,Pcs.,338.41,1015.23
2026-07-14,26-27/01655/Hero,Ramesh Auto Service | AFM | Aonla,41241KTC900S,4,Pcs.,17.65,70.6
2026-07-14,26-27/01655/Hero,Ramesh Auto Service | AFM | Aonla,41241KTC900S,76,Pcs.,19.24,1462.24
2026-07-14,26-27/01655/Hero,Ramesh Auto Service | AFM | Aonla,43120365H70S,4,Pcs.,48.77,195.08
2026-07-14,26-27/01655/Hero,Ramesh Auto Service | AFM | Aonla,44830KST940S,4,Pcs.,69.6,278.4
2026-07-14,26-27/01655/Hero,Ramesh Auto Service | AFM | Aonla,9501151000S,20,Pcs.,6.63,132.6
2026-07-14,26-27/01655/Hero,Ramesh Auto Service | AFM | Aonla,K17172KCC900S,5,Pcs.,92.89,464.45
2026-07-14,26-27/01655/Hero,Ramesh Auto Service | AFM | Aonla,K22222KTCE900S,3,Pcs.,443.3,1329.9
2026-07-14,26-27/01655/Hero,Ramesh Auto Service | AFM | Aonla,K42423KCCZ600S,10,Pcs.,48.12,481.2
2026-07-14,26-27/01655/Hero,Ramesh Auto Service | AFM | Aonla,K42423KSTG940S,10,Pcs.,51.33,513.3
2026-07-14,26-27/01655/Hero,Ramesh Auto Service | AFM | Aonla,14401AAD00099S,15,Pcs.,90.88,1363.2
2026-07-14,26-27/01655/Hero,Ramesh Auto Service | AFM | Aonla,14401AAD00099S,5,Pcs.,97.37,486.85
2026-07-14,26-27/01655/Hero,Ramesh Auto Service | AFM | Aonla,14502086000RS,5,Pcs.,57.74,288.7
2026-07-14,26-27/01655/Hero,Ramesh Auto Service | AFM | Aonla,14550GB0910RS,10,Pcs.,72.99,729.9
2026-07-14,26-27/01655/Hero,Ramesh Auto Service | AFM | Aonla,14610086000RS,5,Pcs.,57.74,288.7
2026-07-14,26-27/01655/Hero,Ramesh Auto Service | AFM | Aonla,17208AAT00099S,1,Pcs.,179.16,179.16
2026-07-14,26-27/01655/Hero,Ramesh Auto Service | AFM | Aonla,17910KWA940S,9,Pcs.,54.35,489.15
2026-07-14,26-27/01655/Hero,Ramesh Auto Service | AFM | Aonla,22120KWS901S,2,Pcs.,152.62,305.24
2026-07-14,26-27/01655/Hero,Ramesh Auto Service | AFM | Aonla,22121198900S,11,Pcs.,208.49,2293.39
2026-07-14,26-27/01655/Hero,Ramesh Auto Service | AFM | Aonla,22201GF6000S,40,Pcs.,62.97,2518.8
2026-07-14,26-27/01655/Hero,Ramesh Auto Service | AFM | Aonla,22321KE8000S,16,Pcs.,39.74,635.84
2026-07-14,26-27/01655/Hero,Ramesh Auto Service | AFM | Aonla,22350115020S,19,Pcs.,122.69,2331.11
2026-07-14,26-27/01655/Hero,Ramesh Auto Service | AFM | Aonla,22350KPGT00S,3,Pcs.,137.28,411.84
2026-07-14,26-27/01655/Hero,Ramesh Auto Service | AFM | Aonla,22355KWS901S,1,Pcs.,109.42,109.42
2026-07-14,26-27/01655/Hero,Ramesh Auto Service | AFM | Aonla,22355KWS901S,2,Pcs.,126.0,252.0
2026-07-14,26-27/01655/Hero,Ramesh Auto Service | AFM | Aonla,22870KWA940S,1,Pcs.,76.24,76.24
2026-07-14,26-27/01655/Hero,Ramesh Auto Service | AFM | Aonla,24301198900S,2,Pcs.,769.73,1539.46
2026-07-14,26-27/01655/Hero,Ramesh Auto Service | AFM | Aonla,30700ACK00099S,10,Pcs.,63.04,630.4
2026-07-14,26-27/01655/Hero,Ramesh Auto Service | AFM | Aonla,43120365H70S,6,Pcs.,48.77,292.62
2026-07-14,26-27/01655/Hero,Ramesh Auto Service | AFM | Aonla,44830KST940S,10,Pcs.,63.63,636.3
2026-07-14,26-27/01655/Hero,Ramesh Auto Service | AFM | Aonla,44830KST940S,6,Pcs.,69.6,417.6
2026-07-14,26-27/01655/Hero,Ramesh Auto Service | AFM | Aonla,17208AAT00099S,4,Pcs.,179.16,716.64
2026-07-14,26-27/01655/Hero,Ramesh Auto Service | AFM | Aonla,20K211S,4,Pcs.,472.39,1889.56
2026-07-14,26-27/01655/Hero,Ramesh Auto Service | AFM | Aonla,20K211S,1,Pcs.,492.3,492.3
2026-07-14,26-27/01655/Hero,Ramesh Auto Service | AFM | Aonla,22121198900S,1,Pcs.,208.49,208.49
2026-07-14,26-27/01655/Hero,Ramesh Auto Service | AFM | Aonla,22201GF6000S,60,Pcs.,62.97,3778.2
2026-07-14,26-27/01655/Hero,Ramesh Auto Service | AFM | Aonla,45530KCC841S,3,Pcs.,202.38,607.14
2026-07-14,26-27/01655/Hero,Ramesh Auto Service | AFM | Aonla,51401KST941S,10,Pcs.,59.72,597.2
2026-07-14,26-27/01655/Hero,Ramesh Auto Service | AFM | Aonla,20K710S,10,Pcs.,462.0,4620.0
2026-07-14,26-27/01656/Hero,Krishna Auto Services | AFM | Aonla,17910KTRA00S,3,Pcs.,48.9,146.7
2026-07-14,26-27/01656/Hero,Krishna Auto Services | AFM | Aonla,22201AAHA01S,4,Pcs.,40.01,160.04
2026-07-14,26-27/01656/Hero,Krishna Auto Services | AFM | Aonla,22201AAHA01S,8,Pcs.,47.27,378.16
2026-07-14,26-27/01656/Hero,Krishna Auto Services | AFM | Aonla,24K160S,1,Pcs.,290.44,290.44
2026-07-14,26-27/01656/Hero,Krishna Auto Services | AFM | Aonla,33K131S,1,Pcs.,479.49,479.49
2026-07-14,26-27/01656/Hero,Krishna Auto Services | AFM | Aonla,37230KWHH01S,5,Pcs.,57.41,287.05
2026-07-14,26-27/01656/Hero,Krishna Auto Services | AFM | Aonla,44830KST940S,5,Pcs.,64.82,324.1
2026-07-14,26-27/01656/Hero,Krishna Auto Services | AFM | Aonla,53175AAFH00S,1,Pcs.,62.14,62.14
2026-07-14,26-27/01656/Hero,Krishna Auto Services | AFM | Aonla,53175AAFH00S,4,Pcs.,74.3,297.2
2026-07-14,26-27/01656/Hero,Krishna Auto Services | AFM | Aonla,53178AAFH00S,5,Pcs.,67.55,337.75
2026-07-14,26-27/01656/Hero,Krishna Auto Services | AFM | Aonla,K22222HF100DS,2,Pcs.,600.2,1200.4
2026-07-14,26-27/01657/Hero,Pal Automobile | AFM | Aonla,14401AAD00099S,5,Pcs.,92.54,462.7
2026-07-14,26-27/01657/Hero,Pal Automobile | AFM | Aonla,14401AAD00099S,15,Pcs.,99.15,1487.25
2026-07-14,26-27/01657/Hero,Pal Automobile | AFM | Aonla,14610086000RS,10,Pcs.,58.8,588.0
2026-07-14,26-27/01658/Hero,Verma Auto Parts | AFM | Aonla,14401AAD00099S,5,Pcs.,99.15,495.75
2026-07-14,26-27/01658/Hero,Verma Auto Parts | AFM | Aonla,14610086000RS,10,Pcs.,58.8,588.0
2026-07-14,26-27/01658/Hero,Verma Auto Parts | AFM | Aonla,14670035030LS,5,Pcs.,70.92,354.6
2026-07-14,26-27/01658/Hero,Verma Auto Parts | AFM | Aonla,17208AAT00099S,2,Pcs.,182.36,364.72
2026-07-14,26-27/01658/Hero,Verma Auto Parts | AFM | Aonla,20K211S,4,Pcs.,481.16,1924.64
2026-07-14,26-27/01658/Hero,Verma Auto Parts | AFM | Aonla,20K211S,1,Pcs.,501.43,501.43
2026-07-14,26-27/01658/Hero,Verma Auto Parts | AFM | Aonla,33400KCC710S,1,Pcs.,185.74,185.74
2026-07-14,26-27/01658/Hero,Verma Auto Parts | AFM | Aonla,33600KCC710S,1,Pcs.,158.72,158.72
2026-07-14,26-27/01658/Hero,Verma Auto Parts | AFM | Aonla,33650KCC710S,1,Pcs.,158.72,158.72
2026-07-14,26-27/01658/Hero,Verma Auto Parts | AFM | Aonla,43120365H70S,20,Pcs.,49.65,993.0
2026-07-14,26-27/01658/Hero,Verma Auto Parts | AFM | Aonla,44830KST940S,10,Pcs.,70.91,709.1
2026-07-14,26-27/01658/Hero,Verma Auto Parts | AFM | Aonla,K22222HF100DS,1,Pcs.,569.81,569.81
2026-07-14,26-27/01659/Hero,S K Enterprises | AFM | Shahjahnpur,20K710S,1200,Pcs.,433.9,520680.0
2026-07-14,26-27/01660/Hero,Nitin Auto Mobile | AFM | Aonla,44701AACH00S,4,Pcs.,495.77,1983.08
2026-07-14,26-27/01660/Hero,Nitin Auto Mobile | AFM | Aonla,44701AACH00S,4,Pcs.,495.77,1983.08
2026-07-14,26-27/01660/Hero,Nitin Auto Mobile | AFM | Aonla,83401KCC900SS,8,Pcs.,432.2,3457.6
2026-07-14,26-27/01660/Hero,Nitin Auto Mobile | AFM | Aonla,33703AAHA010099S,5,Pcs.,108.05,540.25
2026-07-14,26-27/01660/Hero,Nitin Auto Mobile | AFM | Aonla,6410AAAGH20S,5,Pcs.,244.7,1223.5
2026-07-14,26-27/01660/Hero,Nitin Auto Mobile | AFM | Aonla,33K112S,10,Pcs.,435.38,4353.8
2026-07-14,26-27/01660/Hero,Nitin Auto Mobile | AFM | Aonla,33K111S,10,Pcs.,425.85,4258.5
2026-07-14,26-27/01660/Hero,Nitin Auto Mobile | AFM | Aonla,11200KWH960S,1,Pcs.,1487.93,1487.93
2026-07-14,26-27/01660/Hero,Nitin Auto Mobile | AFM | Aonla,17253KCC900S,4,Pcs.,55.94,223.76
2026-07-14,26-27/01660/Hero,Nitin Auto Mobile | AFM | Aonla,17253KCC900S,1,Pcs.,63.56,63.56
2026-07-14,26-27/01660/Hero,Nitin Auto Mobile | AFM | Aonla,17253KTP900S,2,Pcs.,82.63,165.26
2026-07-14,26-27/01660/Hero,Nitin Auto Mobile | AFM | Aonla,17253KTP900S,1,Pcs.,85.81,85.81
2026-07-14,26-27/01660/Hero,Nitin Auto Mobile | AFM | Aonla,20K820S,1,Pcs.,530.09,530.09
2026-07-14,26-27/01660/Hero,Nitin Auto Mobile | AFM | Aonla,20K820S,2,Pcs.,575.21,1150.42
2026-07-14,26-27/01660/Hero,Nitin Auto Mobile | AFM | Aonla,28250KVT900S,1,Pcs.,175.43,175.43
2026-07-14,26-27/01660/Hero,Nitin Auto Mobile | AFM | Aonla,31120AAF402S,1,Pcs.,791.31,791.31
2026-07-14,26-27/01660/Hero,Nitin Auto Mobile | AFM | Aonla,31120AAF402S,1,Pcs.,908.89,908.89
2026-07-14,26-27/01660/Hero,Nitin Auto Mobile | AFM | Aonla,33400KCC710S,1,Pcs.,139.83,139.83
2026-07-14,26-27/01660/Hero,Nitin Auto Mobile | AFM | Aonla,33400KCC710S,6,Pcs.,174.79,1048.74
2026-07-14,26-27/01660/Hero,Nitin Auto Mobile | AFM | Aonla,37210AAE102S,1,Pcs.,365.47,365.47
2026-07-14,26-27/01660/Hero,Nitin Auto Mobile | AFM | Aonla,53200KCC690S,2,Pcs.,597.46,1194.92
2026-07-14,26-27/01660/Hero,Nitin Auto Mobile | AFM | Aonla,83512KTCA20S,3,Pcs.,63.56,190.68
2026-07-14,26-27/01660/Hero,Nitin Auto Mobile | AFM | Aonla,06455ABG010S,2,Pcs.,193.22,386.44
2026-07-14,26-27/01660/Hero,Nitin Auto Mobile | AFM | Aonla,12391AANB00S,10,Pcs.,19.06,190.6
2026-07-14,26-27/01660/Hero,Nitin Auto Mobile | AFM | Aonla,15100AANB0099S,2,Pcs.,203.39,406.78
2026-07-14,26-27/01660/Hero,Nitin Auto Mobile | AFM | Aonla,17253KCC900S,3,Pcs.,55.94,167.82
2026-07-14,26-27/01660/Hero,Nitin Auto Mobile | AFM | Aonla,17253KCC900S,2,Pcs.,63.56,127.12
2026-07-14,26-27/01660/Hero,Nitin Auto Mobile | AFM | Aonla,17253KTP900S,5,Pcs.,82.63,413.15
2026-07-14,26-27/01660/Hero,Nitin Auto Mobile | AFM | Aonla,17253KTP900S,2,Pcs.,85.81,171.62
2026-07-14,26-27/01660/Hero,Nitin Auto Mobile | AFM | Aonla,22121198900S,10,Pcs.,206.56,2065.6
2026-07-14,26-27/01660/Hero,Nitin Auto Mobile | AFM | Aonla,22201GF6000S,20,Pcs.,63.56,1271.2
2026-07-14,26-27/01660/Hero,Nitin Auto Mobile | AFM | Aonla,22350115020S,10,Pcs.,120.77,1207.7
2026-07-14,26-27/01660/Hero,Nitin Auto Mobile | AFM | Aonla,33400KCC710S,1,Pcs.,139.83,139.83
2026-07-14,26-27/01660/Hero,Nitin Auto Mobile | AFM | Aonla,33400KCC710S,2,Pcs.,174.79,349.58
2026-07-14,26-27/01660/Hero,Nitin Auto Mobile | AFM | Aonla,37246KST940S,3,Pcs.,41.31,123.93
2026-07-14,26-27/01660/Hero,Nitin Auto Mobile | AFM | Aonla,41241KTC900S,4,Pcs.,17.48,69.92
2026-07-14,26-27/01660/Hero,Nitin Auto Mobile | AFM | Aonla,41241KTC900S,72,Pcs.,19.06,1372.32
2026-07-14,26-27/01660/Hero,Nitin Auto Mobile | AFM | Aonla,91443AAF400S,10,Pcs.,9.53,95.3
2026-07-14,26-27/01660/Hero,Nitin Auto Mobile | AFM | Aonla,K22221AAN125S,3,Pcs.,937.5,2812.5
2026-07-14,26-27/01660/Hero,Nitin Auto Mobile | AFM | Aonla,K22222HF100DS,3,Pcs.,556.15,1668.45
2026-07-14,26-27/01660/Hero,Nitin Auto Mobile | AFM | Aonla,K42423KCCZ600S,9,Pcs.,54.02,486.18
2026-07-14,26-27/01660/Hero,Nitin Auto Mobile | AFM | Aonla,K44448KTPF900S,10,Pcs.,41.31,413.1
2026-07-14,26-27/01660/Hero,Nitin Auto Mobile | AFM | Aonla,22201AAHA01S,200,Pcs.,47.67,9534.0
2026-07-14,26-27/01660/Hero,Nitin Auto Mobile | AFM | Aonla,K41412ACLA000S,1,Pcs.,858.05,858.05
2026-07-14,26-27/01660/Hero,Nitin Auto Mobile | AFM | Aonla,K41412ACLA000S,1,Pcs.,902.54,902.54
2026-07-14,26-27/01660/Hero,Nitin Auto Mobile | AFM | Aonla,18355KTCA20S,2,Pcs.,276.48,552.96
2026-07-14,26-27/01660/Hero,Nitin Auto Mobile | AFM | Aonla,41241KTC900S,4,Pcs.,19.06,76.24
2026-07-14,26-27/01660/Hero,Nitin Auto Mobile | AFM | Aonla,K42423KCCZ600S,1,Pcs.,54.02,54.02
2026-07-14,26-27/01661/Hero,Khan Auto Parts | AFM | Shahi,SPDMCYL02SS,100,Pcs.,216.1,21610.0
2026-07-14,26-27/01662/Hero,Pooja Spares | Chainsets | Gola,20K710S,30,Pcs.,440.68,13220.4
2026-07-14,26-27/01663/Hero,Sarthak Traders | AFM | Puranpur,SPDMCYL02SS,100,Pcs.,220.34,22034.0
2026-07-14,26-27/01664/Hero,Khandelwal Auto Parts,20K810S,50,Pcs.,436.44,21822.0
2026-07-14,26-27/01666/Hero,Sanjay Cycles | C B Ganj,20K710S,20,Pcs.,449.15,8983.0
2026-07-14,26-27/01667/Hero,Lodhi Motors | AFM | Fatehganj West,1450AACK000S,2,Pcs.,74.3,148.6
2026-07-14,26-27/01667/Hero,Lodhi Motors | AFM | Fatehganj West,1450AACK000S,1,Pcs.,84.43,84.43
2026-07-14,26-27/01667/Hero,Lodhi Motors | AFM | Fatehganj West,24211GF6000RS,2,Pcs.,192.75,385.5
2026-07-14,26-27/01667/Hero,Lodhi Motors | AFM | Fatehganj West,88110AAEH31S,2,Pcs.,118.2,236.4
2026-07-14,26-27/01667/Hero,Lodhi Motors | AFM | Fatehganj West,88110AAHH00S,2,Pcs.,108.06,216.12
2026-07-14,26-27/01667/Hero,Lodhi Motors | AFM | Fatehganj West,88120AAHH00S,2,Pcs.,108.06,216.12
2026-07-14,26-27/01668/Hero,Gangwar Service Center | AFM | Meerganj,14502086000RS,10,Pcs.,57.74,577.4
2026-07-14,26-27/01668/Hero,Gangwar Service Center | AFM | Meerganj,1450AACK000S,7,Pcs.,72.99,510.93
2026-07-14,26-27/01668/Hero,Gangwar Service Center | AFM | Meerganj,1450AACK000S,3,Pcs.,82.94,248.82
2026-07-14,26-27/01668/Hero,Gangwar Service Center | AFM | Meerganj,14610086000RS,9,Pcs.,57.74,519.66
2026-07-14,26-27/01668/Hero,Gangwar Service Center | AFM | Meerganj,14610086000RS,1,Pcs.,60.95,60.95
2026-07-14,26-27/01668/Hero,Gangwar Service Center | AFM | Meerganj,33K111S,4,Pcs.,386.5,1546.0
2026-07-14,26-27/01668/Hero,Gangwar Service Center | AFM | Meerganj,33K132S,4,Pcs.,450.86,1803.44
2026-07-14,26-27/01668/Hero,Gangwar Service Center | AFM | Meerganj,35100AAHA01S,1,Pcs.,398.13,398.13
2026-07-14,26-27/01668/Hero,Gangwar Service Center | AFM | Meerganj,35100AAHH50S,2,Pcs.,364.96,729.92
2026-07-14,26-27/01668/Hero,Gangwar Service Center | AFM | Meerganj,53140KTC900S,5,Pcs.,36.5,182.5
2026-07-14,26-27/01668/Hero,Gangwar Service Center | AFM | Meerganj,K14144AACK000S,1,Pcs.,275.24,275.24
2026-07-14,26-27/01668/Hero,Gangwar Service Center | AFM | Meerganj,K14144AACK000S,2,Pcs.,292.12,584.24
2026-07-14,26-27/01668/Hero,Gangwar Service Center | AFM | Meerganj,K14144AACK000S,7,Pcs.,311.59,2181.13
2026-07-14,26-27/01669/Hero,Delhi Auto Parts | AFM | Fatehagnj West,11321KWA940S,2,Pcs.,96.21,192.42
2026-07-14,26-27/01669/Hero,Delhi Auto Parts | AFM | Fatehagnj West,11321KWA940S,1,Pcs.,99.54,99.54
2026-07-14,26-27/01669/Hero,Delhi Auto Parts | AFM | Fatehagnj West,22201AAHA01S,28,Pcs.,46.38,1298.64
2026-07-14,26-27/01669/Hero,Delhi Auto Parts | AFM | Fatehagnj West,28110AADH40S,1,Pcs.,351.68,351.68
2026-07-14,26-27/01669/Hero,Delhi Auto Parts | AFM | Fatehagnj West,28110ACK010S,1,Pcs.,351.68,351.68
2026-07-14,26-27/01669/Hero,Delhi Auto Parts | AFM | Fatehagnj West,33K151S,5,Pcs.,447.54,2237.7
2026-07-14,26-27/01669/Hero,Delhi Auto Parts | AFM | Fatehagnj West,35010AAE201S,2,Pcs.,590.57,1181.14
2026-07-14,26-27/01669/Hero,Delhi Auto Parts | AFM | Fatehagnj West,35010AAE301S,2,Pcs.,564.03,1128.06
2026-07-14,26-27/01669/Hero,Delhi Auto Parts | AFM | Fatehagnj West,35010AAH100S,2,Pcs.,603.84,1207.68
2026-07-14,26-27/01669/Hero,Delhi Auto Parts | AFM | Fatehagnj West,35100AAC701S,2,Pcs.,321.83,643.66
2026-07-14,26-27/01669/Hero,Delhi Auto Parts | AFM | Fatehagnj West,35100AAE102S,3,Pcs.,301.92,905.76
2026-07-14,26-27/01669/Hero,Delhi Auto Parts | AFM | Fatehagnj West,35100AAE301S,3,Pcs.,381.55,1144.65
2026-07-14,26-27/01669/Hero,Delhi Auto Parts | AFM | Fatehagnj West,35100AAHA01S,2,Pcs.,398.13,796.26
2026-07-14,26-27/01669/Hero,Delhi Auto Parts | AFM | Fatehagnj West,35100ACK00099S,2,Pcs.,364.96,729.92
2026-07-14,26-27/01669/Hero,Delhi Auto Parts | AFM | Fatehagnj West,37800AAE30099S,3,Pcs.,315.19,945.57
2026-07-14,26-27/01669/Hero,Delhi Auto Parts | AFM | Fatehagnj West,45475AAHF00S,3,Pcs.,129.39,388.17
2026-07-14,26-27/01669/Hero,Delhi Auto Parts | AFM | Fatehagnj West,90231198000S,10,Pcs.,9.95,99.5
2026-07-14,26-27/01669/Hero,Delhi Auto Parts | AFM | Fatehagnj West,91005KWA940S,5,Pcs.,33.18,165.9
2026-07-14,26-27/01669/Hero,Delhi Auto Parts | AFM | Fatehagnj West,93600060160AS,10,Pcs.,1.32,13.2
2026-07-14,26-27/01669/Hero,Delhi Auto Parts | AFM | Fatehagnj West,K12121KZAAW00S,1,Pcs.,1473.58,1473.58
2026-07-14,26-27/01670/Hero,Saqlani Automobile | AFM | Nakatia,17910AAY001S,4,Pcs.,106.11,424.44
2026-07-14,26-27/01670/Hero,Saqlani Automobile | AFM | Nakatia,17910KCC900S,5,Pcs.,45.06,225.3
2026-07-14,26-27/01670/Hero,Saqlani Automobile | AFM | Nakatia,22121AANB01S,2,Pcs.,232.25,464.5
2026-07-14,26-27/01670/Hero,Saqlani Automobile | AFM | Nakatia,22321AAG501S,16,Pcs.,39.82,637.12
2026-07-14,26-27/01670/Hero,Saqlani Automobile | AFM | Nakatia,22350AANB01S,1,Pcs.,109.42,109.42
2026-07-14,26-27/01670/Hero,Saqlani Automobile | AFM | Nakatia,25K180S,1,Pcs.,279.14,279.14
2026-07-14,26-27/01670/Hero,Saqlani Automobile | AFM | Nakatia,25K180S,3,Pcs.,285.63,856.89
2026-07-14,26-27/01670/Hero,Saqlani Automobile | AFM | Nakatia,30700ACK00099S,2,Pcs.,63.04,126.08
2026-07-14,26-27/01670/Hero,Saqlani Automobile | AFM | Nakatia,30700ACK00099S,5,Pcs.,66.36,331.8
2026-07-14,26-27/01670/Hero,Saqlani Automobile | AFM | Nakatia,31210AAT011S,1,Pcs.,1055.06,1055.06
2026-07-14,26-27/01670/Hero,Saqlani Automobile | AFM | Nakatia,31210AAZ011S,2,Pcs.,1164.55,2329.1
2026-07-14,26-27/01670/Hero,Saqlani Automobile | AFM | Nakatia,35010AACH00S,1,Pcs.,743.18,743.18
2026-07-14,26-27/01670/Hero,Saqlani Automobile | AFM | Nakatia,35130AAD00099S,5,Pcs.,39.82,199.1
2026-07-14,26-27/01670/Hero,Saqlani Automobile | AFM | Nakatia,35150ABZ001S,1,Pcs.,218.97,218.97
2026-07-14,26-27/01670/Hero,Saqlani Automobile | AFM | Nakatia,35150KWA841S,3,Pcs.,89.58,268.74
2026-07-14,26-27/01670/Hero,Saqlani Automobile | AFM | Nakatia,35160KWP901S,10,Pcs.,43.13,431.3
2026-07-14,26-27/01670/Hero,Saqlani Automobile | AFM | Nakatia,35200KVT911S,3,Pcs.,36.5,109.5
2026-07-14,26-27/01670/Hero,Saqlani Automobile | AFM | Nakatia,35200KVT911S,1,Pcs.,39.82,39.82
2026-07-14,26-27/01670/Hero,Saqlani Automobile | AFM | Nakatia,37800ACK00099S,2,Pcs.,238.88,477.76
2026-07-14,26-27/01670/Hero,Saqlani Automobile | AFM | Nakatia,37800KWH962S,2,Pcs.,308.56,617.12
2026-07-14,26-27/01670/Hero,Saqlani Automobile | AFM | Nakatia,38502KSP910S,2,Pcs.,82.94,165.88
2026-07-14,26-27/01670/Hero,Saqlani Automobile | AFM | Nakatia,38502KSP910S,3,Pcs.,89.58,268.74
2026-07-14,26-27/01670/Hero,Saqlani Automobile | AFM | Nakatia,45125AAHF0099S,6,Pcs.,106.17,637.02
2026-07-14,26-27/01670/Hero,Saqlani Automobile | AFM | Nakatia,51410KTC901S,3,Pcs.,719.96,2159.88
2026-07-14,26-27/01670/Hero,Saqlani Automobile | AFM | Nakatia,51410KTC901S,3,Pcs.,756.46,2269.38
2026-07-14,26-27/01670/Hero,Saqlani Automobile | AFM | Nakatia,53105KRC900S,45,Pcs.,5.31,238.95
2026-07-14,26-27/01670/Hero,Saqlani Automobile | AFM | Nakatia,53178AAFH00S,4,Pcs.,66.36,265.44
2026-07-14,26-27/01670/Hero,Saqlani Automobile | AFM | Nakatia,K12121AAEE300S,1,Pcs.,1765.07,1765.07
2026-07-14,26-27/01670/Hero,Saqlani Automobile | AFM | Nakatia,K12121ACKA000S,1,Pcs.,1907.73,1907.73
2026-07-14,26-27/01670/Hero,Saqlani Automobile | AFM | Nakatia,1450AACK000S,10,Pcs.,82.94,829.4
2026-07-14,26-27/01670/Hero,Saqlani Automobile | AFM | Nakatia,17910AAW000S,5,Pcs.,103.45,517.25
2026-07-14,26-27/01670/Hero,Saqlani Automobile | AFM | Nakatia,22121AANB01S,2,Pcs.,232.25,464.5
2026-07-14,26-27/01670/Hero,Saqlani Automobile | AFM | Nakatia,22350AANB01S,2,Pcs.,102.78,205.56
2026-07-14,26-27/01670/Hero,Saqlani Automobile | AFM | Nakatia,22350AANB01S,1,Pcs.,109.42,109.42
2026-07-14,26-27/01670/Hero,Saqlani Automobile | AFM | Nakatia,25K180S,1,Pcs.,285.63,285.63
2026-07-14,26-27/01670/Hero,Saqlani Automobile | AFM | Nakatia,30700ACK00099S,2,Pcs.,63.04,126.08
2026-07-14,26-27/01670/Hero,Saqlani Automobile | AFM | Nakatia,30700ACK00099S,1,Pcs.,66.36,66.36
2026-07-14,26-27/01670/Hero,Saqlani Automobile | AFM | Nakatia,31916KPH90099S,50,Pcs.,97.0,4850.0
2026-07-14,26-27/01670/Hero,Saqlani Automobile | AFM | Nakatia,35010AACH00S,2,Pcs.,743.18,1486.36
2026-07-14,26-27/01670/Hero,Saqlani Automobile | AFM | Nakatia,35130AAD00099S,5,Pcs.,39.82,199.1
2026-07-14,26-27/01670/Hero,Saqlani Automobile | AFM | Nakatia,35150AAC811S,5,Pcs.,99.54,497.7
2026-07-14,26-27/01670/Hero,Saqlani Automobile | AFM | Nakatia,35150ABZ001S,1,Pcs.,218.97,218.97
2026-07-14,26-27/01670/Hero,Saqlani Automobile | AFM | Nakatia,35150KWA841S,2,Pcs.,89.58,179.16
2026-07-14,26-27/01670/Hero,Saqlani Automobile | AFM | Nakatia,35200KVT911S,3,Pcs.,36.5,109.5
2026-07-14,26-27/01670/Hero,Saqlani Automobile | AFM | Nakatia,35200KVT911S,3,Pcs.,39.82,119.46
2026-07-14,26-27/01670/Hero,Saqlani Automobile | AFM | Nakatia,42303AAC500S,10,Pcs.,43.13,431.3
2026-07-14,26-27/01670/Hero,Saqlani Automobile | AFM | Nakatia,43510ABZ010S,1,Pcs.,1323.8,1323.8
2026-07-14,26-27/01670/Hero,Saqlani Automobile | AFM | Nakatia,44830KTR700S,5,Pcs.,61.76,308.8
2026-07-14,26-27/01670/Hero,Saqlani Automobile | AFM | Nakatia,45125AAHF0099S,24,Pcs.,106.17,2548.08
2026-07-14,26-27/01670/Hero,Saqlani Automobile | AFM | Nakatia,53105KRC900S,55,Pcs.,5.31,292.05
2026-07-14,26-27/01670/Hero,Saqlani Automobile | AFM | Nakatia,53178AAFH00S,6,Pcs.,66.36,398.16
2026-07-14,26-27/01670/Hero,Saqlani Automobile | AFM | Nakatia,K22222KTCE900S,1,Pcs.,416.1,416.1
2026-07-14,26-27/01670/Hero,Saqlani Automobile | AFM | Nakatia,K22222KTCE900S,1,Pcs.,443.3,443.3
2026-07-15,26-27/01671/Hero,Pooja Spares | Chainsets | Gola,20K710S,20,Pcs.,440.68,8813.6
2026-07-15,26-27/01672/Hero,Rajeev Auto Mobile | AFM | Choupla,50500KTRA00S,5,Pcs.,273.31,1366.55
2026-07-15,26-27/01672/Hero,Rajeev Auto Mobile | AFM | Choupla,50500KTRA00S,5,Pcs.,273.31,1366.55
2026-07-15,26-27/01672/Hero,Rajeev Auto Mobile | AFM | Choupla,17211KWP900S,10,Pcs.,158.89,1588.9
2026-07-15,26-27/01672/Hero,Rajeev Auto Mobile | AFM | Choupla,14100KVE900S,2,Pcs.,619.7,1239.4
2026-07-15,26-27/01672/Hero,Rajeev Auto Mobile | AFM | Choupla,14430KSP910S,4,Pcs.,266.95,1067.8
2026-07-15,26-27/01672/Hero,Rajeev Auto Mobile | AFM | Choupla,22355KWS901S,8,Pcs.,123.94,991.52
2026-07-15,26-27/01672/Hero,Rajeev Auto Mobile | AFM | Choupla,24610KST940S,2,Pcs.,184.32,368.64
2026-07-15,26-27/01672/Hero,Rajeev Auto Mobile | AFM | Choupla,24610KST940S,3,Pcs.,193.85,581.55
2026-07-15,26-27/01672/Hero,Rajeev Auto Mobile | AFM | Choupla,24701KWA940S,1,Pcs.,122.67,122.67
2026-07-15,26-27/01672/Hero,Rajeev Auto Mobile | AFM | Choupla,24701KWA940S,3,Pcs.,136.65,409.95
2026-07-15,26-27/01672/Hero,Rajeev Auto Mobile | AFM | Choupla,24701KWA940S,1,Pcs.,139.83,139.83
2026-07-15,26-27/01672/Hero,Rajeev Auto Mobile | AFM | Choupla,25K170S,10,Pcs.,279.66,2796.6
2026-07-15,26-27/01672/Hero,Rajeev Auto Mobile | AFM | Choupla,35010AAEH00S,5,Pcs.,575.21,2876.05
2026-07-15,26-27/01672/Hero,Rajeev Auto Mobile | AFM | Choupla,42601198900S,1,Pcs.,675.0,675.0
2026-07-15,26-27/01672/Hero,Rajeev Auto Mobile | AFM | Choupla,52147KTC900S,20,Pcs.,31.78,635.6
2026-07-15,26-27/01672/Hero,Rajeev Auto Mobile | AFM | Choupla,K12121KZAAW00S,1,Pcs.,1312.5,1312.5
2026-07-15,26-27/01672/Hero,Rajeev Auto Mobile | AFM | Choupla,K12121KZAAW00S,1,Pcs.,1442.8,1442.8
2026-07-15,26-27/01672/Hero,Rajeev Auto Mobile | AFM | Choupla,17208AAT00099S,20,Pcs.,171.61,3432.2
2026-07-15,26-27/01672/Hero,Rajeev Auto Mobile | AFM | Choupla,22120KWS901S,10,Pcs.,146.19,1461.9
2026-07-15,26-27/01672/Hero,Rajeev Auto Mobile | AFM | Choupla,45450KCC900S,1,Pcs.,81.99,81.99
2026-07-15,26-27/01672/Hero,Rajeev Auto Mobile | AFM | Choupla,45450KCC900S,14,Pcs.,88.98,1245.72
2026-07-15,26-27/01672/Hero,Rajeev Auto Mobile | AFM | Choupla,45450KCC900S,5,Pcs.,95.34,476.7
2026-07-15,26-27/01673/Hero,R K Auto Parts | AFM | Bindaulia,14321AAD200S,3,Pcs.,48.94,146.82
2026-07-15,26-27/01673/Hero,R K Auto Parts | AFM | Bindaulia,14670035030LS,5,Pcs.,68.51,342.55
2026-07-15,26-27/01673/Hero,R K Auto Parts | AFM | Bindaulia,15650AACH00S,10,Pcs.,19.57,195.7
2026-07-15,26-27/01673/Hero,R K Auto Parts | AFM | Bindaulia,15651198900S,10,Pcs.,26.1,261.0
2026-07-15,26-27/01673/Hero,R K Auto Parts | AFM | Bindaulia,17213AACA0099S,5,Pcs.,114.2,571.0
2026-07-15,26-27/01673/Hero,R K Auto Parts | AFM | Bindaulia,22201GF6000S,40,Pcs.,65.26,2610.4
2026-07-15,26-27/01673/Hero,R K Auto Parts | AFM | Bindaulia,22810198000S,3,Pcs.,41.77,125.31
2026-07-15,26-27/01673/Hero,R K Auto Parts | AFM | Bindaulia,22815166000S,20,Pcs.,6.52,130.4
2026-07-15,26-27/01673/Hero,R K Auto Parts | AFM | Bindaulia,24430KST900S,5,Pcs.,55.46,277.3
2026-07-15,26-27/01673/Hero,R K Auto Parts | AFM | Bindaulia,35010AAE201S,1,Pcs.,577.5,577.5
2026-07-15,26-27/01673/Hero,R K Auto Parts | AFM | Bindaulia,35010AAEH00S,2,Pcs.,590.55,1181.1
2026-07-15,26-27/01673/Hero,R K Auto Parts | AFM | Bindaulia,35100AACH01S,1,Pcs.,332.79,332.79
2026-07-15,26-27/01673/Hero,R K Auto Parts | AFM | Bindaulia,35100AACH01S,2,Pcs.,342.59,685.18
2026-07-15,26-27/01673/Hero,R K Auto Parts | AFM | Bindaulia,35100ACK00099S,1,Pcs.,358.9,358.9
2026-07-15,26-27/01673/Hero,R K Auto Parts | AFM | Bindaulia,38501AAW30099S,5,Pcs.,104.4,522.0
2026-07-15,26-27/01673/Hero,R K Auto Parts | AFM | Bindaulia,44830KST940S,4,Pcs.,65.9,263.6
2026-07-15,26-27/01673/Hero,R K Auto Parts | AFM | Bindaulia,44830KST940S,1,Pcs.,71.78,71.78
2026-07-15,26-27/01673/Hero,R K Auto Parts | AFM | Bindaulia,45010KTC900S,1,Pcs.,411.76,411.76
2026-07-15,26-27/01673/Hero,R K Auto Parts | AFM | Bindaulia,45530KCC841S,1,Pcs.,202.29,202.29
2026-07-15,26-27/01673/Hero,R K Auto Parts | AFM | Bindaulia,961406301010S,4,Pcs.,75.04,300.16
2026-07-15,26-27/01673/Hero,R K Auto Parts | AFM | Bindaulia,961406301010S,2,Pcs.,71.78,143.56
2026-07-15,26-27/01673/Hero,R K Auto Parts | AFM | Bindaulia,80100AAE300S,1,Pcs.,760.21,760.21
2026-07-15,26-27/01674/Hero,Pooja Spares | Chainsets | Gola,20K710S,50,Pcs.,432.2,21610.0
2026-07-15,26-27/01675/Hero,Pooja Spares | Chainsets | Gola,20K710S,50,Pcs.,432.2,21610.0
2026-07-15,26-27/01676/Hero,Khandelwal Auto Parts,20K710S,50,Pcs.,436.44,21822.0
2026-07-15,26-27/01677/Hero,Irfan Auto (Haseeb) | AFM | Nawabganj,SPDMCYL02SS,60,Pcs.,216.1,12966.0
2026-07-15,26-27/01678/Hero,Gurunanak Hardwares | AFM | Madho Tanda,SPDMCYL02SS,40,Pcs.,224.58,8983.2
2026-07-15,26-27/01678/Hero,Gurunanak Hardwares | AFM | Madho Tanda,SPDMCYL09PPS,20,Pcs.,250.0,5000.0
2026-07-15,26-27/01679/Hero,Irfan Auto (Haseeb) | AFM | Nawabganj,SPDMCYL02SS,100,Pcs.,216.1,21610.0
2026-07-15,26-27/01680/Hero,Pooja Spares | Chainsets | Gola,20K710S,30,Pcs.,440.68,13220.4
2026-07-16,26-27/01681/Hero,R K Auto Parts | AFM | Bindaulia,SPDMCYL02SS,20,Pcs.,217.8,4356.0
2026-07-16,26-27/01682/Hero,Dayal Auto Spares | AFM | Nawabganj,20K710S,3,Pcs.,466.57,1399.71
2026-07-16,26-27/01682/Hero,Dayal Auto Spares | AFM | Nawabganj,35150AAC811S,5,Pcs.,101.31,506.55
2026-07-16,26-27/01682/Hero,Dayal Auto Spares | AFM | Nawabganj,38110KCC900S,4,Pcs.,162.1,648.4
2026-07-16,26-27/01682/Hero,Dayal Auto Spares | AFM | Nawabganj,38110KCC900S,1,Pcs.,165.48,165.48
2026-07-16,26-27/01682/Hero,Dayal Auto Spares | AFM | Nawabganj,50530KST940S,4,Pcs.,88.21,352.84
2026-07-16,26-27/01682/Hero,Dayal Auto Spares | AFM | Nawabganj,980565773800S,10,Pcs.,65.67,656.7
2026-07-16,26-27/01683/Hero,Jai Guru Dev Auto | AFM | Nawabganj,12209GB4685S,40,Pcs.,28.99,1159.6
2026-07-16,26-27/01683/Hero,Jai Guru Dev Auto | AFM | Nawabganj,22201AAHA01S,40,Pcs.,48.31,1932.4
2026-07-16,26-27/01683/Hero,Jai Guru Dev Auto | AFM | Nawabganj,35100AAHH50S,2,Pcs.,354.24,708.48
2026-07-16,26-27/01683/Hero,Jai Guru Dev Auto | AFM | Nawabganj,52147KTC900S,20,Pcs.,32.2,644.0
2026-07-16,26-27/01684/Hero,Haseeb Auto Parts | AFM | Nawabganj,12200AAE300S,1,Pcs.,1682.95,1682.95
2026-07-16,26-27/01684/Hero,Haseeb Auto Parts | AFM | Nawabganj,37200AAY011S,1,Pcs.,866.27,866.27
2026-07-16,26-27/01685/Hero,Riyaz Automobiles | AFM | Nawabganj,14401AAG00099S,2,Pcs.,201.24,402.48
2026-07-16,26-27/01685/Hero,Riyaz Automobiles | AFM | Nawabganj,14566086030S,20,Pcs.,6.41,128.2
2026-07-16,26-27/01685/Hero,Riyaz Automobiles | AFM | Nawabganj,17213AACA0099S,5,Pcs.,116.13,580.65
2026-07-16,26-27/01685/Hero,Riyaz Automobiles | AFM | Nawabganj,22201GF6000S,40,Pcs.,62.97,2518.8
2026-07-16,26-27/01685/Hero,Riyaz Automobiles | AFM | Nawabganj,35100AAG001S,1,Pcs.,444.59,444.59
2026-07-16,26-27/01685/Hero,Riyaz Automobiles | AFM | Nawabganj,41241KTC900S,12,Pcs.,17.65,211.8
2026-07-16,26-27/01685/Hero,Riyaz Automobiles | AFM | Nawabganj,41241KTC900S,28,Pcs.,19.24,538.72
2026-07-16,26-27/01685/Hero,Riyaz Automobiles | AFM | Nawabganj,43120365H70S,10,Pcs.,48.77,487.7
2026-07-16,26-27/01685/Hero,Riyaz Automobiles | AFM | Nawabganj,45125AAHF0099S,10,Pcs.,106.17,1061.7
2026-07-16,26-27/01685/Hero,Riyaz Automobiles | AFM | Nawabganj,91202302010S,20,Pcs.,13.27,265.4
2026-07-16,26-27/01686/Hero,Irfan Auto (Haseeb) | AFM | Nawabganj,3310AAAGH20S,6,Pcs.,492.72,2956.32
2026-07-16,26-27/01686/Hero,Irfan Auto (Haseeb) | AFM | Nawabganj,50400ADH800DS,1,Pcs.,711.69,711.69
2026-07-16,26-27/01686/Hero,Irfan Auto (Haseeb) | AFM | Nawabganj,50400ADH800DS,1,Pcs.,711.69,711.69
2026-07-16,26-27/01686/Hero,Irfan Auto (Haseeb) | AFM | Nawabganj,50400ADH800DS,1,Pcs.,711.69,711.69
2026-07-16,26-27/01686/Hero,Irfan Auto (Haseeb) | AFM | Nawabganj,50400ADH800DS,1,Pcs.,711.69,711.69
2026-07-16,26-27/01686/Hero,Irfan Auto (Haseeb) | AFM | Nawabganj,50400ADH800DS,1,Pcs.,711.69,711.69
2026-07-16,26-27/01686/Hero,Irfan Auto (Haseeb) | AFM | Nawabganj,61100KTCA20ZAS,2,Pcs.,750.34,1500.68
2026-07-16,26-27/01686/Hero,Irfan Auto (Haseeb) | AFM | Nawabganj,53100KCC710S,5,Pcs.,312.38,1561.9
2026-07-16,26-27/01686/Hero,Irfan Auto (Haseeb) | AFM | Nawabganj,K42426AAED230S,1,Pcs.,3877.28,3877.28
2026-07-16,26-27/01686/Hero,Irfan Auto (Haseeb) | AFM | Nawabganj,61100KTCA20ZAS,1,Pcs.,750.34,750.34
2026-07-16,26-27/01686/Hero,Irfan Auto (Haseeb) | AFM | Nawabganj,61301KTCA20RS,5,Pcs.,634.41,3172.05
2026-07-16,26-27/01686/Hero,Irfan Auto (Haseeb) | AFM | Nawabganj,83402ACK000S,5,Pcs.,88.88,444.4
2026-07-16,26-27/01686/Hero,Irfan Auto (Haseeb) | AFM | Nawabganj,22121AAHF01S,5,Pcs.,202.88,1014.4
2026-07-16,26-27/01686/Hero,Irfan Auto (Haseeb) | AFM | Nawabganj,22201AAHA01S,80,Pcs.,48.31,3864.8
2026-07-16,26-27/01686/Hero,Irfan Auto (Haseeb) | AFM | Nawabganj,22201GF6000S,40,Pcs.,64.41,2576.4
2026-07-16,26-27/01686/Hero,Irfan Auto (Haseeb) | AFM | Nawabganj,22311107000S,15,Pcs.,35.42,531.3
2026-07-16,26-27/01686/Hero,Irfan Auto (Haseeb) | AFM | Nawabganj,22870KWA940S,10,Pcs.,77.28,772.8
2026-07-16,26-27/01686/Hero,Irfan Auto (Haseeb) | AFM | Nawabganj,23471GN5910S,3,Pcs.,280.17,840.51
2026-07-16,26-27/01686/Hero,Irfan Auto (Haseeb) | AFM | Nawabganj,28110ACK010S,4,Pcs.,334.92,1339.68
2026-07-16,26-27/01686/Hero,Irfan Auto (Haseeb) | AFM | Nawabganj,28110ACK010S,1,Pcs.,341.35,341.35
2026-07-16,26-27/01686/Hero,Irfan Auto (Haseeb) | AFM | Nawabganj,28120KWA942S,2,Pcs.,418.65,837.3
2026-07-16,26-27/01686/Hero,Irfan Auto (Haseeb) | AFM | Nawabganj,35150AAC811S,5,Pcs.,96.61,483.05
2026-07-16,26-27/01686/Hero,Irfan Auto (Haseeb) | AFM | Nawabganj,35150AAF00099S,1,Pcs.,167.46,167.46
2026-07-16,26-27/01686/Hero,Irfan Auto (Haseeb) | AFM | Nawabganj,35150AAF00099S,4,Pcs.,206.11,824.44
2026-07-16,26-27/01686/Hero,Irfan Auto (Haseeb) | AFM | Nawabganj,40510AAE200S,3,Pcs.,196.44,589.32
2026-07-16,26-27/01686/Hero,Irfan Auto (Haseeb) | AFM | Nawabganj,43120365H70S,10,Pcs.,47.34,473.4
2026-07-16,26-27/01686/Hero,Irfan Auto (Haseeb) | AFM | Nawabganj,61312ACK000S,5,Pcs.,51.53,257.65
2026-07-16,26-27/01686/Hero,Irfan Auto (Haseeb) | AFM | Nawabganj,K22222HF100DS,4,Pcs.,627.96,2511.84
2026-07-16,26-27/01686/Hero,Irfan Auto (Haseeb) | AFM | Nawabganj,K86866AAGN500TS,5,Pcs.,109.49,547.45
2026-07-16,26-27/01686/Hero,Irfan Auto (Haseeb) | AFM | Nawabganj,3310AAAGH20S,4,Pcs.,492.72,1970.88
2026-07-16,26-27/01687/Hero,Haseeb Auto Parts | AFM | Nawabganj,61000AAGA00RS,1,Pcs.,895.26,895.26
2026-07-16,26-27/01687/Hero,Haseeb Auto Parts | AFM | Nawabganj,61000AAGA00RS,1,Pcs.,895.26,895.26
2026-07-16,26-27/01687/Hero,Haseeb Auto Parts | AFM | Nawabganj,61100KTCA20ZAS,2,Pcs.,750.34,1500.68
2026-07-16,26-27/01687/Hero,Haseeb Auto Parts | AFM | Nawabganj,50500KTRA00S,1,Pcs.,276.95,276.95
2026-07-16,26-27/01687/Hero,Haseeb Auto Parts | AFM | Nawabganj,50500KTRA00S,1,Pcs.,276.95,276.95
2026-07-16,26-27/01687/Hero,Haseeb Auto Parts | AFM | Nawabganj,40520AAT000S,2,Pcs.,126.88,253.76
2026-07-16,26-27/01687/Hero,Haseeb Auto Parts | AFM | Nawabganj,40510AAT000S,2,Pcs.,144.92,289.84
2026-07-16,26-27/01687/Hero,Haseeb Auto Parts | AFM | Nawabganj,33K151S,10,Pcs.,450.85,4508.5
2026-07-16,26-27/01687/Hero,Haseeb Auto Parts | AFM | Nawabganj,31120AAN501S,2,Pcs.,747.12,1494.24
2026-07-16,26-27/01687/Hero,Haseeb Auto Parts | AFM | Nawabganj,31210ACK01099S,2,Pcs.,1719.66,3439.32
2026-07-16,26-27/01687/Hero,Haseeb Auto Parts | AFM | Nawabganj,3340AKWA931S,2,Pcs.,157.8,315.6
2026-07-16,26-27/01687/Hero,Haseeb Auto Parts | AFM | Nawabganj,3345AKWA931S,3,Pcs.,122.38,367.14
2026-07-16,26-27/01687/Hero,Haseeb Auto Parts | AFM | Nawabganj,3345AKWA931S,1,Pcs.,157.8,157.8
2026-07-16,26-27/01687/Hero,Haseeb Auto Parts | AFM | Nawabganj,35100AAC801S,2,Pcs.,344.58,689.16
2026-07-16,26-27/01687/Hero,Haseeb Auto Parts | AFM | Nawabganj,35100AAGH21S,3,Pcs.,431.53,1294.59
2026-07-16,26-27/01687/Hero,Haseeb Auto Parts | AFM | Nawabganj,35100AAHH50S,1,Pcs.,383.22,383.22
2026-07-16,26-27/01687/Hero,Haseeb Auto Parts | AFM | Nawabganj,35100ACK00099S,5,Pcs.,354.24,1771.2
2026-07-16,26-27/01687/Hero,Haseeb Auto Parts | AFM | Nawabganj,40510AAE200S,2,Pcs.,196.44,392.88
2026-07-16,26-27/01687/Hero,Haseeb Auto Parts | AFM | Nawabganj,4052AAAE200S,2,Pcs.,196.44,392.88
2026-07-16,26-27/01687/Hero,Haseeb Auto Parts | AFM | Nawabganj,42611KST940S,2,Pcs.,238.31,476.62
2026-07-16,26-27/01687/Hero,Haseeb Auto Parts | AFM | Nawabganj,53200KCC690S,1,Pcs.,605.42,605.42
2026-07-16,26-27/01687/Hero,Haseeb Auto Parts | AFM | Nawabganj,12209GB4685S,100,Pcs.,32.2,3220.0
2026-07-16,26-27/01687/Hero,Haseeb Auto Parts | AFM | Nawabganj,14311ACK000S,10,Pcs.,41.86,418.6
2026-07-16,26-27/01687/Hero,Haseeb Auto Parts | AFM | Nawabganj,14502086000RS,20,Pcs.,57.96,1159.2
2026-07-16,26-27/01687/Hero,Haseeb Auto Parts | AFM | Nawabganj,1450AACK000S,3,Pcs.,77.28,231.84
2026-07-16,26-27/01687/Hero,Haseeb Auto Parts | AFM | Nawabganj,1450AACK000S,17,Pcs.,80.51,1368.67
2026-07-16,26-27/01687/Hero,Haseeb Auto Parts | AFM | Nawabganj,14566086030S,80,Pcs.,6.44,515.2
2026-07-16,26-27/01687/Hero,Haseeb Auto Parts | AFM | Nawabganj,14610086000RS,40,Pcs.,61.19,2447.6
2026-07-16,26-27/01687/Hero,Haseeb Auto Parts | AFM | Nawabganj,14670ACK000S,20,Pcs.,32.2,644.0
2026-07-16,26-27/01687/Hero,Haseeb Auto Parts | AFM | Nawabganj,15100AAT000S,3,Pcs.,231.86,695.58
2026-07-16,26-27/01687/Hero,Haseeb Auto Parts | AFM | Nawabganj,15421035010S,20,Pcs.,38.65,773.0
2026-07-16,26-27/01687/Hero,Haseeb Auto Parts | AFM | Nawabganj,16100KWH762S,1,Pcs.,1449.15,1449.15
2026-07-16,26-27/01687/Hero,Haseeb Auto Parts | AFM | Nawabganj,16450AAL901S,3,Pcs.,808.31,2424.93
2026-07-16,26-27/01687/Hero,Haseeb Auto Parts | AFM | Nawabganj,17910KTC900S,5,Pcs.,70.85,354.25
2026-07-16,26-27/01687/Hero,Haseeb Auto Parts | AFM | Nawabganj,21K201S,1,Pcs.,1983.73,1983.73
2026-07-16,26-27/01687/Hero,Haseeb Auto Parts | AFM | Nawabganj,23431GN5910S,3,Pcs.,463.73,1391.19
2026-07-16,26-27/01687/Hero,Haseeb Auto Parts | AFM | Nawabganj,23481HF7000S,2,Pcs.,209.32,418.64
2026-07-16,26-27/01687/Hero,Haseeb Auto Parts | AFM | Nawabganj,24211GF6000RS,10,Pcs.,209.32,2093.2
2026-07-16,26-27/01687/Hero,Haseeb Auto Parts | AFM | Nawabganj,24430KST900S,20,Pcs.,54.74,1094.8
2026-07-16,26-27/01687/Hero,Haseeb Auto Parts | AFM | Nawabganj,31120AAN501S,1,Pcs.,747.12,747.12
2026-07-16,26-27/01687/Hero,Haseeb Auto Parts | AFM | Nawabganj,3310AAAGH20S,2,Pcs.,492.72,985.44
2026-07-16,26-27/01687/Hero,Haseeb Auto Parts | AFM | Nawabganj,3340AKWA931S,2,Pcs.,157.8,315.6
2026-07-16,26-27/01687/Hero,Haseeb Auto Parts | AFM | Nawabganj,33703AAHA010099S,2,Pcs.,109.49,218.98
2026-07-16,26-27/01687/Hero,Haseeb Auto Parts | AFM | Nawabganj,35100AAC801S,1,Pcs.,344.58,344.58
2026-07-16,26-27/01687/Hero,Haseeb Auto Parts | AFM | Nawabganj,35100AAHH50S,2,Pcs.,383.22,766.44
2026-07-16,26-27/01687/Hero,Haseeb Auto Parts | AFM | Nawabganj,44830KST940S,5,Pcs.,65.05,325.25
2026-07-16,26-27/01687/Hero,Haseeb Auto Parts | AFM | Nawabganj,K22222KTCE900S,3,Pcs.,424.44,1273.32
2026-07-16,26-27/01687/Hero,Haseeb Auto Parts | AFM | Nawabganj,20K211S,10,Pcs.,495.93,4959.3
2026-07-16,26-27/01687/Hero,Haseeb Auto Parts | AFM | Nawabganj,35100AAE301S,5,Pcs.,370.34,1851.7
2026-07-16,26-27/01688/Hero,Shadab Auto Parts | AFM | Nawabganj,80120AACH30S,5,Pcs.,348.31,1741.55
2026-07-16,26-27/01688/Hero,Shadab Auto Parts | AFM | Nawabganj,80100KWH970S,2,Pcs.,463.98,927.96
2026-07-16,26-27/01688/Hero,Shadab Auto Parts | AFM | Nawabganj,80100KWH970S,2,Pcs.,463.98,927.96
2026-07-16,26-27/01688/Hero,Shadab Auto Parts | AFM | Nawabganj,50621ABS200S,1,Pcs.,172.24,172.24
2026-07-16,26-27/01688/Hero,Shadab Auto Parts | AFM | Nawabganj,33K111S,10,Pcs.,386.44,3864.4
2026-07-16,26-27/01688/Hero,Shadab Auto Parts | AFM | Nawabganj,K40405KWAG930S,1,Pcs.,333.69,333.69
2026-07-16,26-27/01688/Hero,Shadab Auto Parts | AFM | Nawabganj,16700AAE300S,2,Pcs.,1929.02,3858.04
2026-07-16,26-27/01688/Hero,Shadab Auto Parts | AFM | Nawabganj,3310BAAY001S,1,Pcs.,400.43,400.43
2026-07-16,26-27/01688/Hero,Shadab Auto Parts | AFM | Nawabganj,3345BABS201S,1,Pcs.,746.82,746.82
2026-07-16,26-27/01688/Hero,Shadab Auto Parts | AFM | Nawabganj,35010AAW011S,1,Pcs.,498.94,498.94
2026-07-16,26-27/01688/Hero,Shadab Auto Parts | AFM | Nawabganj,35010AAW011S,1,Pcs.,540.26,540.26
2026-07-16,26-27/01688/Hero,Shadab Auto Parts | AFM | Nawabganj,42611KTC900S,1,Pcs.,272.03,272.03
2026-07-16,26-27/01688/Hero,Shadab Auto Parts | AFM | Nawabganj,42611KTC900S,3,Pcs.,324.15,972.45
2026-07-16,26-27/01688/Hero,Shadab Auto Parts | AFM | Nawabganj,52400KWA90099S,4,Pcs.,680.09,2720.36
2026-07-16,26-27/01688/Hero,Shadab Auto Parts | AFM | Nawabganj,22815166000S,90,Pcs.,6.35,571.5
2026-07-16,26-27/01688/Hero,Shadab Auto Parts | AFM | Nawabganj,28110AADH40S,5,Pcs.,336.86,1684.3
2026-07-16,26-27/01688/Hero,Shadab Auto Parts | AFM | Nawabganj,28110ACK010S,5,Pcs.,336.86,1684.3
2026-07-16,26-27/01688/Hero,Shadab Auto Parts | AFM | Nawabganj,3310BAAY001S,1,Pcs.,400.43,400.43
2026-07-16,26-27/01688/Hero,Shadab Auto Parts | AFM | Nawabganj,3370BAAGA0099S,1,Pcs.,359.11,359.11
2026-07-16,26-27/01688/Hero,Shadab Auto Parts | AFM | Nawabganj,37100AAF041S,1,Pcs.,1239.4,1239.4
2026-07-16,26-27/01688/Hero,Shadab Auto Parts | AFM | Nawabganj,42611KTC900S,1,Pcs.,324.15,324.15
2026-07-16,26-27/01688/Hero,Shadab Auto Parts | AFM | Nawabganj,43550AAZ310S,3,Pcs.,50.85,152.55
2026-07-16,26-27/01688/Hero,Shadab Auto Parts | AFM | Nawabganj,53168AAW000S,1,Pcs.,108.05,108.05
2026-07-16,26-27/01688/Hero,Shadab Auto Parts | AFM | Nawabganj,53172AAL100S,1,Pcs.,95.34,95.34
2026-07-16,26-27/01688/Hero,Shadab Auto Parts | AFM | Nawabganj,61313KCC900S,5,Pcs.,31.78,158.9
2026-07-16,26-27/01688/Hero,Shadab Auto Parts | AFM | Nawabganj,61314KCC900S,8,Pcs.,34.96,279.68
2026-07-16,26-27/01688/Hero,Shadab Auto Parts | AFM | Nawabganj,88110ABS010S,1,Pcs.,133.48,133.48
2026-07-16,26-27/01688/Hero,Shadab Auto Parts | AFM | Nawabganj,88120ABS010S,1,Pcs.,133.48,133.48
2026-07-16,26-27/01688/Hero,Shadab Auto Parts | AFM | Nawabganj,14670035030LS,100,Pcs.,66.73,6673.0
2026-07-16,26-27/01688/Hero,Shadab Auto Parts | AFM | Nawabganj,21K270S,1,Pcs.,1709.74,1709.74
2026-07-16,26-27/01688/Hero,Shadab Auto Parts | AFM | Nawabganj,22815166000S,10,Pcs.,6.35,63.5
2026-07-16,26-27/01688/Hero,Shadab Auto Parts | AFM | Nawabganj,43550AAZ310S,2,Pcs.,50.85,101.7
2026-07-16,26-27/01688/Hero,Shadab Auto Parts | AFM | Nawabganj,53168AAW000S,1,Pcs.,108.05,108.05
2026-07-16,26-27/01688/Hero,Shadab Auto Parts | AFM | Nawabganj,53172AAL100S,1,Pcs.,95.34,95.34
2026-07-16,26-27/01688/Hero,Shadab Auto Parts | AFM | Nawabganj,61313KCC900S,5,Pcs.,31.78,158.9
2026-07-16,26-27/01688/Hero,Shadab Auto Parts | AFM | Nawabganj,61314KCC900S,2,Pcs.,34.96,69.92
2026-07-16,26-27/01688/Hero,Shadab Auto Parts | AFM | Nawabganj,20K211S,10,Pcs.,489.4,4894.0
2026-07-16,26-27/01688/Hero,Shadab Auto Parts | AFM | Nawabganj,64309ABS000RS,1,Pcs.,886.65,886.65
2026-07-16,26-27/01688/Hero,Shadab Auto Parts | AFM | Nawabganj,64309ABS000TS,1,Pcs.,870.77,870.77
2026-07-16,26-27/01688/Hero,Shadab Auto Parts | AFM | Nawabganj,77235AAG300RS,1,Pcs.,168.44,168.44
2026-07-16,26-27/01688/Hero,Shadab Auto Parts | AFM | Nawabganj,6433AABS200RS,1,Pcs.,552.97,552.97
2026-07-16,26-27/01688/Hero,Shadab Auto Parts | AFM | Nawabganj,23461GK4760S,10,Pcs.,286.02,2860.2
2026-07-16,26-27/01689/Hero,Dharamveer Auto Parts | AFM | Faridpur,83401KCC900SPROS,5,Pcs.,194.91,974.55
2026-07-16,26-27/01690/Hero,Dharamveer Auto Parts | AFM | Faridpur,83401KCC900SPROS,5,Pcs.,194.91,974.55
2026-07-16,26-27/01691/Hero,Dharamveer Auto Parts | AFM | Faridpur,SPDMCYL02SS,20,Pcs.,217.8,4356.0
2026-07-16,26-27/01692/Hero,Dharamveer Auto Parts | AFM | Faridpur,33741KST920S,20,Pcs.,20.26,405.2
2026-07-16,26-27/01692/Hero,Dharamveer Auto Parts | AFM | Faridpur,83410AAH100RS,2,Pcs.,462.67,925.34
2026-07-16,26-27/01692/Hero,Dharamveer Auto Parts | AFM | Faridpur,91255ABZ000S,4,Pcs.,87.81,351.24
2026-07-16,26-27/01693/Hero,Raza Auto Parts | AFM | Faridpur,16450AAL901S,1,Pcs.,832.77,832.77
2026-07-16,26-27/01693/Hero,Raza Auto Parts | AFM | Faridpur,20K211S,2,Pcs.,472.39,944.78
2026-07-16,26-27/01693/Hero,Raza Auto Parts | AFM | Faridpur,20K211S,3,Pcs.,492.3,1476.9
2026-07-16,26-27/01693/Hero,Raza Auto Parts | AFM | Faridpur,22201AAHA01S,20,Pcs.,46.38,927.6
2026-07-16,26-27/01693/Hero,Raza Auto Parts | AFM | Faridpur,2830AKWH760S,1,Pcs.,262.77,262.77
2026-07-16,26-27/01693/Hero,Raza Auto Parts | AFM | Faridpur,32100AAD010S,1,Pcs.,779.68,779.68
2026-07-16,26-27/01693/Hero,Raza Auto Parts | AFM | Faridpur,35010AAHA01S,1,Pcs.,640.34,640.34
2026-07-16,26-27/01693/Hero,Raza Auto Parts | AFM | Faridpur,35010ACK00099S,1,Pcs.,660.24,660.24
2026-07-16,26-27/01693/Hero,Raza Auto Parts | AFM | Faridpur,61311AAC200S,2,Pcs.,218.97,437.94
2026-07-16,26-27/01693/Hero,Raza Auto Parts | AFM | Faridpur,61311KCC840S,2,Pcs.,116.13,232.26
2026-07-16,26-27/01693/Hero,Raza Auto Parts | AFM | Faridpur,K12121ACKA000S,1,Pcs.,1907.73,1907.73
2026-07-16,26-27/01693/Hero,Raza Auto Parts | AFM | Faridpur,K22221AAN125S,1,Pcs.,957.56,957.56
2026-07-16,26-27/01693/Hero,Raza Auto Parts | AFM | Faridpur,K22222HF100DS,2,Pcs.,625.78,1251.56
2026-07-16,26-27/01693/Hero,Raza Auto Parts | AFM | Faridpur,K22222KTRK000S,1,Pcs.,882.09,882.09
2026-07-16,26-27/01693/Hero,Raza Auto Parts | AFM | Faridpur,K41412AANNB00S,1,Pcs.,538.75,538.75
2026-07-16,26-27/01693/Hero,Raza Auto Parts | AFM | Faridpur,14430AANB00S,1,Pcs.,189.12,189.12
2026-07-16,26-27/01693/Hero,Raza Auto Parts | AFM | Faridpur,16450ACK000S,1,Pcs.,806.22,806.22
2026-07-16,26-27/01693/Hero,Raza Auto Parts | AFM | Faridpur,24211GF6000RS,2,Pcs.,189.25,378.5
2026-07-16,26-27/01693/Hero,Raza Auto Parts | AFM | Faridpur,24301198900S,1,Pcs.,769.73,769.73
2026-07-16,26-27/01693/Hero,Raza Auto Parts | AFM | Faridpur,28302KAG900S,5,Pcs.,79.62,398.1
2026-07-16,26-27/01693/Hero,Raza Auto Parts | AFM | Faridpur,35010AACH00S,1,Pcs.,686.79,686.79
2026-07-16,26-27/01693/Hero,Raza Auto Parts | AFM | Faridpur,52147KTC900S,10,Pcs.,33.18,331.8
2026-07-16,26-27/01693/Hero,Raza Auto Parts | AFM | Faridpur,83515KTCA20S,1,Pcs.,63.71,63.71
2026-07-16,26-27/01693/Hero,Raza Auto Parts | AFM | Faridpur,83515KTCA20S,1,Pcs.,76.31,76.31
2026-07-16,26-27/01693/Hero,Raza Auto Parts | AFM | Faridpur,K40405KWAG930S,1,Pcs.,336.81,336.81
2026-07-16,26-27/01693/Hero,Raza Auto Parts | AFM | Faridpur,52110KST940S,1,Pcs.,690.11,690.11
2026-07-16,26-27/01693/Hero,Raza Auto Parts | AFM | Faridpur,K44446AAFB040S,1,Pcs.,2813.49,2813.49
2026-07-16,26-27/01694/Hero,Dharamveer Auto Parts | AFM | Faridpur,ACKEA7B000000GS,5,Pcs.,627.11,3135.55
2026-07-16,26-27/01695/Hero,Sameer Auto Parts | AFM | Faridpur,22201GF6000S,16,Pcs.,64.41,1030.56
2026-07-16,26-27/01695/Hero,Sameer Auto Parts | AFM | Faridpur,31201KG8004S,2,Pcs.,156.51,313.02
2026-07-16,26-27/01695/Hero,Sameer Auto Parts | AFM | Faridpur,3340AKWA931S,1,Pcs.,157.8,157.8
2026-07-16,26-27/01695/Hero,Sameer Auto Parts | AFM | Faridpur,61100KST940ZAS,2,Pcs.,537.8,1075.6
2026-07-16,26-27/01695/Hero,Sameer Auto Parts | AFM | Faridpur,83401KCC900SS,2,Pcs.,437.96,875.92
2026-07-16,26-27/01695/Hero,Sameer Auto Parts | AFM | Faridpur,961406301010S,10,Pcs.,74.07,740.7
2026-07-16,26-27/01695/Hero,Sameer Auto Parts | AFM | Faridpur,61100KST940ZAPROS,5,Pcs.,225.42,1127.1
2026-07-16,26-27/01695/Hero,Sameer Auto Parts | AFM | Faridpur,83600AAE200SS,1,Pcs.,454.07,454.07
2026-07-16,26-27/01695/Hero,Sameer Auto Parts | AFM | Faridpur,83500AAE200SS,1,Pcs.,528.14,528.14
2026-07-16,26-27/01695/Hero,Sameer Auto Parts | AFM | Faridpur,50500KTRA00S,1,Pcs.,276.95,276.95
2026-07-16,26-27/01695/Hero,Sameer Auto Parts | AFM | Faridpur,50500KTRA00S,1,Pcs.,276.95,276.95
2026-07-16,26-27/01695/Hero,Sameer Auto Parts | AFM | Faridpur,11394AAH00099S,4,Pcs.,48.31,193.24
2026-07-16,26-27/01695/Hero,Sameer Auto Parts | AFM | Faridpur,11395ACK01099S,3,Pcs.,35.42,106.26
2026-07-16,26-27/01695/Hero,Sameer Auto Parts | AFM | Faridpur,22350115020S,2,Pcs.,122.38,244.76
2026-07-16,26-27/01695/Hero,Sameer Auto Parts | AFM | Faridpur,30700098150S,1,Pcs.,67.62,67.62
2026-07-16,26-27/01695/Hero,Sameer Auto Parts | AFM | Faridpur,33400KCC710PROS,6,Pcs.,84.74,508.44
2026-07-16,26-27/01695/Hero,Sameer Auto Parts | AFM | Faridpur,33400KCC710S,1,Pcs.,177.12,177.12
2026-07-16,26-27/01695/Hero,Sameer Auto Parts | AFM | Faridpur,33450KCC710S,2,Pcs.,141.69,283.38
2026-07-16,26-27/01695/Hero,Sameer Auto Parts | AFM | Faridpur,3345AKWA931S,1,Pcs.,122.38,122.38
2026-07-16,26-27/01695/Hero,Sameer Auto Parts | AFM | Faridpur,41241GB4770S,4,Pcs.,12.88,51.52
2026-07-16,26-27/01695/Hero,Sameer Auto Parts | AFM | Faridpur,41241KTC900S,8,Pcs.,17.72,141.76
2026-07-16,26-27/01695/Hero,Sameer Auto Parts | AFM | Faridpur,43120365H70S,6,Pcs.,57.96,347.76
2026-07-16,26-27/01695/Hero,Sameer Auto Parts | AFM | Faridpur,44830KST940S,3,Pcs.,65.05,195.15
2026-07-16,26-27/01695/Hero,Sameer Auto Parts | AFM | Faridpur,45125KCCH00S,2,Pcs.,53.14,106.28
2026-07-16,26-27/01695/Hero,Sameer Auto Parts | AFM | Faridpur,45451AAF400S,10,Pcs.,9.66,96.6
2026-07-16,26-27/01695/Hero,Sameer Auto Parts | AFM | Faridpur,83401KCC900SS,1,Pcs.,437.96,437.96
2026-07-16,26-27/01695/Hero,Sameer Auto Parts | AFM | Faridpur,91001GF6000S,6,Pcs.,128.81,772.86
2026-07-16,26-27/01695/Hero,Sameer Auto Parts | AFM | Faridpur,K83834AAEAH00SS,3,Pcs.,112.72,338.16
2026-07-16,26-27/01695/Hero,Sameer Auto Parts | AFM | Faridpur,1450AACK000S,2,Pcs.,80.51,161.02
2026-07-16,26-27/01695/Hero,Sameer Auto Parts | AFM | Faridpur,14550GB0910RS,4,Pcs.,67.62,270.48
2026-07-16,26-27/01695/Hero,Sameer Auto Parts | AFM | Faridpur,15100KCC900S,2,Pcs.,247.96,495.92
2026-07-16,26-27/01695/Hero,Sameer Auto Parts | AFM | Faridpur,21K190S,1,Pcs.,1288.14,1288.14
2026-07-16,26-27/01695/Hero,Sameer Auto Parts | AFM | Faridpur,22201AAHA01S,16,Pcs.,48.31,772.96
2026-07-16,26-27/01695/Hero,Sameer Auto Parts | AFM | Faridpur,22350115020S,2,Pcs.,122.38,244.76
2026-07-16,26-27/01695/Hero,Sameer Auto Parts | AFM | Faridpur,24211GF6000RS,3,Pcs.,190.0,570.0
2026-07-16,26-27/01695/Hero,Sameer Auto Parts | AFM | Faridpur,24701KWA940S,1,Pcs.,141.69,141.69
2026-07-16,26-27/01695/Hero,Sameer Auto Parts | AFM | Faridpur,28120KWA942S,1,Pcs.,444.41,444.41
2026-07-16,26-27/01695/Hero,Sameer Auto Parts | AFM | Faridpur,28302KAG900S,5,Pcs.,77.28,386.4
2026-07-16,26-27/01695/Hero,Sameer Auto Parts | AFM | Faridpur,30700098150S,6,Pcs.,65.69,394.14
2026-07-16,26-27/01695/Hero,Sameer Auto Parts | AFM | Faridpur,30700098150S,2,Pcs.,67.62,135.24
2026-07-16,26-27/01695/Hero,Sameer Auto Parts | AFM | Faridpur,33400KCC710PROS,4,Pcs.,84.74,338.96
2026-07-16,26-27/01695/Hero,Sameer Auto Parts | AFM | Faridpur,33400KCC710S,2,Pcs.,177.12,354.24
2026-07-16,26-27/01695/Hero,Sameer Auto Parts | AFM | Faridpur,3340AKWA931S,1,Pcs.,157.8,157.8
2026-07-16,26-27/01695/Hero,Sameer Auto Parts | AFM | Faridpur,3345AKWA931S,1,Pcs.,122.38,122.38
2026-07-16,26-27/01695/Hero,Sameer Auto Parts | AFM | Faridpur,33K111S,2,Pcs.,391.59,783.18
2026-07-16,26-27/01695/Hero,Sameer Auto Parts | AFM | Faridpur,33K111S,2,Pcs.,412.2,824.4
2026-07-16,26-27/01695/Hero,Sameer Auto Parts | AFM | Faridpur,33K112S,2,Pcs.,394.81,789.62
2026-07-16,26-27/01695/Hero,Sameer Auto Parts | AFM | Faridpur,33K112S,1,Pcs.,441.19,441.19
2026-07-16,26-27/01695/Hero,Sameer Auto Parts | AFM | Faridpur,35100AAE102S,2,Pcs.,293.05,586.1
2026-07-16,26-27/01695/Hero,Sameer Auto Parts | AFM | Faridpur,35150AAF00099S,1,Pcs.,206.11,206.11
2026-07-16,26-27/01695/Hero,Sameer Auto Parts | AFM | Faridpur,37800KWH962S,1,Pcs.,299.49,299.49
2026-07-16,26-27/01695/Hero,Sameer Auto Parts | AFM | Faridpur,41241GB4770S,16,Pcs.,12.88,206.08
2026-07-16,26-27/01695/Hero,Sameer Auto Parts | AFM | Faridpur,41241KTC900S,12,Pcs.,17.72,212.64
2026-07-16,26-27/01695/Hero,Sameer Auto Parts | AFM | Faridpur,43120365H70S,10,Pcs.,57.96,579.6
2026-07-16,26-27/01695/Hero,Sameer Auto Parts | AFM | Faridpur,44830KST940S,2,Pcs.,65.05,130.1
2026-07-16,26-27/01695/Hero,Sameer Auto Parts | AFM | Faridpur,45010KTC900S,1,Pcs.,406.41,406.41
2026-07-16,26-27/01695/Hero,Sameer Auto Parts | AFM | Faridpur,45125KCCH00S,2,Pcs.,53.14,106.28
2026-07-16,26-27/01695/Hero,Sameer Auto Parts | AFM | Faridpur,45125KCCH00S,2,Pcs.,61.19,122.38
2026-07-16,26-27/01695/Hero,Sameer Auto Parts | AFM | Faridpur,961406301010S,5,Pcs.,74.07,370.35
2026-07-16,26-27/01695/Hero,Sameer Auto Parts | AFM | Faridpur,980565773800S,10,Pcs.,52.21,522.1
2026-07-16,26-27/01695/Hero,Sameer Auto Parts | AFM | Faridpur,1450AACK000S,1,Pcs.,80.51,80.51
2026-07-16,26-27/01695/Hero,Sameer Auto Parts | AFM | Faridpur,21K190S,1,Pcs.,1352.54,1352.54
2026-07-16,26-27/01695/Hero,Sameer Auto Parts | AFM | Faridpur,30700098150S,1,Pcs.,65.69,65.69
2026-07-16,26-27/01695/Hero,Sameer Auto Parts | AFM | Faridpur,45125KCCH00S,6,Pcs.,64.41,386.46
2026-07-16,26-27/01695/Hero,Sameer Auto Parts | AFM | Faridpur,77400AAE100SS,2,Pcs.,363.89,727.78
2026-07-16,26-27/01696/Hero,Kailash Automobile | AFM | Puranpur,16100KTCA21S,1,Pcs.,1543.47,1543.47
2026-07-16,26-27/01696/Hero,Kailash Automobile | AFM | Puranpur,22350115020S,1,Pcs.,125.6,125.6
2026-07-16,26-27/01696/Hero,Kailash Automobile | AFM | Puranpur,24610KST940S,1,Pcs.,176.49,176.49
2026-07-16,26-27/01696/Hero,Kailash Automobile | AFM | Puranpur,24610KST940S,1,Pcs.,191.69,191.69
2026-07-16,26-27/01696/Hero,Kailash Automobile | AFM | Puranpur,25K170S,5,Pcs.,313.98,1569.9
2026-07-16,26-27/01696/Hero,Kailash Automobile | AFM | Puranpur,31120AAC201S,2,Pcs.,786.61,1573.22
2026-07-16,26-27/01696/Hero,Kailash Automobile | AFM | Puranpur,3310AAAGH20S,2,Pcs.,505.68,1011.36
2026-07-16,26-27/01696/Hero,Kailash Automobile | AFM | Puranpur,3310BAAFH01S,1,Pcs.,525.51,525.51
2026-07-16,26-27/01696/Hero,Kailash Automobile | AFM | Puranpur,3310BKCC710AS,4,Pcs.,370.17,1480.68
2026-07-16,26-27/01696/Hero,Kailash Automobile | AFM | Puranpur,35010AAE301S,3,Pcs.,561.87,1685.61
2026-07-16,26-27/01696/Hero,Kailash Automobile | AFM | Puranpur,37211KTCA21S,2,Pcs.,237.96,475.92
2026-07-16,26-27/01696/Hero,Kailash Automobile | AFM | Puranpur,37800KWH962S,2,Pcs.,307.38,614.76
2026-07-16,26-27/01696/Hero,Kailash Automobile | AFM | Puranpur,43100153600HS,1,Pcs.,396.61,396.61
2026-07-16,26-27/01696/Hero,Kailash Automobile | AFM | Puranpur,11321KWA940S,4,Pcs.,95.85,383.4
2026-07-16,26-27/01696/Hero,Kailash Automobile | AFM | Puranpur,14502KYY900S,2,Pcs.,42.96,85.92
2026-07-16,26-27/01696/Hero,Kailash Automobile | AFM | Puranpur,14610086000RS,35,Pcs.,59.49,2082.15
2026-07-16,26-27/01696/Hero,Kailash Automobile | AFM | Puranpur,14610086000RS,5,Pcs.,62.8,314.0
2026-07-16,26-27/01696/Hero,Kailash Automobile | AFM | Puranpur,15421035010S,2,Pcs.,31.07,62.14
2026-07-16,26-27/01696/Hero,Kailash Automobile | AFM | Puranpur,15421035010S,3,Pcs.,36.36,109.08
2026-07-16,26-27/01696/Hero,Kailash Automobile | AFM | Puranpur,16450AAL901S,1,Pcs.,829.58,829.58
2026-07-16,26-27/01696/Hero,Kailash Automobile | AFM | Puranpur,17213AACA0099S,5,Pcs.,115.68,578.4
2026-07-16,26-27/01696/Hero,Kailash Automobile | AFM | Puranpur,22350115020S,2,Pcs.,118.98,237.96
2026-07-16,26-27/01696/Hero,Kailash Automobile | AFM | Puranpur,22350115020S,2,Pcs.,125.6,251.2
2026-07-16,26-27/01696/Hero,Kailash Automobile | AFM | Puranpur,22815166000S,50,Pcs.,6.61,330.5
2026-07-16,26-27/01696/Hero,Kailash Automobile | AFM | Puranpur,23123KGH900S,5,Pcs.,214.83,1074.15
2026-07-16,26-27/01696/Hero,Kailash Automobile | AFM | Puranpur,23801GF6000S,5,Pcs.,62.8,314.0
2026-07-16,26-27/01696/Hero,Kailash Automobile | AFM | Puranpur,24211GF6000RS,10,Pcs.,214.83,2148.3
2026-07-16,26-27/01696/Hero,Kailash Automobile | AFM | Puranpur,28302KAG900S,5,Pcs.,79.32,396.6
2026-07-16,26-27/01696/Hero,Kailash Automobile | AFM | Puranpur,2830AKTC900S,1,Pcs.,323.89,323.89
2026-07-16,26-27/01696/Hero,Kailash Automobile | AFM | Puranpur,33K151S,4,Pcs.,462.71,1850.84
2026-07-16,26-27/01696/Hero,Kailash Automobile | AFM | Puranpur,53172ADJC00S,5,Pcs.,72.71,363.55
2026-07-16,26-27/01696/Hero,Kailash Automobile | AFM | Puranpur,83402AAE710S,1,Pcs.,201.61,201.61
2026-07-16,26-27/01696/Hero,Kailash Automobile | AFM | Puranpur,83402KTCA20S,1,Pcs.,85.93,85.93
2026-07-16,26-27/01696/Hero,Kailash Automobile | AFM | Puranpur,83402KTCA20S,1,Pcs.,89.24,89.24
2026-07-16,26-27/01696/Hero,Kailash Automobile | AFM | Puranpur,90306KST942S,10,Pcs.,23.13,231.3
2026-07-16,26-27/01696/Hero,Kailash Automobile | AFM | Puranpur,91302KEV900S,50,Pcs.,9.91,495.5
2026-07-16,26-27/01696/Hero,Kailash Automobile | AFM | Puranpur,K42423KSTG940S,5,Pcs.,52.88,264.4
2026-07-16,26-27/01696/Hero,Kailash Automobile | AFM | Puranpur,83402AAG300S,1,Pcs.,155.34,155.34
2026-07-16,26-27/01696/Hero,Kailash Automobile | AFM | Puranpur,83402AAG300S,1,Pcs.,155.34,155.34
2026-07-16,26-27/01696/Hero,Kailash Automobile | AFM | Puranpur,21K201S,1,Pcs.,2035.93,2035.93
2026-07-16,26-27/01696/Hero,Kailash Automobile | AFM | Puranpur,21K270S,2,Pcs.,1778.13,3556.26
2026-07-16,26-27/01696/Hero,Kailash Automobile | AFM | Puranpur,80102KCC900S,20,Pcs.,36.36,727.2
2026-07-16,26-27/01696/Hero,Kailash Automobile | AFM | Puranpur,3310BAAH10099S,3,Pcs.,347.04,1041.12
2026-07-16,26-27/01697/Hero,Hero Honda Automobile | AFM | Puranpur,12209GB4685S,20,Pcs.,33.05,661.0
2026-07-16,26-27/01697/Hero,Hero Honda Automobile | AFM | Puranpur,13012GN5315LS,3,Pcs.,171.87,515.61
2026-07-16,26-27/01697/Hero,Hero Honda Automobile | AFM | Puranpur,16450AAL901S,1,Pcs.,829.58,829.58
2026-07-16,26-27/01697/Hero,Hero Honda Automobile | AFM | Puranpur,22120AAF400S,2,Pcs.,224.75,449.5
2026-07-16,26-27/01697/Hero,Hero Honda Automobile | AFM | Puranpur,24K160S,1,Pcs.,284.24,284.24
2026-07-16,26-27/01697/Hero,Hero Honda Automobile | AFM | Puranpur,24K160S,2,Pcs.,297.46,594.92
2026-07-16,26-27/01697/Hero,Hero Honda Automobile | AFM | Puranpur,31120AAC201S,1,Pcs.,786.61,786.61
2026-07-16,26-27/01697/Hero,Hero Honda Automobile | AFM | Puranpur,3340AKTCA21S,2,Pcs.,128.89,257.78
2026-07-16,26-27/01697/Hero,Hero Honda Automobile | AFM | Puranpur,3340AKTCA21S,1,Pcs.,148.73,148.73
2026-07-16,26-27/01697/Hero,Hero Honda Automobile | AFM | Puranpur,3340BAAF40099S,2,Pcs.,122.29,244.58
2026-07-16,26-27/01697/Hero,Hero Honda Automobile | AFM | Puranpur,3340BAAN40099S,2,Pcs.,118.98,237.96
2026-07-16,26-27/01697/Hero,Hero Honda Automobile | AFM | Puranpur,33450KCC710S,3,Pcs.,145.42,436.26
2026-07-16,26-27/01697/Hero,Hero Honda Automobile | AFM | Puranpur,3345BAAF40099S,2,Pcs.,122.29,244.58
2026-07-16,26-27/01697/Hero,Hero Honda Automobile | AFM | Puranpur,3345BAAN40099S,2,Pcs.,118.98,237.96
2026-07-16,26-27/01697/Hero,Hero Honda Automobile | AFM | Puranpur,35010AAGH21S,3,Pcs.,670.93,2012.79
2026-07-16,26-27/01697/Hero,Hero Honda Automobile | AFM | Puranpur,35100AAE301S,3,Pcs.,380.09,1140.27
2026-07-16,26-27/01697/Hero,Hero Honda Automobile | AFM | Puranpur,35200AAE011S,2,Pcs.,317.29,634.58
2026-07-16,26-27/01697/Hero,Hero Honda Automobile | AFM | Puranpur,43141KST920S,3,Pcs.,31.07,93.21
2026-07-16,26-27/01697/Hero,Hero Honda Automobile | AFM | Puranpur,43141KST920S,1,Pcs.,34.38,34.38
2026-07-16,26-27/01697/Hero,Hero Honda Automobile | AFM | Puranpur,43141KST920S,1,Pcs.,36.36,36.36
2026-07-16,26-27/01697/Hero,Hero Honda Automobile | AFM | Puranpur,61312AAE330S,2,Pcs.,79.32,158.64
2026-07-16,26-27/01697/Hero,Hero Honda Automobile | AFM | Puranpur,91372KPH900S,50,Pcs.,6.61,330.5
2026-07-16,26-27/01697/Hero,Hero Honda Automobile | AFM | Puranpur,K22222HF100DS,2,Pcs.,644.49,1288.98
2026-07-16,26-27/01697/Hero,Hero Honda Automobile | AFM | Puranpur,K22222KTCE900S,5,Pcs.,435.61,2178.05
2026-07-16,26-27/01697/Hero,Hero Honda Automobile | AFM | Puranpur,61000AAHF00RS,1,Pcs.,667.62,667.62
2026-07-16,26-27/01698/Hero,Power Auto Parts | AFM | Puranpur,81200AAD300S,1,Pcs.,644.49,644.49
2026-07-16,26-27/01698/Hero,Power Auto Parts | AFM | Puranpur,18355KWH760S,3,Pcs.,214.83,644.49
2026-07-16,26-27/01698/Hero,Power Auto Parts | AFM | Puranpur,14566086030S,20,Pcs.,6.61,132.2
2026-07-16,26-27/01698/Hero,Power Auto Parts | AFM | Puranpur,22815166000S,20,Pcs.,6.61,132.2
2026-07-16,26-27/01698/Hero,Power Auto Parts | AFM | Puranpur,31120AAC201S,1,Pcs.,636.56,636.56
2026-07-16,26-27/01698/Hero,Power Auto Parts | AFM | Puranpur,31120KTRA01S,1,Pcs.,697.38,697.38
2026-07-16,26-27/01698/Hero,Power Auto Parts | AFM | Puranpur,K55912HF100DS,10,Pcs.,79.32,793.2
2026-07-16,26-27/01698/Hero,Power Auto Parts | AFM | Puranpur,K55912KTCE900S,10,Pcs.,36.36,363.6
2026-07-16,26-27/01699/Hero,Nidhi Auto Service | AFM | Puranpur,14502086000RS,20,Pcs.,61.02,1220.4
2026-07-16,26-27/01699/Hero,Nidhi Auto Service | AFM | Puranpur,1450AACK000S,3,Pcs.,74.58,223.74
2026-07-16,26-27/01699/Hero,Nidhi Auto Service | AFM | Puranpur,14566086030S,50,Pcs.,6.78,339.0
2026-07-16,26-27/01699/Hero,Nidhi Auto Service | AFM | Puranpur,14610086000RS,30,Pcs.,61.02,1830.6
2026-07-16,26-27/01699/Hero,Nidhi Auto Service | AFM | Puranpur,17208AABA00S,3,Pcs.,128.82,386.46
2026-07-16,26-27/01699/Hero,Nidhi Auto Service | AFM | Puranpur,22201AAHA01S,8,Pcs.,50.85,406.8
2026-07-16,26-27/01699/Hero,Nidhi Auto Service | AFM | Puranpur,22311107000S,15,Pcs.,37.29,559.35
2026-07-16,26-27/01699/Hero,Nidhi Auto Service | AFM | Puranpur,22311AAHA01S,15,Pcs.,33.9,508.5
2026-07-16,26-27/01699/Hero,Nidhi Auto Service | AFM | Puranpur,22870KTC900S,10,Pcs.,67.8,678.0
2026-07-16,26-27/01699/Hero,Nidhi Auto Service | AFM | Puranpur,31210KWA94099S,1,Pcs.,1654.24,1654.24
2026-07-16,26-27/01699/Hero,Nidhi Auto Service | AFM | Puranpur,3310BKCC710AS,1,Pcs.,379.66,379.66
2026-07-16,26-27/01699/Hero,Nidhi Auto Service | AFM | Puranpur,3340AKTCA21S,2,Pcs.,152.54,305.08
2026-07-16,26-27/01699/Hero,Nidhi Auto Service | AFM | Puranpur,3345AKTCA21S,2,Pcs.,152.54,305.08
2026-07-16,26-27/01699/Hero,Nidhi Auto Service | AFM | Puranpur,45125AAHF0099S,4,Pcs.,108.47,433.88
2026-07-16,26-27/01699/Hero,Nidhi Auto Service | AFM | Puranpur,52400KCC905ZBS,1,Pcs.,688.14,688.14
2026-07-16,26-27/01699/Hero,Nidhi Auto Service | AFM | Puranpur,52400KCC905ZBS,1,Pcs.,691.53,691.53
2026-07-16,26-27/01699/Hero,Nidhi Auto Service | AFM | Puranpur,61313KCC900S,2,Pcs.,33.9,67.8
2026-07-16,26-27/01699/Hero,Nidhi Auto Service | AFM | Puranpur,61314KCC900S,4,Pcs.,37.29,149.16
2026-07-16,26-27/01699/Hero,Nidhi Auto Service | AFM | Puranpur,961006001000S,5,Pcs.,64.41,322.05
2026-07-16,26-27/01699/Hero,Nidhi Auto Service | AFM | Puranpur,1450AACK000S,2,Pcs.,74.58,149.16
2026-07-16,26-27/01699/Hero,Nidhi Auto Service | AFM | Puranpur,17511KWH970ZAS,1,Pcs.,206.78,206.78
2026-07-16,26-27/01699/Hero,Nidhi Auto Service | AFM | Puranpur,22201AAHA01S,12,Pcs.,50.85,610.2
2026-07-16,26-27/01699/Hero,Nidhi Auto Service | AFM | Puranpur,24211GF6000RS,5,Pcs.,200.0,1000.0
2026-07-16,26-27/01699/Hero,Nidhi Auto Service | AFM | Puranpur,24211GF6000RS,5,Pcs.,220.34,1101.7
2026-07-16,26-27/01699/Hero,Nidhi Auto Service | AFM | Puranpur,2830AKAG900S,1,Pcs.,325.42,325.42
2026-07-16,26-27/01699/Hero,Nidhi Auto Service | AFM | Puranpur,2830AKSTA10S,1,Pcs.,281.35,281.35
2026-07-16,26-27/01699/Hero,Nidhi Auto Service | AFM | Puranpur,31202GB2700LS,1,Pcs.,44.06,44.06
2026-07-16,26-27/01699/Hero,Nidhi Auto Service | AFM | Puranpur,35010AAEH00S,1,Pcs.,701.7,701.7
2026-07-16,26-27/01699/Hero,Nidhi Auto Service | AFM | Puranpur,35010AAHH60S,1,Pcs.,718.65,718.65
2026-07-16,26-27/01699/Hero,Nidhi Auto Service | AFM | Puranpur,45125AAHF0099S,2,Pcs.,108.47,216.94
2026-07-16,26-27/01699/Hero,Nidhi Auto Service | AFM | Puranpur,50803AAG300S,1,Pcs.,382.2,382.2
2026-07-16,26-27/01699/Hero,Nidhi Auto Service | AFM | Puranpur,52147KTC900S,10,Pcs.,33.9,339.0
2026-07-16,26-27/01699/Hero,Nidhi Auto Service | AFM | Puranpur,61311KCC840S,2,Pcs.,115.26,230.52
2026-07-16,26-27/01699/Hero,Nidhi Auto Service | AFM | Puranpur,61313KCC900S,3,Pcs.,33.9,101.7
2026-07-16,26-27/01699/Hero,Nidhi Auto Service | AFM | Puranpur,61314KCC900S,1,Pcs.,37.29,37.29
2026-07-16,26-27/01699/Hero,Nidhi Auto Service | AFM | Puranpur,961006001000S,5,Pcs.,67.8,339.0
2026-07-16,26-27/01699/Hero,Nidhi Auto Service | AFM | Puranpur,961006203000S,10,Pcs.,57.62,576.2
2026-07-16,26-27/01699/Hero,Nidhi Auto Service | AFM | Puranpur,50400ADH800DS,1,Pcs.,749.15,749.15
2026-07-16,26-27/01699/Hero,Nidhi Auto Service | AFM | Puranpur,50400ADH800DS,1,Pcs.,749.15,749.15
2026-07-16,26-27/01699/Hero,Nidhi Auto Service | AFM | Puranpur,50500KTRA00S,1,Pcs.,291.53,291.53
2026-07-16,26-27/01699/Hero,Nidhi Auto Service | AFM | Puranpur,53100AAE400S,2,Pcs.,264.41,528.82
2026-07-16,26-27/01699/Hero,Nidhi Auto Service | AFM | Puranpur,53100KCC710S,2,Pcs.,305.76,611.52
2026-07-16,26-27/01700/Hero,Nidhi Auto Service | AFM | Puranpur,61100KST940ZAPROS,5,Pcs.,228.81,1144.05
2026-07-16,26-27/01700/Hero,Nidhi Auto Service | AFM | Puranpur,83401KCC900SPROS,8,Pcs.,194.91,1559.28
2026-07-16,26-27/01701/Hero,Sarthak Traders | AFM | Puranpur,33402KCC710S,20,Pcs.,28.99,579.8
2026-07-16,26-27/01701/Hero,Sarthak Traders | AFM | Puranpur,17212KCC900S,5,Pcs.,99.83,499.15
2026-07-16,26-27/01701/Hero,Sarthak Traders | AFM | Puranpur,52110KST940S,1,Pcs.,635.05,635.05
2026-07-16,26-27/01701/Hero,Sarthak Traders | AFM | Puranpur,52110KST940S,1,Pcs.,669.83,669.83
2026-07-16,26-27/01701/Hero,Sarthak Traders | AFM | Puranpur,14100AAHH41S,2,Pcs.,550.68,1101.36
2026-07-16,26-27/01701/Hero,Sarthak Traders | AFM | Puranpur,16100AAHF01S,1,Pcs.,1465.26,1465.26
2026-07-16,26-27/01701/Hero,Sarthak Traders | AFM | Puranpur,16163GFP901S,20,Pcs.,32.2,644.0
2026-07-16,26-27/01701/Hero,Sarthak Traders | AFM | Puranpur,17253KCC900S,4,Pcs.,56.68,226.72
2026-07-16,26-27/01701/Hero,Sarthak Traders | AFM | Puranpur,17253KCC900S,6,Pcs.,64.41,386.46
2026-07-16,26-27/01701/Hero,Sarthak Traders | AFM | Puranpur,21K120LS,2,Pcs.,1452.38,2904.76
2026-07-16,26-27/01701/Hero,Sarthak Traders | AFM | Puranpur,22102AAL500S,2,Pcs.,264.07,528.14
2026-07-16,26-27/01701/Hero,Sarthak Traders | AFM | Puranpur,23221GF6000S,2,Pcs.,276.95,553.9
2026-07-16,26-27/01701/Hero,Sarthak Traders | AFM | Puranpur,23461GK4760S,2,Pcs.,260.85,521.7
2026-07-16,26-27/01701/Hero,Sarthak Traders | AFM | Puranpur,23461GK4760S,1,Pcs.,289.83,289.83
2026-07-16,26-27/01701/Hero,Sarthak Traders | AFM | Puranpur,28102ACK010S,5,Pcs.,15.2,76.0
2026-07-16,26-27/01701/Hero,Sarthak Traders | AFM | Puranpur,28102ACK010S,5,Pcs.,19.32,96.6
2026-07-16,26-27/01701/Hero,Sarthak Traders | AFM | Puranpur,28103ACK010S,10,Pcs.,16.11,161.1
2026-07-16,26-27/01701/Hero,Sarthak Traders | AFM | Puranpur,28251GF6000S,5,Pcs.,244.74,1223.7
2026-07-16,26-27/01701/Hero,Sarthak Traders | AFM | Puranpur,28302KAG900S,10,Pcs.,77.28,772.8
2026-07-16,26-27/01701/Hero,Sarthak Traders | AFM | Puranpur,30500AAFH00S,2,Pcs.,218.99,437.98
2026-07-16,26-27/01701/Hero,Sarthak Traders | AFM | Puranpur,30500AAGH21S,1,Pcs.,192.58,192.58
2026-07-16,26-27/01701/Hero,Sarthak Traders | AFM | Puranpur,30510AAE30099S,2,Pcs.,196.44,392.88
2026-07-16,26-27/01701/Hero,Sarthak Traders | AFM | Puranpur,31120ACK011S,1,Pcs.,772.88,772.88
2026-07-16,26-27/01701/Hero,Sarthak Traders | AFM | Puranpur,31201AAT012S,10,Pcs.,32.2,322.0
2026-07-16,26-27/01701/Hero,Sarthak Traders | AFM | Puranpur,35100AAE301S,3,Pcs.,370.34,1111.02
2026-07-16,26-27/01701/Hero,Sarthak Traders | AFM | Puranpur,35100AAEH00S,2,Pcs.,331.69,663.38
2026-07-16,26-27/01701/Hero,Sarthak Traders | AFM | Puranpur,35100AAEH00S,1,Pcs.,363.89,363.89
2026-07-16,26-27/01701/Hero,Sarthak Traders | AFM | Puranpur,83515KTCA20S,1,Pcs.,74.07,74.07
2026-07-16,26-27/01701/Hero,Sarthak Traders | AFM | Puranpur,83516KTCA20S,1,Pcs.,77.28,77.28
2026-07-16,26-27/01701/Hero,Sarthak Traders | AFM | Puranpur,961006203000S,10,Pcs.,54.74,547.4
2026-07-16,26-27/01701/Hero,Sarthak Traders | AFM | Puranpur,K28281KWAG940S,10,Pcs.,103.05,1030.5
2026-07-16,26-27/01701/Hero,Sarthak Traders | AFM | Puranpur,K41412AANNB00S,1,Pcs.,541.01,541.01
2026-07-16,26-27/01701/Hero,Sarthak Traders | AFM | Puranpur,88110AAHH00S,10,Pcs.,103.05,1030.5
2026-07-16,26-27/01702/Hero,Sarthak Traders | AFM | Puranpur,80100AAE300S,1,Pcs.,750.34,750.34
2026-07-16,26-27/01702/Hero,Sarthak Traders | AFM | Puranpur,28120KWA942S,2,Pcs.,444.41,888.82
2026-07-16,26-27/01702/Hero,Sarthak Traders | AFM | Puranpur,32100AAD010S,1,Pcs.,756.78,756.78
2026-07-16,26-27/01702/Hero,Sarthak Traders | AFM | Puranpur,35750001000S,20,Pcs.,41.86,837.2
2026-07-16,26-27/01702/Hero,Sarthak Traders | AFM | Puranpur,43410AAHF00S,2,Pcs.,51.53,103.06
2026-07-16,26-27/01702/Hero,Sarthak Traders | AFM | Puranpur,45410AAHF00S,2,Pcs.,83.73,167.46
2026-07-16,26-27/01702/Hero,Sarthak Traders | AFM | Puranpur,45451AAF400S,50,Pcs.,9.66,483.0
2026-07-16,26-27/01702/Hero,Sarthak Traders | AFM | Puranpur,53140KTC900S,14,Pcs.,35.42,495.88
2026-07-16,26-27/01702/Hero,Sarthak Traders | AFM | Puranpur,53140KTC900S,6,Pcs.,41.86,251.16
2026-07-16,26-27/01703/Hero,Verma Auto Agencies | AFM | Barabanki,38501AAW30099S,100,Pcs.,125.42,12542.0
2026-07-16,26-27/01703/Hero,Verma Auto Agencies | AFM | Barabanki,17910KVH760S,50,Pcs.,50.34,2517.0
2026-07-16,26-27/01703/Hero,Verma Auto Agencies | AFM | Barabanki,ACKZC3H000000S,100,Pcs.,40.76,4076.0
2026-07-16,26-27/01703/Hero,Verma Auto Agencies | AFM | Barabanki,ACKZC3H000000S,100,Pcs.,40.76,4076.0
2026-07-16,26-27/01703/Hero,Verma Auto Agencies | AFM | Barabanki,ACKZC3H000000S,100,Pcs.,40.76,4076.0
2026-07-16,26-27/01703/Hero,Verma Auto Agencies | AFM | Barabanki,50500KTRA00S,5,Pcs.,269.66,1348.3
2026-07-16,26-27/01703/Hero,Verma Auto Agencies | AFM | Barabanki,50500KTRA00S,5,Pcs.,269.66,1348.3
2026-07-16,26-27/01703/Hero,Verma Auto Agencies | AFM | Barabanki,11321KST940S,11,Pcs.,81.53,896.83
2026-07-16,26-27/01703/Hero,Verma Auto Agencies | AFM | Barabanki,17253KTC900S,9,Pcs.,72.12,649.08
2026-07-16,26-27/01703/Hero,Verma Auto Agencies | AFM | Barabanki,17253KTC900S,6,Pcs.,81.53,489.18
2026-07-16,26-27/01703/Hero,Verma Auto Agencies | AFM | Barabanki,17910KVN900S,4,Pcs.,44.7,178.8
2026-07-16,26-27/01703/Hero,Verma Auto Agencies | AFM | Barabanki,22870KVN900S,2,Pcs.,56.82,113.64
2026-07-16,26-27/01703/Hero,Verma Auto Agencies | AFM | Barabanki,22870KWH970S,3,Pcs.,59.95,179.85
2026-07-16,26-27/01703/Hero,Verma Auto Agencies | AFM | Barabanki,22870KZAW00S,5,Pcs.,65.59,327.95
2026-07-16,26-27/01703/Hero,Verma Auto Agencies | AFM | Barabanki,35150KWA841S,17,Pcs.,84.66,1439.22
2026-07-16,26-27/01703/Hero,Verma Auto Agencies | AFM | Barabanki,37610KST951S,1,Pcs.,82.16,82.16
2026-07-16,26-27/01703/Hero,Verma Auto Agencies | AFM | Barabanki,37610KST951S,12,Pcs.,94.07,1128.84
2026-07-16,26-27/01703/Hero,Verma Auto Agencies | AFM | Barabanki,45450KTRA20S,1,Pcs.,89.05,89.05
2026-07-16,26-27/01703/Hero,Verma Auto Agencies | AFM | Barabanki,45450KTRA20S,1,Pcs.,97.21,97.21
2026-07-16,26-27/01703/Hero,Verma Auto Agencies | AFM | Barabanki,45450KTRA20S,11,Pcs.,103.47,1138.17
2026-07-16,26-27/01703/Hero,Verma Auto Agencies | AFM | Barabanki,ACKZC3H000000S,10,Pcs.,34.49,344.9
2026-07-16,26-27/01703/Hero,Verma Auto Agencies | AFM | Barabanki,ACKZC3H000000S,10,Pcs.,40.76,407.6
2026-07-16,26-27/01703/Hero,Verma Auto Agencies | AFM | Barabanki,11321KST940S,1,Pcs.,72.12,72.12
2026-07-16,26-27/01703/Hero,Verma Auto Agencies | AFM | Barabanki,22870KWH970S,6,Pcs.,59.95,359.7
2026-07-16,26-27/01703/Hero,Verma Auto Agencies | AFM | Barabanki,35150KWA841S,13,Pcs.,84.66,1100.58
2026-07-16,26-27/01703/Hero,Verma Auto Agencies | AFM | Barabanki,37610KST951S,17,Pcs.,94.07,1599.19
2026-07-16,26-27/01703/Hero,Verma Auto Agencies | AFM | Barabanki,45450KTRA20S,16,Pcs.,103.47,1655.52
2026-07-16,26-27/01703/Hero,Verma Auto Agencies | AFM | Barabanki,33702AAGA0099S,4,Pcs.,244.58,978.32
2026-07-16,26-27/01703/Hero,Verma Auto Agencies | AFM | Barabanki,45450KTRA20S,13,Pcs.,103.47,1345.11
2026-07-16,26-27/01703/Hero,Verma Auto Agencies | AFM | Barabanki,12301KWA900S,6,Pcs.,54.56,327.36
2026-07-16,26-27/01703/Hero,Verma Auto Agencies | AFM | Barabanki,12301KWA900S,1,Pcs.,65.84,65.84
2026-07-16,26-27/01703/Hero,Verma Auto Agencies | AFM | Barabanki,14100AAHH41S,1,Pcs.,536.19,536.19
2026-07-16,26-27/01703/Hero,Verma Auto Agencies | AFM | Barabanki,16100KZN902S,1,Pcs.,1781.02,1781.02
2026-07-16,26-27/01703/Hero,Verma Auto Agencies | AFM | Barabanki,17681KTC900S,120,Pcs.,12.54,1504.8
2026-07-16,26-27/01703/Hero,Verma Auto Agencies | AFM | Barabanki,31200KTC921S,1,Pcs.,1429.83,1429.83
2026-07-16,26-27/01703/Hero,Verma Auto Agencies | AFM | Barabanki,31201KPTA01S,30,Pcs.,54.56,1636.8
2026-07-16,26-27/01703/Hero,Verma Auto Agencies | AFM | Barabanki,31202GB2700LS,15,Pcs.,40.76,611.4
2026-07-16,26-27/01703/Hero,Verma Auto Agencies | AFM | Barabanki,35010AAH001S,1,Pcs.,520.51,520.51
2026-07-16,26-27/01703/Hero,Verma Auto Agencies | AFM | Barabanki,35140AAD00099S,10,Pcs.,97.21,972.1
2026-07-16,26-27/01703/Hero,Verma Auto Agencies | AFM | Barabanki,35140ACLD0099S,1,Pcs.,161.79,161.79
2026-07-16,26-27/01703/Hero,Verma Auto Agencies | AFM | Barabanki,35200KST870S,2,Pcs.,244.58,489.16
2026-07-16,26-27/01703/Hero,Verma Auto Agencies | AFM | Barabanki,35200KST950S,4,Pcs.,235.17,940.68
2026-07-16,26-27/01703/Hero,Verma Auto Agencies | AFM | Barabanki,37800KWA930S,2,Pcs.,203.81,407.62
2026-07-16,26-27/01703/Hero,Verma Auto Agencies | AFM | Barabanki,42301KTR700S,5,Pcs.,59.58,297.9
2026-07-16,26-27/01703/Hero,Verma Auto Agencies | AFM | Barabanki,51420KSTA11S,3,Pcs.,492.28,1476.84
2026-07-16,26-27/01703/Hero,Verma Auto Agencies | AFM | Barabanki,61303KWA830S,10,Pcs.,15.68,156.8
2026-07-16,26-27/01703/Hero,Verma Auto Agencies | AFM | Barabanki,80151KCC900S,3,Pcs.,22.58,67.74
2026-07-16,26-27/01703/Hero,Verma Auto Agencies | AFM | Barabanki,80151KCC900S,1,Pcs.,25.09,25.09
2026-07-16,26-27/01703/Hero,Verma Auto Agencies | AFM | Barabanki,83512KWH960S,1,Pcs.,40.14,40.14
2026-07-16,26-27/01703/Hero,Verma Auto Agencies | AFM | Barabanki,83512KWH960S,1,Pcs.,47.03,47.03
2026-07-16,26-27/01703/Hero,Verma Auto Agencies | AFM | Barabanki,88110AANH01S,10,Pcs.,188.14,1881.4
2026-07-16,26-27/01703/Hero,Verma Auto Agencies | AFM | Barabanki,90320GC3000S,140,Pcs.,3.14,439.6
2026-07-16,26-27/01703/Hero,Verma Auto Agencies | AFM | Barabanki,14100AAHH41S,1,Pcs.,536.19,536.19
2026-07-16,26-27/01703/Hero,Verma Auto Agencies | AFM | Barabanki,22870KWH970S,1,Pcs.,59.95,59.95
2026-07-16,26-27/01703/Hero,Verma Auto Agencies | AFM | Barabanki,35010AAH001S,1,Pcs.,520.51,520.51
2026-07-16,26-27/01703/Hero,Verma Auto Agencies | AFM | Barabanki,45450KTRA20S,3,Pcs.,97.21,291.63
2026-07-16,26-27/01703/Hero,Verma Auto Agencies | AFM | Barabanki,45450KTRA20S,5,Pcs.,103.47,517.35
2026-07-16,26-27/01703/Hero,Verma Auto Agencies | AFM | Barabanki,83402ACK000S,3,Pcs.,100.34,301.02
2026-07-16,26-27/01704/Hero,Verma Auto Agencies | AFM | Barabanki,SPDMCYL10PPS,1140,Pcs.,213.56,243458.4
2026-07-16,26-27/01705/Hero,Verma Auto Agencies | AFM | Barabanki,64310AAW300SS,1,Pcs.,1374.65,1374.65
2026-07-16,26-27/01705/Hero,Verma Auto Agencies | AFM | Barabanki,61100KTCA20ZAS,2,Pcs.,730.6,1461.2
2026-07-16,26-27/01705/Hero,Verma Auto Agencies | AFM | Barabanki,80100KZAW00S,1,Pcs.,459.05,459.05
2026-07-16,26-27/01705/Hero,Verma Auto Agencies | AFM | Barabanki,33701AAZ001S,1,Pcs.,1041.02,1041.02
2026-07-16,26-27/01705/Hero,Verma Auto Agencies | AFM | Barabanki,88110AACH41ZAS,10,Pcs.,185.0,1850.0
2026-07-16,26-27/01705/Hero,Verma Auto Agencies | AFM | Barabanki,88120AANH01S,1,Pcs.,153.65,153.65
2026-07-16,26-27/01705/Hero,Verma Auto Agencies | AFM | Barabanki,88120AANH01S,2,Pcs.,178.73,357.46
2026-07-16,26-27/01705/Hero,Verma Auto Agencies | AFM | Barabanki,14401AAF40099S,10,Pcs.,100.34,1003.4
2026-07-16,26-27/01705/Hero,Verma Auto Agencies | AFM | Barabanki,14451AANB00S,5,Pcs.,37.63,188.15
2026-07-16,26-27/01705/Hero,Verma Auto Agencies | AFM | Barabanki,14550KWS900S,4,Pcs.,35.12,140.48
2026-07-16,26-27/01705/Hero,Verma Auto Agencies | AFM | Barabanki,14610KWB600S,10,Pcs.,65.84,658.4
2026-07-16,26-27/01705/Hero,Verma Auto Agencies | AFM | Barabanki,16100AAW002S,1,Pcs.,2288.98,2288.98
2026-07-16,26-27/01705/Hero,Verma Auto Agencies | AFM | Barabanki,16100KWH961S,1,Pcs.,1580.34,1580.34
2026-07-16,26-27/01705/Hero,Verma Auto Agencies | AFM | Barabanki,16155KFR701S,1,Pcs.,84.66,84.66
2026-07-16,26-27/01705/Hero,Verma Auto Agencies | AFM | Barabanki,31200KTC921S,1,Pcs.,1429.83,1429.83
2026-07-16,26-27/01705/Hero,Verma Auto Agencies | AFM | Barabanki,3340AKZN901S,1,Pcs.,191.27,191.27
2026-07-16,26-27/01705/Hero,Verma Auto Agencies | AFM | Barabanki,35200KST950S,2,Pcs.,301.02,602.04
2026-07-16,26-27/01705/Hero,Verma Auto Agencies | AFM | Barabanki,37612AAH001S,2,Pcs.,90.93,181.86
2026-07-16,26-27/01705/Hero,Verma Auto Agencies | AFM | Barabanki,37800AAH102S,1,Pcs.,235.17,235.17
2026-07-16,26-27/01705/Hero,Verma Auto Agencies | AFM | Barabanki,37800AAW00099S,1,Pcs.,166.19,166.19
2026-07-16,26-27/01705/Hero,Verma Auto Agencies | AFM | Barabanki,42610KWP900S,1,Pcs.,785.78,785.78
2026-07-16,26-27/01705/Hero,Verma Auto Agencies | AFM | Barabanki,42611KST940S,2,Pcs.,219.49,438.98
2026-07-16,26-27/01705/Hero,Verma Auto Agencies | AFM | Barabanki,44830KTP900S,4,Pcs.,54.07,216.28
2026-07-16,26-27/01705/Hero,Verma Auto Agencies | AFM | Barabanki,52400KWP900S,2,Pcs.,513.15,1026.3
2026-07-16,26-27/01705/Hero,Verma Auto Agencies | AFM | Barabanki,53168AAW000S,1,Pcs.,92.19,92.19
2026-07-16,26-27/01705/Hero,Verma Auto Agencies | AFM | Barabanki,53168AAW000S,1,Pcs.,106.61,106.61
2026-07-16,26-27/01705/Hero,Verma Auto Agencies | AFM | Barabanki,88120AANH01S,3,Pcs.,178.73,536.19
2026-07-16,26-27/01705/Hero,Verma Auto Agencies | AFM | Barabanki,90320GC3000S,120,Pcs.,3.14,376.8
2026-07-16,26-27/01705/Hero,Verma Auto Agencies | AFM | Barabanki,K90904HF100DS,6,Pcs.,65.84,395.04
2026-07-16,26-27/01705/Hero,Verma Auto Agencies | AFM | Barabanki,33703AAF041S,4,Pcs.,145.49,581.96
2026-07-16,26-27/01706/Hero,Verma Auto Agencies | AFM | Barabanki,3310BAAH10099S,6,Pcs.,385.68,2314.08
2026-07-16,26-27/01706/Hero,Verma Auto Agencies | AFM | Barabanki,3310BAAH10099S,6,Pcs.,385.68,2314.08
2026-07-16,26-27/01706/Hero,Verma Auto Agencies | AFM | Barabanki,81200AAD300S,1,Pcs.,623.98,623.98
2026-07-16,26-27/01706/Hero,Verma Auto Agencies | AFM | Barabanki,91001GF6000S,100,Pcs.,125.42,12542.0
2026-07-16,26-27/01706/Hero,Verma Auto Agencies | AFM | Barabanki,24K150LS,100,Pcs.,282.21,28221.0
2026-07-16,26-27/01706/Hero,Verma Auto Agencies | AFM | Barabanki,22870AANB00S,10,Pcs.,75.25,752.5
2026-07-16,26-27/01706/Hero,Verma Auto Agencies | AFM | Barabanki,61102KTC900S,5,Pcs.,59.58,297.9
2026-07-16,26-27/01706/Hero,Verma Auto Agencies | AFM | Barabanki,14100KCC910S,8,Pcs.,708.65,5669.2
2026-07-16,26-27/01706/Hero,Verma Auto Agencies | AFM | Barabanki,14610086000RS,5,Pcs.,56.44,282.2
2026-07-16,26-27/01706/Hero,Verma Auto Agencies | AFM | Barabanki,14610086000RS,5,Pcs.,59.58,297.9
2026-07-16,26-27/01706/Hero,Verma Auto Agencies | AFM | Barabanki,14610KPH900S,5,Pcs.,21.95,109.75
2026-07-16,26-27/01706/Hero,Verma Auto Agencies | AFM | Barabanki,16955ABA000S,5,Pcs.,15.68,78.4
2026-07-16,26-27/01706/Hero,Verma Auto Agencies | AFM | Barabanki,22350115020S,20,Pcs.,115.77,2315.4
2026-07-16,26-27/01706/Hero,Verma Auto Agencies | AFM | Barabanki,22810KTC900S,2,Pcs.,43.9,87.8
2026-07-16,26-27/01706/Hero,Verma Auto Agencies | AFM | Barabanki,22870KWH970S,10,Pcs.,59.95,599.5
2026-07-16,26-27/01706/Hero,Verma Auto Agencies | AFM | Barabanki,23112AAJH10S,2,Pcs.,75.25,150.5
2026-07-16,26-27/01706/Hero,Verma Auto Agencies | AFM | Barabanki,23421GCC000S,2,Pcs.,247.72,495.44
2026-07-16,26-27/01706/Hero,Verma Auto Agencies | AFM | Barabanki,33710KZAW01S,1,Pcs.,260.25,260.25
2026-07-16,26-27/01706/Hero,Verma Auto Agencies | AFM | Barabanki,35850KR3870S,1,Pcs.,178.73,178.73
2026-07-16,26-27/01706/Hero,Verma Auto Agencies | AFM | Barabanki,41241KTC900S,12,Pcs.,18.81,225.72
2026-07-16,26-27/01706/Hero,Verma Auto Agencies | AFM | Barabanki,43125KST940S,16,Pcs.,87.79,1404.64
2026-07-16,26-27/01706/Hero,Verma Auto Agencies | AFM | Barabanki,45250KCC841S,1,Pcs.,1135.09,1135.09
2026-07-16,26-27/01706/Hero,Verma Auto Agencies | AFM | Barabanki,51103KTP900S,1,Pcs.,27.6,27.6
2026-07-16,26-27/01706/Hero,Verma Auto Agencies | AFM | Barabanki,51103KTP900S,1,Pcs.,31.35,31.35
2026-07-16,26-27/01706/Hero,Verma Auto Agencies | AFM | Barabanki,53171KCC900S,20,Pcs.,9.4,188.0
2026-07-16,26-27/01706/Hero,Verma Auto Agencies | AFM | Barabanki,61100KST940ZDS,1,Pcs.,608.3,608.3
2026-07-16,26-27/01706/Hero,Verma Auto Agencies | AFM | Barabanki,14100KCC910S,2,Pcs.,708.65,1417.3
2026-07-16,26-27/01706/Hero,Verma Auto Agencies | AFM | Barabanki,14610086000RS,35,Pcs.,56.44,1975.4
2026-07-16,26-27/01706/Hero,Verma Auto Agencies | AFM | Barabanki,14610086000RS,55,Pcs.,59.58,3276.9
2026-07-16,26-27/01706/Hero,Verma Auto Agencies | AFM | Barabanki,14610KPH900S,5,Pcs.,21.95,109.75
2026-07-16,26-27/01706/Hero,Verma Auto Agencies | AFM | Barabanki,22810KTC900S,1,Pcs.,43.9,43.9
2026-07-16,26-27/01706/Hero,Verma Auto Agencies | AFM | Barabanki,23112AAJH10S,2,Pcs.,75.25,150.5
2026-07-16,26-27/01706/Hero,Verma Auto Agencies | AFM | Barabanki,23461GK4760S,10,Pcs.,282.21,2822.1
2026-07-16,26-27/01706/Hero,Verma Auto Agencies | AFM | Barabanki,24K150LS,48,Pcs.,282.21,13546.08
2026-07-16,26-27/01706/Hero,Verma Auto Agencies | AFM | Barabanki,35850KR3870S,9,Pcs.,178.73,1608.57
2026-07-16,26-27/01706/Hero,Verma Auto Agencies | AFM | Barabanki,40544198900S,10,Pcs.,9.4,94.0
2026-07-16,26-27/01706/Hero,Verma Auto Agencies | AFM | Barabanki,41241KTC900S,88,Pcs.,18.81,1655.28
2026-07-16,26-27/01706/Hero,Verma Auto Agencies | AFM | Barabanki,43125KST940S,4,Pcs.,87.79,351.16
2026-07-16,26-27/01706/Hero,Verma Auto Agencies | AFM | Barabanki,61103KRY900S,20,Pcs.,3.14,62.8
2026-07-16,26-27/01706/Hero,Verma Auto Agencies | AFM | Barabanki,61105KTC900S,20,Pcs.,6.27,125.4
2026-07-16,26-27/01706/Hero,Verma Auto Agencies | AFM | Barabanki,90101GJ6000S,100,Pcs.,6.27,627.0
2026-07-16,26-27/01706/Hero,Verma Auto Agencies | AFM | Barabanki,90123KRM860S,10,Pcs.,9.4,94.0
2026-07-16,26-27/01706/Hero,Verma Auto Agencies | AFM | Barabanki,22201GF6000S,100,Pcs.,59.33,5933.0
2026-07-16,26-27/01706/Hero,Verma Auto Agencies | AFM | Barabanki,24K150LS,2,Pcs.,282.21,564.42
2026-07-16,26-27/01707/Hero,Verma Auto Agencies | AFM | Barabanki,83410ADH700CS,1,Pcs.,658.47,658.47
2026-07-16,26-27/01707/Hero,Verma Auto Agencies | AFM | Barabanki,61301AACB00S,1,Pcs.,322.97,322.97
2026-07-16,26-27/01707/Hero,Verma Auto Agencies | AFM | Barabanki,61300AACB00SS,1,Pcs.,301.02,301.02
2026-07-16,26-27/01707/Hero,Verma Auto Agencies | AFM | Barabanki,61400AACB00SS,1,Pcs.,219.49,219.49
2026-07-16,26-27/01707/Hero,Verma Auto Agencies | AFM | Barabanki,12209AAN410S,6,Pcs.,25.09,150.54
2026-07-16,26-27/01707/Hero,Verma Auto Agencies | AFM | Barabanki,17910ACL000S,1,Pcs.,100.34,100.34
2026-07-16,26-27/01707/Hero,Verma Auto Agencies | AFM | Barabanki,2287AACL000S,1,Pcs.,100.34,100.34
2026-07-16,26-27/01707/Hero,Verma Auto Agencies | AFM | Barabanki,23431AAJ900S,1,Pcs.,153.02,153.02
2026-07-16,26-27/01707/Hero,Verma Auto Agencies | AFM | Barabanki,23431AAJ900S,1,Pcs.,166.19,166.19
2026-07-16,26-27/01707/Hero,Verma Auto Agencies | AFM | Barabanki,28300KZAW00S,1,Pcs.,272.79,272.79
2026-07-16,26-27/01707/Hero,Verma Auto Agencies | AFM | Barabanki,37800AAL400S,1,Pcs.,241.44,241.44
2026-07-16,26-27/01707/Hero,Verma Auto Agencies | AFM | Barabanki,83402AACB00S,1,Pcs.,172.46,172.46
2026-07-16,26-27/01707/Hero,Verma Auto Agencies | AFM | Barabanki,K22221AAN125S,3,Pcs.,903.81,2711.43
2026-07-16,26-27/01708/Hero,Verma Auto Agencies | AFM | Barabanki,80100AAE300S,1,Pcs.,589.49,589.49
2026-07-16,26-27/01708/Hero,Verma Auto Agencies | AFM | Barabanki,80100AAE300S,1,Pcs.,589.49,589.49
2026-07-16,26-27/01708/Hero,Verma Auto Agencies | AFM | Barabanki,K44446AAED230S,1,Pcs.,3430.34,3430.34
2026-07-16,26-27/01708/Hero,Verma Auto Agencies | AFM | Barabanki,83410AAE930DS,1,Pcs.,680.42,680.42
2026-07-16,26-27/01708/Hero,Verma Auto Agencies | AFM | Barabanki,K22221AAN125S,5,Pcs.,903.81,4519.05
2026-07-16,26-27/01708/Hero,Verma Auto Agencies | AFM | Barabanki,17910AAGA00S,10,Pcs.,90.93,909.3
2026-07-16,26-27/01708/Hero,Verma Auto Agencies | AFM | Barabanki,17910AAGA00S,10,Pcs.,77.76,777.6
2026-07-16,26-27/01708/Hero,Verma Auto Agencies | AFM | Barabanki,12208ABG000S,54,Pcs.,31.35,1692.9
2026-07-16,26-27/01708/Hero,Verma Auto Agencies | AFM | Barabanki,13011AAF00099S,10,Pcs.,225.76,2257.6
2026-07-16,26-27/01708/Hero,Verma Auto Agencies | AFM | Barabanki,14430AAF400S,2,Pcs.,181.86,363.72
2026-07-16,26-27/01708/Hero,Verma Auto Agencies | AFM | Barabanki,14670ACK000S,4,Pcs.,25.72,102.88
2026-07-16,26-27/01708/Hero,Verma Auto Agencies | AFM | Barabanki,14670ACK000S,30,Pcs.,31.35,940.5
2026-07-16,26-27/01708/Hero,Verma Auto Agencies | AFM | Barabanki,16450AAL901S,1,Pcs.,787.03,787.03
2026-07-16,26-27/01708/Hero,Verma Auto Agencies | AFM | Barabanki,17253AAW000S,1,Pcs.,97.21,97.21
2026-07-16,26-27/01708/Hero,Verma Auto Agencies | AFM | Barabanki,17620GE2H31S,4,Pcs.,269.66,1078.64
2026-07-16,26-27/01708/Hero,Verma Auto Agencies | AFM | Barabanki,17910AAEC00S,10,Pcs.,68.98,689.8
2026-07-16,26-27/01708/Hero,Verma Auto Agencies | AFM | Barabanki,17910AAGA00S,4,Pcs.,90.93,363.72
2026-07-16,26-27/01708/Hero,Verma Auto Agencies | AFM | Barabanki,17910ABZ000S,1,Pcs.,75.25,75.25
2026-07-16,26-27/01708/Hero,Verma Auto Agencies | AFM | Barabanki,22120AAF400S,2,Pcs.,213.22,426.44
2026-07-16,26-27/01708/Hero,Verma Auto Agencies | AFM | Barabanki,22121AANB00S,1,Pcs.,216.35,216.35
2026-07-16,26-27/01708/Hero,Verma Auto Agencies | AFM | Barabanki,22121AANB00S,1,Pcs.,244.58,244.58
2026-07-16,26-27/01708/Hero,Verma Auto Agencies | AFM | Barabanki,22121AANB01S,1,Pcs.,219.49,219.49
2026-07-16,26-27/01708/Hero,Verma Auto Agencies | AFM | Barabanki,2287AACL000S,1,Pcs.,86.54,86.54
2026-07-16,26-27/01708/Hero,Verma Auto Agencies | AFM | Barabanki,28103ACK010S,1,Pcs.,11.91,11.91
2026-07-16,26-27/01708/Hero,Verma Auto Agencies | AFM | Barabanki,30700ACK00099S,3,Pcs.,59.58,178.74
2026-07-16,26-27/01708/Hero,Verma Auto Agencies | AFM | Barabanki,30700ACK00099S,8,Pcs.,62.72,501.76
2026-07-16,26-27/01708/Hero,Verma Auto Agencies | AFM | Barabanki,35100ACK00099S,4,Pcs.,344.91,1379.64
2026-07-16,26-27/01708/Hero,Verma Auto Agencies | AFM | Barabanki,45450AAF400S,1,Pcs.,155.53,155.53
2026-07-16,26-27/01708/Hero,Verma Auto Agencies | AFM | Barabanki,50512AAF400S,2,Pcs.,74.63,149.26
2026-07-16,26-27/01708/Hero,Verma Auto Agencies | AFM | Barabanki,50512AAF400S,1,Pcs.,84.66,84.66
2026-07-16,26-27/01708/Hero,Verma Auto Agencies | AFM | Barabanki,61301KTCA20RS,2,Pcs.,617.72,1235.44
2026-07-16,26-27/01708/Hero,Verma Auto Agencies | AFM | Barabanki,61301KTCA20RS,6,Pcs.,617.72,3706.32
2026-07-16,26-27/01708/Hero,Verma Auto Agencies | AFM | Barabanki,17910AAE300S,10,Pcs.,72.12,721.2
2026-07-16,26-27/01708/Hero,Verma Auto Agencies | AFM | Barabanki,12208ABG000S,4,Pcs.,28.22,112.88
2026-07-16,26-27/01708/Hero,Verma Auto Agencies | AFM | Barabanki,12208ABG000S,42,Pcs.,31.35,1316.7
2026-07-16,26-27/01708/Hero,Verma Auto Agencies | AFM | Barabanki,13000KCC900S,1,Pcs.,2633.9,2633.9
2026-07-16,26-27/01708/Hero,Verma Auto Agencies | AFM | Barabanki,14670ACK000S,1,Pcs.,31.35,31.35
2026-07-16,26-27/01708/Hero,Verma Auto Agencies | AFM | Barabanki,16424AAE300S,1,Pcs.,125.42,125.42
2026-07-16,26-27/01708/Hero,Verma Auto Agencies | AFM | Barabanki,16424AAF400S,7,Pcs.,43.9,307.3
2026-07-16,26-27/01708/Hero,Verma Auto Agencies | AFM | Barabanki,16450AAL901S,2,Pcs.,787.03,1574.06
2026-07-16,26-27/01708/Hero,Verma Auto Agencies | AFM | Barabanki,16450ACK000S,3,Pcs.,761.95,2285.85
2026-07-16,26-27/01708/Hero,Verma Auto Agencies | AFM | Barabanki,17253AAW000S,1,Pcs.,97.21,97.21
2026-07-16,26-27/01708/Hero,Verma Auto Agencies | AFM | Barabanki,17570AAE30099S,1,Pcs.,254.61,254.61
2026-07-16,26-27/01708/Hero,Verma Auto Agencies | AFM | Barabanki,17620GE2H31S,2,Pcs.,269.66,539.32
2026-07-16,26-27/01708/Hero,Verma Auto Agencies | AFM | Barabanki,17910AAE300S,10,Pcs.,72.12,721.2
2026-07-16,26-27/01708/Hero,Verma Auto Agencies | AFM | Barabanki,17910AAGA00S,1,Pcs.,77.76,77.76
2026-07-16,26-27/01708/Hero,Verma Auto Agencies | AFM | Barabanki,22121AANB00S,1,Pcs.,216.35,216.35
2026-07-16,26-27/01708/Hero,Verma Auto Agencies | AFM | Barabanki,22121AANB00S,1,Pcs.,232.03,232.03
2026-07-16,26-27/01708/Hero,Verma Auto Agencies | AFM | Barabanki,22121AANB01S,1,Pcs.,219.49,219.49
2026-07-16,26-27/01708/Hero,Verma Auto Agencies | AFM | Barabanki,28103ACK010S,1,Pcs.,15.68,15.68
2026-07-16,26-27/01708/Hero,Verma Auto Agencies | AFM | Barabanki,30700ACK00099S,4,Pcs.,59.58,238.32
2026-07-16,26-27/01708/Hero,Verma Auto Agencies | AFM | Barabanki,30700ACK00099S,4,Pcs.,62.72,250.88
2026-07-16,26-27/01708/Hero,Verma Auto Agencies | AFM | Barabanki,30700ACK00099S,1,Pcs.,68.98,68.98
2026-07-16,26-27/01708/Hero,Verma Auto Agencies | AFM | Barabanki,31120ACK011S,2,Pcs.,752.54,1505.08
2026-07-16,26-27/01708/Hero,Verma Auto Agencies | AFM | Barabanki,31120ACK012S,2,Pcs.,783.9,1567.8
2026-07-16,26-27/01708/Hero,Verma Auto Agencies | AFM | Barabanki,31210AAC811S,3,Pcs.,1072.37,3217.11
2026-07-16,26-27/01708/Hero,Verma Auto Agencies | AFM | Barabanki,35100ACK00099S,6,Pcs.,344.91,2069.46
2026-07-16,26-27/01708/Hero,Verma Auto Agencies | AFM | Barabanki,37210AAE30099S,1,Pcs.,363.73,363.73
2026-07-16,26-27/01708/Hero,Verma Auto Agencies | AFM | Barabanki,42303AAH100S,15,Pcs.,56.44,846.6
2026-07-16,26-27/01708/Hero,Verma Auto Agencies | AFM | Barabanki,50512AAF400S,5,Pcs.,74.63,373.15
2026-07-16,26-27/01708/Hero,Verma Auto Agencies | AFM | Barabanki,50512AAF400S,1,Pcs.,81.53,81.53
2026-07-16,26-27/01708/Hero,Verma Auto Agencies | AFM | Barabanki,50512AAF400S,1,Pcs.,84.66,84.66
2026-07-16,26-27/01708/Hero,Verma Auto Agencies | AFM | Barabanki,K40405KWAG930S,2,Pcs.,329.24,658.48
2026-07-16,26-27/01708/Hero,Verma Auto Agencies | AFM | Barabanki,22350AAF400S,13,Pcs.,112.63,1464.19
2026-07-16,26-27/01708/Hero,Verma Auto Agencies | AFM | Barabanki,K12121AANNB00S,2,Pcs.,2060.09,4120.18
2026-07-16,26-27/01708/Hero,Verma Auto Agencies | AFM | Barabanki,K12121ACKA000S,2,Pcs.,1605.42,3210.84
2026-07-16,26-27/01708/Hero,Verma Auto Agencies | AFM | Barabanki,22350AAF400S,2,Pcs.,112.63,225.26
2026-07-16,26-27/01708/Hero,Verma Auto Agencies | AFM | Barabanki,K40405AACNB00S,2,Pcs.,498.73,997.46
2026-07-16,26-27/01708/Hero,Verma Auto Agencies | AFM | Barabanki,K41412ABZA000S,1,Pcs.,1100.76,1100.76
2026-07-16,26-27/01708/Hero,Verma Auto Agencies | AFM | Barabanki,K41412ACLA000S,1,Pcs.,890.51,890.51
2026-07-16,26-27/01708/Hero,Verma Auto Agencies | AFM | Barabanki,17910AAE300S,10,Pcs.,78.39,783.9
2026-07-16,26-27/01708/Hero,Verma Auto Agencies | AFM | Barabanki,13011AAF00099S,6,Pcs.,205.7,1234.2
2026-07-16,26-27/01708/Hero,Verma Auto Agencies | AFM | Barabanki,17910AAEC00S,3,Pcs.,81.53,244.59
2026-07-16,26-27/01709/Hero,Verma Auto Agencies | AFM | Barabanki,61301KTCA20RS,6,Pcs.,617.72,3706.32
2026-07-16,26-27/01709/Hero,Verma Auto Agencies | AFM | Barabanki,64309ABS000TS,1,Pcs.,859.16,859.16
2026-07-16,26-27/01709/Hero,Verma Auto Agencies | AFM | Barabanki,64305ABS000RS,1,Pcs.,925.0,925.0
2026-07-16,26-27/01709/Hero,Verma Auto Agencies | AFM | Barabanki,83500ACK010RS,1,Pcs.,363.73,363.73
2026-07-16,26-27/01709/Hero,Verma Auto Agencies | AFM | Barabanki,64100AAGA00S,1,Pcs.,244.58,244.58
2026-07-16,26-27/01709/Hero,Verma Auto Agencies | AFM | Barabanki,64100AAGA00S,1,Pcs.,244.58,244.58
2026-07-16,26-27/01709/Hero,Verma Auto Agencies | AFM | Barabanki,64330ABS000TS,1,Pcs.,385.68,385.68
2026-07-16,26-27/01709/Hero,Verma Auto Agencies | AFM | Barabanki,11341AAGH00S,1,Pcs.,827.79,827.79
2026-07-16,26-27/01709/Hero,Verma Auto Agencies | AFM | Barabanki,12208ABG000S,12,Pcs.,31.35,376.2
2026-07-16,26-27/01709/Hero,Verma Auto Agencies | AFM | Barabanki,14100AAF400S,1,Pcs.,495.42,495.42
2026-07-16,26-27/01709/Hero,Verma Auto Agencies | AFM | Barabanki,14100AAF400S,1,Pcs.,548.73,548.73
2026-07-16,26-27/01709/Hero,Verma Auto Agencies | AFM | Barabanki,16100AAF101S,1,Pcs.,1561.53,1561.53
2026-07-16,26-27/01709/Hero,Verma Auto Agencies | AFM | Barabanki,16100AAHF01S,1,Pcs.,1155.78,1155.78
2026-07-16,26-27/01709/Hero,Verma Auto Agencies | AFM | Barabanki,16100AAHF01S,1,Pcs.,1254.24,1254.24
2026-07-16,26-27/01709/Hero,Verma Auto Agencies | AFM | Barabanki,16950AAB000S,2,Pcs.,159.91,319.82
2026-07-16,26-27/01709/Hero,Verma Auto Agencies | AFM | Barabanki,17253AAL500S,1,Pcs.,106.61,106.61
2026-07-16,26-27/01709/Hero,Verma Auto Agencies | AFM | Barabanki,17620AAG501S,1,Pcs.,274.05,274.05
2026-07-16,26-27/01709/Hero,Verma Auto Agencies | AFM | Barabanki,17620AAG501S,3,Pcs.,326.1,978.3
2026-07-16,26-27/01709/Hero,Verma Auto Agencies | AFM | Barabanki,22109AAL500S,1,Pcs.,89.05,89.05
2026-07-16,26-27/01709/Hero,Verma Auto Agencies | AFM | Barabanki,22350AANB01S,1,Pcs.,96.95,96.95
2026-07-16,26-27/01709/Hero,Verma Auto Agencies | AFM | Barabanki,31120AAC812S,1,Pcs.,696.1,696.1
2026-07-16,26-27/01709/Hero,Verma Auto Agencies | AFM | Barabanki,31210AAW00099S,1,Pcs.,1461.19,1461.19
2026-07-16,26-27/01709/Hero,Verma Auto Agencies | AFM | Barabanki,42303AAH100S,10,Pcs.,56.44,564.4
2026-07-16,26-27/01709/Hero,Verma Auto Agencies | AFM | Barabanki,43550AAZ310S,1,Pcs.,50.17,50.17
2026-07-16,26-27/01709/Hero,Verma Auto Agencies | AFM | Barabanki,51104KTP900S,2,Pcs.,28.84,57.68
2026-07-16,26-27/01709/Hero,Verma Auto Agencies | AFM | Barabanki,61301AAGA00RS,2,Pcs.,344.91,689.82
2026-07-16,26-27/01709/Hero,Verma Auto Agencies | AFM | Barabanki,64315AAN410S,1,Pcs.,68.98,68.98
2026-07-16,26-27/01709/Hero,Verma Auto Agencies | AFM | Barabanki,64315AAN410S,1,Pcs.,75.25,75.25
2026-07-16,26-27/01709/Hero,Verma Auto Agencies | AFM | Barabanki,77243AAW30099S,4,Pcs.,72.12,288.48
2026-07-16,26-27/01709/Hero,Verma Auto Agencies | AFM | Barabanki,90344AAW000S,40,Pcs.,6.27,250.8
2026-07-16,26-27/01709/Hero,Verma Auto Agencies | AFM | Barabanki,K55912P30D850S,1,Pcs.,112.88,112.88
2026-07-16,26-27/01709/Hero,Verma Auto Agencies | AFM | Barabanki,K55912P30D850S,3,Pcs.,119.16,357.48
2026-07-16,26-27/01709/Hero,Verma Auto Agencies | AFM | Barabanki,K55912P30D850S,19,Pcs.,131.7,2502.3
2026-07-16,26-27/01709/Hero,Verma Auto Agencies | AFM | Barabanki,12208ABG000S,8,Pcs.,31.35,250.8
2026-07-16,26-27/01709/Hero,Verma Auto Agencies | AFM | Barabanki,14510AABA00S,1,Pcs.,40.14,40.14
2026-07-16,26-27/01709/Hero,Verma Auto Agencies | AFM | Barabanki,17253AAL500S,1,Pcs.,106.61,106.61
2026-07-16,26-27/01709/Hero,Verma Auto Agencies | AFM | Barabanki,17570AAE30099S,1,Pcs.,254.61,254.61
2026-07-16,26-27/01709/Hero,Verma Auto Agencies | AFM | Barabanki,21K201S,1,Pcs.,1931.53,1931.53
2026-07-16,26-27/01709/Hero,Verma Auto Agencies | AFM | Barabanki,22350AANB01S,1,Pcs.,96.95,96.95
2026-07-16,26-27/01709/Hero,Verma Auto Agencies | AFM | Barabanki,43141KST920S,1,Pcs.,29.47,29.47
2026-07-16,26-27/01709/Hero,Verma Auto Agencies | AFM | Barabanki,43550AAZ310S,2,Pcs.,50.17,100.34
2026-07-16,26-27/01709/Hero,Verma Auto Agencies | AFM | Barabanki,90344AAW000S,40,Pcs.,6.27,250.8
2026-07-16,26-27/01709/Hero,Verma Auto Agencies | AFM | Barabanki,K41412ABZA000S,2,Pcs.,1100.76,2201.52
2026-07-16,26-27/01709/Hero,Verma Auto Agencies | AFM | Barabanki,K55912P30D850S,6,Pcs.,119.16,714.96
2026-07-16,26-27/01709/Hero,Verma Auto Agencies | AFM | Barabanki,K55912P30D850S,31,Pcs.,131.7,4082.7
2026-07-16,26-27/01710/Hero,Verma Auto Agencies | AFM | Barabanki,3310BAAH10099S,6,Pcs.,385.68,2314.08
2026-07-16,26-27/01710/Hero,Verma Auto Agencies | AFM | Barabanki,3310BAAH10099S,6,Pcs.,385.68,2314.08
2026-07-16,26-27/01710/Hero,Verma Auto Agencies | AFM | Barabanki,81200AAD300S,1,Pcs.,623.98,623.98
2026-07-16,26-27/01710/Hero,Verma Auto Agencies | AFM | Barabanki,91001GF6000S,100,Pcs.,125.42,12542.0
2026-07-16,26-27/01710/Hero,Verma Auto Agencies | AFM | Barabanki,24K150LS,100,Pcs.,282.21,28221.0
2026-07-16,26-27/01710/Hero,Verma Auto Agencies | AFM | Barabanki,22870AANB00S,10,Pcs.,75.25,752.5
2026-07-16,26-27/01710/Hero,Verma Auto Agencies | AFM | Barabanki,61102KTC900S,5,Pcs.,59.58,297.9
2026-07-16,26-27/01710/Hero,Verma Auto Agencies | AFM | Barabanki,14100KCC910S,8,Pcs.,708.65,5669.2
2026-07-16,26-27/01710/Hero,Verma Auto Agencies | AFM | Barabanki,14610086000RS,5,Pcs.,56.44,282.2
2026-07-16,26-27/01710/Hero,Verma Auto Agencies | AFM | Barabanki,14610086000RS,5,Pcs.,59.58,297.9
2026-07-16,26-27/01710/Hero,Verma Auto Agencies | AFM | Barabanki,14610KPH900S,5,Pcs.,21.95,109.75
2026-07-16,26-27/01710/Hero,Verma Auto Agencies | AFM | Barabanki,16955ABA000S,5,Pcs.,15.68,78.4
2026-07-16,26-27/01710/Hero,Verma Auto Agencies | AFM | Barabanki,22350115020S,20,Pcs.,115.77,2315.4
2026-07-16,26-27/01710/Hero,Verma Auto Agencies | AFM | Barabanki,22810KTC900S,2,Pcs.,43.9,87.8
2026-07-16,26-27/01710/Hero,Verma Auto Agencies | AFM | Barabanki,22870KWH970S,10,Pcs.,59.95,599.5
2026-07-16,26-27/01710/Hero,Verma Auto Agencies | AFM | Barabanki,23112AAJH10S,2,Pcs.,75.25,150.5
2026-07-16,26-27/01710/Hero,Verma Auto Agencies | AFM | Barabanki,23421GCC000S,2,Pcs.,247.72,495.44
2026-07-16,26-27/01710/Hero,Verma Auto Agencies | AFM | Barabanki,33710KZAW01S,1,Pcs.,260.25,260.25
2026-07-16,26-27/01710/Hero,Verma Auto Agencies | AFM | Barabanki,35850KR3870S,1,Pcs.,178.73,178.73
2026-07-16,26-27/01710/Hero,Verma Auto Agencies | AFM | Barabanki,41241KTC900S,12,Pcs.,18.81,225.72
2026-07-16,26-27/01710/Hero,Verma Auto Agencies | AFM | Barabanki,43125KST940S,16,Pcs.,87.79,1404.64
2026-07-16,26-27/01710/Hero,Verma Auto Agencies | AFM | Barabanki,45250KCC841S,1,Pcs.,1135.09,1135.09
2026-07-16,26-27/01710/Hero,Verma Auto Agencies | AFM | Barabanki,51103KTP900S,1,Pcs.,27.6,27.6
2026-07-16,26-27/01710/Hero,Verma Auto Agencies | AFM | Barabanki,51103KTP900S,1,Pcs.,31.35,31.35
2026-07-16,26-27/01710/Hero,Verma Auto Agencies | AFM | Barabanki,53171KCC900S,20,Pcs.,9.4,188.0
2026-07-16,26-27/01710/Hero,Verma Auto Agencies | AFM | Barabanki,61100KST940ZDS,1,Pcs.,608.3,608.3
2026-07-16,26-27/01710/Hero,Verma Auto Agencies | AFM | Barabanki,14100KCC910S,2,Pcs.,708.65,1417.3
2026-07-16,26-27/01710/Hero,Verma Auto Agencies | AFM | Barabanki,14610086000RS,35,Pcs.,56.44,1975.4
2026-07-16,26-27/01710/Hero,Verma Auto Agencies | AFM | Barabanki,14610086000RS,55,Pcs.,59.58,3276.9
2026-07-16,26-27/01710/Hero,Verma Auto Agencies | AFM | Barabanki,14610KPH900S,5,Pcs.,21.95,109.75
2026-07-16,26-27/01710/Hero,Verma Auto Agencies | AFM | Barabanki,22810KTC900S,1,Pcs.,43.9,43.9
2026-07-16,26-27/01710/Hero,Verma Auto Agencies | AFM | Barabanki,23112AAJH10S,2,Pcs.,75.25,150.5
2026-07-16,26-27/01710/Hero,Verma Auto Agencies | AFM | Barabanki,23461GK4760S,10,Pcs.,282.21,2822.1
2026-07-16,26-27/01710/Hero,Verma Auto Agencies | AFM | Barabanki,24K150LS,48,Pcs.,282.21,13546.08
2026-07-16,26-27/01710/Hero,Verma Auto Agencies | AFM | Barabanki,35850KR3870S,9,Pcs.,178.73,1608.57
2026-07-16,26-27/01710/Hero,Verma Auto Agencies | AFM | Barabanki,40544198900S,10,Pcs.,9.4,94.0
2026-07-16,26-27/01710/Hero,Verma Auto Agencies | AFM | Barabanki,41241KTC900S,88,Pcs.,18.81,1655.28
2026-07-16,26-27/01710/Hero,Verma Auto Agencies | AFM | Barabanki,43125KST940S,4,Pcs.,87.79,351.16
2026-07-16,26-27/01710/Hero,Verma Auto Agencies | AFM | Barabanki,61103KRY900S,20,Pcs.,3.14,62.8
2026-07-16,26-27/01710/Hero,Verma Auto Agencies | AFM | Barabanki,61105KTC900S,20,Pcs.,6.27,125.4
2026-07-16,26-27/01710/Hero,Verma Auto Agencies | AFM | Barabanki,90101GJ6000S,100,Pcs.,6.27,627.0
2026-07-16,26-27/01710/Hero,Verma Auto Agencies | AFM | Barabanki,90123KRM860S,10,Pcs.,9.4,94.0
2026-07-16,26-27/01710/Hero,Verma Auto Agencies | AFM | Barabanki,22201GF6000S,100,Pcs.,59.33,5933.0
2026-07-16,26-27/01710/Hero,Verma Auto Agencies | AFM | Barabanki,24K150LS,2,Pcs.,282.21,564.42
2026-07-16,26-27/01711/Hero,Verma Auto Agencies | AFM | Barabanki,80100AAE300S,1,Pcs.,589.49,589.49
2026-07-16,26-27/01711/Hero,Verma Auto Agencies | AFM | Barabanki,80100AAE300S,1,Pcs.,589.49,589.49
2026-07-16,26-27/01711/Hero,Verma Auto Agencies | AFM | Barabanki,K44446AAED230S,1,Pcs.,3430.34,3430.34
2026-07-16,26-27/01711/Hero,Verma Auto Agencies | AFM | Barabanki,83410AAE930DS,1,Pcs.,680.42,680.42
2026-07-16,26-27/01711/Hero,Verma Auto Agencies | AFM | Barabanki,K22221AAN125S,5,Pcs.,903.81,4519.05
2026-07-16,26-27/01711/Hero,Verma Auto Agencies | AFM | Barabanki,17910AAGA00S,10,Pcs.,90.93,909.3
2026-07-16,26-27/01711/Hero,Verma Auto Agencies | AFM | Barabanki,17910AAGA00S,10,Pcs.,77.76,777.6
2026-07-16,26-27/01711/Hero,Verma Auto Agencies | AFM | Barabanki,12208ABG000S,54,Pcs.,31.35,1692.9
2026-07-16,26-27/01711/Hero,Verma Auto Agencies | AFM | Barabanki,13011AAF00099S,10,Pcs.,225.76,2257.6
2026-07-16,26-27/01711/Hero,Verma Auto Agencies | AFM | Barabanki,14430AAF400S,2,Pcs.,181.86,363.72
2026-07-16,26-27/01711/Hero,Verma Auto Agencies | AFM | Barabanki,14670ACK000S,4,Pcs.,25.72,102.88
2026-07-16,26-27/01711/Hero,Verma Auto Agencies | AFM | Barabanki,14670ACK000S,30,Pcs.,31.35,940.5
2026-07-16,26-27/01711/Hero,Verma Auto Agencies | AFM | Barabanki,16450AAL901S,1,Pcs.,787.03,787.03
2026-07-16,26-27/01711/Hero,Verma Auto Agencies | AFM | Barabanki,17253AAW000S,1,Pcs.,97.21,97.21
2026-07-16,26-27/01711/Hero,Verma Auto Agencies | AFM | Barabanki,17620GE2H31S,4,Pcs.,269.66,1078.64
2026-07-16,26-27/01711/Hero,Verma Auto Agencies | AFM | Barabanki,17910AAEC00S,10,Pcs.,68.98,689.8
2026-07-16,26-27/01711/Hero,Verma Auto Agencies | AFM | Barabanki,17910AAGA00S,4,Pcs.,90.93,363.72
2026-07-16,26-27/01711/Hero,Verma Auto Agencies | AFM | Barabanki,17910ABZ000S,1,Pcs.,75.25,75.25
2026-07-16,26-27/01711/Hero,Verma Auto Agencies | AFM | Barabanki,22120AAF400S,2,Pcs.,213.22,426.44
2026-07-16,26-27/01711/Hero,Verma Auto Agencies | AFM | Barabanki,22121AANB00S,1,Pcs.,216.35,216.35
2026-07-16,26-27/01711/Hero,Verma Auto Agencies | AFM | Barabanki,22121AANB00S,1,Pcs.,244.58,244.58
2026-07-16,26-27/01711/Hero,Verma Auto Agencies | AFM | Barabanki,22121AANB01S,1,Pcs.,219.49,219.49
2026-07-16,26-27/01711/Hero,Verma Auto Agencies | AFM | Barabanki,2287AACL000S,1,Pcs.,86.54,86.54
2026-07-16,26-27/01711/Hero,Verma Auto Agencies | AFM | Barabanki,28103ACK010S,1,Pcs.,11.91,11.91
2026-07-16,26-27/01711/Hero,Verma Auto Agencies | AFM | Barabanki,30700ACK00099S,3,Pcs.,59.58,178.74
2026-07-16,26-27/01711/Hero,Verma Auto Agencies | AFM | Barabanki,30700ACK00099S,8,Pcs.,62.72,501.76
2026-07-16,26-27/01711/Hero,Verma Auto Agencies | AFM | Barabanki,35100ACK00099S,4,Pcs.,344.91,1379.64
2026-07-16,26-27/01711/Hero,Verma Auto Agencies | AFM | Barabanki,45450AAF400S,1,Pcs.,155.53,155.53
2026-07-16,26-27/01711/Hero,Verma Auto Agencies | AFM | Barabanki,50512AAF400S,2,Pcs.,74.63,149.26
2026-07-16,26-27/01711/Hero,Verma Auto Agencies | AFM | Barabanki,50512AAF400S,1,Pcs.,84.66,84.66
2026-07-16,26-27/01711/Hero,Verma Auto Agencies | AFM | Barabanki,61301KTCA20RS,2,Pcs.,617.72,1235.44
2026-07-16,26-27/01711/Hero,Verma Auto Agencies | AFM | Barabanki,61301KTCA20RS,6,Pcs.,617.72,3706.32
2026-07-16,26-27/01711/Hero,Verma Auto Agencies | AFM | Barabanki,17910AAE300S,10,Pcs.,72.12,721.2
2026-07-16,26-27/01711/Hero,Verma Auto Agencies | AFM | Barabanki,12208ABG000S,4,Pcs.,28.22,112.88
2026-07-16,26-27/01711/Hero,Verma Auto Agencies | AFM | Barabanki,12208ABG000S,42,Pcs.,31.35,1316.7
2026-07-16,26-27/01711/Hero,Verma Auto Agencies | AFM | Barabanki,13000KCC900S,1,Pcs.,2633.9,2633.9
2026-07-16,26-27/01711/Hero,Verma Auto Agencies | AFM | Barabanki,14670ACK000S,1,Pcs.,31.35,31.35
2026-07-16,26-27/01711/Hero,Verma Auto Agencies | AFM | Barabanki,16424AAE300S,1,Pcs.,125.42,125.42
2026-07-16,26-27/01711/Hero,Verma Auto Agencies | AFM | Barabanki,16424AAF400S,7,Pcs.,43.9,307.3
2026-07-16,26-27/01711/Hero,Verma Auto Agencies | AFM | Barabanki,16450AAL901S,2,Pcs.,787.03,1574.06
2026-07-16,26-27/01711/Hero,Verma Auto Agencies | AFM | Barabanki,16450ACK000S,3,Pcs.,761.95,2285.85
2026-07-16,26-27/01711/Hero,Verma Auto Agencies | AFM | Barabanki,17253AAW000S,1,Pcs.,97.21,97.21
2026-07-16,26-27/01711/Hero,Verma Auto Agencies | AFM | Barabanki,17570AAE30099S,1,Pcs.,254.61,254.61
2026-07-16,26-27/01711/Hero,Verma Auto Agencies | AFM | Barabanki,17620GE2H31S,2,Pcs.,269.66,539.32
2026-07-16,26-27/01711/Hero,Verma Auto Agencies | AFM | Barabanki,17910AAE300S,10,Pcs.,72.12,721.2
2026-07-16,26-27/01711/Hero,Verma Auto Agencies | AFM | Barabanki,17910AAGA00S,1,Pcs.,77.76,77.76
2026-07-16,26-27/01711/Hero,Verma Auto Agencies | AFM | Barabanki,22121AANB00S,1,Pcs.,216.35,216.35
2026-07-16,26-27/01711/Hero,Verma Auto Agencies | AFM | Barabanki,22121AANB00S,1,Pcs.,232.03,232.03
2026-07-16,26-27/01711/Hero,Verma Auto Agencies | AFM | Barabanki,22121AANB01S,1,Pcs.,219.49,219.49
2026-07-16,26-27/01711/Hero,Verma Auto Agencies | AFM | Barabanki,28103ACK010S,1,Pcs.,15.68,15.68
2026-07-16,26-27/01711/Hero,Verma Auto Agencies | AFM | Barabanki,30700ACK00099S,4,Pcs.,59.58,238.32
2026-07-16,26-27/01711/Hero,Verma Auto Agencies | AFM | Barabanki,30700ACK00099S,4,Pcs.,62.72,250.88
2026-07-16,26-27/01711/Hero,Verma Auto Agencies | AFM | Barabanki,30700ACK00099S,1,Pcs.,68.98,68.98
2026-07-16,26-27/01711/Hero,Verma Auto Agencies | AFM | Barabanki,31120ACK011S,2,Pcs.,752.54,1505.08
2026-07-16,26-27/01711/Hero,Verma Auto Agencies | AFM | Barabanki,31120ACK012S,2,Pcs.,783.9,1567.8
2026-07-16,26-27/01711/Hero,Verma Auto Agencies | AFM | Barabanki,31210AAC811S,3,Pcs.,1072.37,3217.11
2026-07-16,26-27/01711/Hero,Verma Auto Agencies | AFM | Barabanki,35100ACK00099S,6,Pcs.,344.91,2069.46
2026-07-16,26-27/01711/Hero,Verma Auto Agencies | AFM | Barabanki,37210AAE30099S,1,Pcs.,363.73,363.73
2026-07-16,26-27/01711/Hero,Verma Auto Agencies | AFM | Barabanki,42303AAH100S,15,Pcs.,56.44,846.6
2026-07-16,26-27/01711/Hero,Verma Auto Agencies | AFM | Barabanki,50512AAF400S,5,Pcs.,74.63,373.15
2026-07-16,26-27/01711/Hero,Verma Auto Agencies | AFM | Barabanki,50512AAF400S,1,Pcs.,81.53,81.53
2026-07-16,26-27/01711/Hero,Verma Auto Agencies | AFM | Barabanki,50512AAF400S,1,Pcs.,84.66,84.66
2026-07-16,26-27/01711/Hero,Verma Auto Agencies | AFM | Barabanki,K40405KWAG930S,2,Pcs.,329.24,658.48
2026-07-16,26-27/01711/Hero,Verma Auto Agencies | AFM | Barabanki,22350AAF400S,13,Pcs.,112.63,1464.19
2026-07-16,26-27/01711/Hero,Verma Auto Agencies | AFM | Barabanki,K12121AANNB00S,2,Pcs.,2060.09,4120.18
2026-07-16,26-27/01711/Hero,Verma Auto Agencies | AFM | Barabanki,K12121ACKA000S,2,Pcs.,1605.42,3210.84
2026-07-16,26-27/01711/Hero,Verma Auto Agencies | AFM | Barabanki,22350AAF400S,2,Pcs.,112.63,225.26
2026-07-16,26-27/01711/Hero,Verma Auto Agencies | AFM | Barabanki,K40405AACNB00S,2,Pcs.,498.73,997.46
2026-07-16,26-27/01711/Hero,Verma Auto Agencies | AFM | Barabanki,K41412ABZA000S,1,Pcs.,1100.76,1100.76
2026-07-16,26-27/01711/Hero,Verma Auto Agencies | AFM | Barabanki,K41412ACLA000S,1,Pcs.,890.51,890.51
2026-07-16,26-27/01711/Hero,Verma Auto Agencies | AFM | Barabanki,17910AAE300S,10,Pcs.,78.39,783.9
2026-07-16,26-27/01711/Hero,Verma Auto Agencies | AFM | Barabanki,13011AAF00099S,6,Pcs.,205.7,1234.2
2026-07-16,26-27/01711/Hero,Verma Auto Agencies | AFM | Barabanki,17910AAEC00S,3,Pcs.,81.53,244.59
2026-07-16,26-27/01712/Hero,Pankaj Auto | AFM | Bisalpur,44830KWA830S,6,Pcs.,57.7,346.2
2026-07-16,26-27/01712/Hero,Pankaj Auto | AFM | Bisalpur,44830KWA830S,4,Pcs.,62.72,250.88
2026-07-16,26-27/01712/Hero,Pankaj Auto | AFM | Bisalpur,61311AAC200S,3,Pcs.,206.95,620.85
2026-07-16,26-27/01712/Hero,Pankaj Auto | AFM | Bisalpur,83402KTCA20S,3,Pcs.,84.66,253.98
2026-07-16,26-27/01712/Hero,Pankaj Auto | AFM | Bisalpur,K12121ACKA000S,2,Pcs.,1605.42,3210.84
2026-07-16,26-27/01712/Hero,Pankaj Auto | AFM | Bisalpur,11321KWA940S,7,Pcs.,90.93,636.51
2026-07-16,26-27/01712/Hero,Pankaj Auto | AFM | Bisalpur,11321KWA940S,9,Pcs.,94.07,846.63
2026-07-16,26-27/01712/Hero,Pankaj Auto | AFM | Bisalpur,14510KTC901S,4,Pcs.,40.76,163.04
2026-07-16,26-27/01712/Hero,Pankaj Auto | AFM | Bisalpur,14510KTC901S,1,Pcs.,50.17,50.17
2026-07-16,26-27/01712/Hero,Pankaj Auto | AFM | Bisalpur,14610KPH900S,5,Pcs.,21.95,109.75
2026-07-16,26-27/01712/Hero,Pankaj Auto | AFM | Bisalpur,17620GE2H31S,1,Pcs.,235.17,235.17
2026-07-16,26-27/01712/Hero,Pankaj Auto | AFM | Bisalpur,17620GE2H31S,4,Pcs.,269.66,1078.64
2026-07-16,26-27/01712/Hero,Pankaj Auto | AFM | Bisalpur,17620KCC900S,10,Pcs.,43.9,439.0
2026-07-16,26-27/01712/Hero,Pankaj Auto | AFM | Bisalpur,24430KST900S,20,Pcs.,53.3,1066.0
2026-07-16,26-27/01712/Hero,Pankaj Auto | AFM | Bisalpur,24701KCC900S,7,Pcs.,137.97,965.79
2026-07-16,26-27/01712/Hero,Pankaj Auto | AFM | Bisalpur,25K170S,9,Pcs.,297.88,2680.92
2026-07-16,26-27/01712/Hero,Pankaj Auto | AFM | Bisalpur,33741KAK971S,10,Pcs.,15.68,156.8
2026-07-16,26-27/01712/Hero,Pankaj Auto | AFM | Bisalpur,35130AAD00099S,15,Pcs.,37.63,564.45
2026-07-16,26-27/01712/Hero,Pankaj Auto | AFM | Bisalpur,35330413003S,10,Pcs.,19.44,194.4
2026-07-16,26-27/01712/Hero,Pankaj Auto | AFM | Bisalpur,37610KCC900S,5,Pcs.,116.02,580.1
2026-07-16,26-27/01712/Hero,Pankaj Auto | AFM | Bisalpur,37700KWA830S,1,Pcs.,435.84,435.84
2026-07-16,26-27/01712/Hero,Pankaj Auto | AFM | Bisalpur,37800AAC801S,2,Pcs.,210.09,420.18
2026-07-16,26-27/01712/Hero,Pankaj Auto | AFM | Bisalpur,11321KWA940S,2,Pcs.,90.93,181.86
2026-07-16,26-27/01712/Hero,Pankaj Auto | AFM | Bisalpur,11321KWA940S,2,Pcs.,94.07,188.14
2026-07-16,26-27/01712/Hero,Pankaj Auto | AFM | Bisalpur,16100KWA935S,1,Pcs.,1614.83,1614.83
2026-07-16,26-27/01712/Hero,Pankaj Auto | AFM | Bisalpur,16100KWH762S,1,Pcs.,1411.02,1411.02
2026-07-16,26-27/01712/Hero,Pankaj Auto | AFM | Bisalpur,16952KCC900S,50,Pcs.,25.09,1254.5
2026-07-16,26-27/01712/Hero,Pankaj Auto | AFM | Bisalpur,22102AAL500S,2,Pcs.,257.12,514.24
2026-07-16,26-27/01712/Hero,Pankaj Auto | AFM | Bisalpur,24430KST900S,10,Pcs.,53.3,533.0
2026-07-16,26-27/01712/Hero,Pankaj Auto | AFM | Bisalpur,24701KCC900S,3,Pcs.,137.97,413.91
2026-07-16,26-27/01712/Hero,Pankaj Auto | AFM | Bisalpur,25K170S,1,Pcs.,297.88,297.88
2026-07-16,26-27/01712/Hero,Pankaj Auto | AFM | Bisalpur,33741KAK971S,20,Pcs.,15.68,313.6
2026-07-16,26-27/01712/Hero,Pankaj Auto | AFM | Bisalpur,35130AAD00099S,35,Pcs.,37.63,1317.05
2026-07-16,26-27/01712/Hero,Pankaj Auto | AFM | Bisalpur,35330413003S,40,Pcs.,19.44,777.6
2026-07-16,26-27/01712/Hero,Pankaj Auto | AFM | Bisalpur,37700KWA830S,1,Pcs.,435.84,435.84
2026-07-16,26-27/01712/Hero,Pankaj Auto | AFM | Bisalpur,42301ABA000S,5,Pcs.,68.98,344.9
2026-07-16,26-27/01712/Hero,Pankaj Auto | AFM | Bisalpur,44830KST940S,10,Pcs.,78.39,783.9
2026-07-16,26-27/01712/Hero,Pankaj Auto | AFM | Bisalpur,83402KWA830S,3,Pcs.,97.21,291.63
2026-07-16,26-27/01712/Hero,Pankaj Auto | AFM | Bisalpur,61313KCC900S,20,Pcs.,25.72,514.4
2026-07-16,26-27/01712/Hero,Pankaj Auto | AFM | Bisalpur,61314KCC900S,20,Pcs.,34.49,689.8
2026-07-16,26-27/01713/Hero,Mishra M/c Store | AFM | Bilsanda,61100KST940ZAPROS,5,Pcs.,228.81,1144.05
2026-07-16,26-27/01713/Hero,Mishra M/c Store | AFM | Bilsanda,83401KCC900SPROS,8,Pcs.,194.91,1559.28
2026-07-16,26-27/01714/Hero,Mishra M/c Store | AFM | Bilsanda,42711HTR701S,5,Pcs.,1093.22,5466.1
2026-07-16,26-27/01715/Hero,Pankaj Auto | AFM | Bisalpur,18355KWA830S,5,Pcs.,121.03,605.15
2026-07-16,26-27/01715/Hero,Pankaj Auto | AFM | Bisalpur,16701AAE300S,5,Pcs.,122.28,611.4
2026-07-16,26-27/01715/Hero,Pankaj Auto | AFM | Bisalpur,16701AAF400S,5,Pcs.,87.79,438.95
2026-07-16,26-27/01715/Hero,Pankaj Auto | AFM | Bisalpur,24211GF6000RS,10,Pcs.,203.81,2038.1
2026-07-16,26-27/01715/Hero,Pankaj Auto | AFM | Bisalpur,35100AAN601S,10,Pcs.,263.39,2633.9
2026-07-16,26-27/01715/Hero,Pankaj Auto | AFM | Bisalpur,35121AACH30S,20,Pcs.,21.95,439.0
2026-07-16,26-27/01715/Hero,Pankaj Auto | AFM | Bisalpur,35121AAEH00S,20,Pcs.,16.93,338.6
2026-07-16,26-27/01715/Hero,Pankaj Auto | AFM | Bisalpur,35122AACH30S,20,Pcs.,21.95,439.0
2026-07-16,26-27/01715/Hero,Pankaj Auto | AFM | Bisalpur,35122AAEH00S,20,Pcs.,21.95,439.0
2026-07-16,26-27/01715/Hero,Pankaj Auto | AFM | Bisalpur,35340KCC900S,10,Pcs.,37.63,376.3
2026-07-16,26-27/01715/Hero,Pankaj Auto | AFM | Bisalpur,53140KTC900S,2,Pcs.,31.35,62.7
2026-07-16,26-27/01715/Hero,Pankaj Auto | AFM | Bisalpur,53140KTC900S,8,Pcs.,34.49,275.92
2026-07-16,26-27/01716/Hero,Pankaj Auto | AFM | Bisalpur,14311KPL900S,3,Pcs.,31.98,95.94
2026-07-16,26-27/01716/Hero,Pankaj Auto | AFM | Bisalpur,15384178000S,3,Pcs.,25.09,75.27
2026-07-16,26-27/01716/Hero,Pankaj Auto | AFM | Bisalpur,15651AAW000S,2,Pcs.,21.32,42.64
2026-07-16,26-27/01716/Hero,Pankaj Auto | AFM | Bisalpur,15651AAW000S,1,Pcs.,23.21,23.21
2026-07-16,26-27/01716/Hero,Pankaj Auto | AFM | Bisalpur,53175KSP900S,3,Pcs.,87.79,263.37
2026-07-16,26-27/01716/Hero,Pankaj Auto | AFM | Bisalpur,77215AAD300S,1,Pcs.,58.95,58.95
2026-07-16,26-27/01716/Hero,Pankaj Auto | AFM | Bisalpur,77215AAD300S,2,Pcs.,63.97,127.94
2026-07-16,26-27/01716/Hero,Pankaj Auto | AFM | Bisalpur,84701KCC860S,5,Pcs.,18.81,94.05
2026-07-16,26-27/01716/Hero,Pankaj Auto | AFM | Bisalpur,99620AAN701S,6,Pcs.,21.19,127.14
2026-07-16,26-27/01717/Hero,New Khan Auto | AFM | Bisalpur,83401KCC900SPROS,8,Pcs.,194.91,1559.28
2026-07-16,26-27/01718/Hero,Mishra M/c Store | AFM | Bilsanda,K40405KCCA901S,4,Pcs.,388.27,1553.08
2026-07-16,26-27/01718/Hero,Mishra M/c Store | AFM | Bilsanda,K40405KCCA901S,1,Pcs.,351.72,351.72
2026-07-16,26-27/01718/Hero,Mishra M/c Store | AFM | Bilsanda,3310BAACH00S,1,Pcs.,473.1,473.1
2026-07-16,26-27/01718/Hero,Mishra M/c Store | AFM | Bilsanda,35100AACH01S,1,Pcs.,332.79,332.79
2026-07-16,26-27/01718/Hero,Mishra M/c Store | AFM | Bilsanda,35100AAHH50S,3,Pcs.,388.27,1164.81
2026-07-16,26-27/01718/Hero,Mishra M/c Store | AFM | Bilsanda,88110AAHH00S,5,Pcs.,104.4,522.0
2026-07-16,26-27/01718/Hero,Mishra M/c Store | AFM | Bilsanda,88120AAHH00S,5,Pcs.,104.4,522.0
2026-07-16,26-27/01718/Hero,Mishra M/c Store | AFM | Bilsanda,K12121KSTG940S,1,Pcs.,1615.04,1615.04
2026-07-16,26-27/01718/Hero,Mishra M/c Store | AFM | Bilsanda,K22222HF100DS,2,Pcs.,570.98,1141.96
2026-07-16,26-27/01718/Hero,Mishra M/c Store | AFM | Bilsanda,14401AAG00099S,5,Pcs.,202.29,1011.45
2026-07-16,26-27/01718/Hero,Mishra M/c Store | AFM | Bilsanda,21K120LS,1,Pcs.,1471.49,1471.49
2026-07-16,26-27/01718/Hero,Mishra M/c Store | AFM | Bilsanda,23801GF6000S,10,Pcs.,61.99,619.9
2026-07-16,26-27/01718/Hero,Mishra M/c Store | AFM | Bilsanda,28110AADH40S,2,Pcs.,345.84,691.68
2026-07-16,26-27/01718/Hero,Mishra M/c Store | AFM | Bilsanda,28110ACK010S,2,Pcs.,345.84,691.68
2026-07-16,26-27/01718/Hero,Mishra M/c Store | AFM | Bilsanda,3310BAACH00S,1,Pcs.,473.1,473.1
2026-07-16,26-27/01718/Hero,Mishra M/c Store | AFM | Bilsanda,35100AACH01S,2,Pcs.,339.32,678.64
2026-07-16,26-27/01718/Hero,Mishra M/c Store | AFM | Bilsanda,38501AAW30099S,10,Pcs.,104.4,1044.0
2026-07-16,26-27/01718/Hero,Mishra M/c Store | AFM | Bilsanda,77220KY6000S,10,Pcs.,61.99,619.9
2026-07-16,26-27/01719/Hero,Pankaj Auto | AFM | Bisalpur,88120AAHH00S,10,Pcs.,100.34,1003.4
2026-07-16,26-27/01719/Hero,Pankaj Auto | AFM | Bisalpur,88110AAHH00S,10,Pcs.,100.34,1003.4
2026-07-16,26-27/01719/Hero,Pankaj Auto | AFM | Bisalpur,3370BAAY001S,1,Pcs.,743.14,743.14
2026-07-16,26-27/01719/Hero,Pankaj Auto | AFM | Bisalpur,13011KCC942S,10,Pcs.,199.42,1994.2
2026-07-16,26-27/01719/Hero,Pankaj Auto | AFM | Bisalpur,13021KTC305S,3,Pcs.,175.6,526.8
2026-07-16,26-27/01719/Hero,Pankaj Auto | AFM | Bisalpur,13031KTC305S,5,Pcs.,175.6,878.0
2026-07-16,26-27/01719/Hero,Pankaj Auto | AFM | Bisalpur,14610086000RS,20,Pcs.,59.58,1191.6
2026-07-16,26-27/01719/Hero,Pankaj Auto | AFM | Bisalpur,14670035030LS,15,Pcs.,57.7,865.5
2026-07-16,26-27/01719/Hero,Pankaj Auto | AFM | Bisalpur,14670035030LS,5,Pcs.,65.84,329.2
2026-07-16,26-27/01719/Hero,Pankaj Auto | AFM | Bisalpur,16400ACK000S,1,Pcs.,4944.83,4944.83
2026-07-16,26-27/01719/Hero,Pankaj Auto | AFM | Bisalpur,17570AANB0099S,1,Pcs.,286.6,286.6
2026-07-16,26-27/01719/Hero,Pankaj Auto | AFM | Bisalpur,22815166000S,30,Pcs.,6.27,188.1
2026-07-16,26-27/01719/Hero,Pankaj Auto | AFM | Bisalpur,23112AAJH10S,10,Pcs.,75.25,752.5
2026-07-16,26-27/01719/Hero,Pankaj Auto | AFM | Bisalpur,23801GF6000S,5,Pcs.,59.58,297.9
2026-07-16,26-27/01719/Hero,Pankaj Auto | AFM | Bisalpur,3310BKCC710AS,1,Pcs.,351.19,351.19
2026-07-16,26-27/01719/Hero,Pankaj Auto | AFM | Bisalpur,35150AAF00099S,10,Pcs.,200.68,2006.8
2026-07-16,26-27/01719/Hero,Pankaj Auto | AFM | Bisalpur,35330413003S,20,Pcs.,19.44,388.8
2026-07-16,26-27/01719/Hero,Pankaj Auto | AFM | Bisalpur,37100AAC74099S,1,Pcs.,2615.09,2615.09
2026-07-16,26-27/01719/Hero,Pankaj Auto | AFM | Bisalpur,37800ABA000S,1,Pcs.,203.81,203.81
2026-07-16,26-27/01719/Hero,Pankaj Auto | AFM | Bisalpur,37800KVN901S,1,Pcs.,257.12,257.12
2026-07-16,26-27/01719/Hero,Pankaj Auto | AFM | Bisalpur,45251KSP861S,1,Pcs.,884.24,884.24
2026-07-16,26-27/01719/Hero,Pankaj Auto | AFM | Bisalpur,52181001300S,10,Pcs.,26.34,263.4
2026-07-16,26-27/01719/Hero,Pankaj Auto | AFM | Bisalpur,61303KWA830S,20,Pcs.,15.68,313.6
2026-07-16,26-27/01719/Hero,Pankaj Auto | AFM | Bisalpur,61311KCC840S,2,Pcs.,109.75,219.5
2026-07-16,26-27/01719/Hero,Pankaj Auto | AFM | Bisalpur,6131BAAEB00S,5,Pcs.,50.17,250.85
2026-07-16,26-27/01719/Hero,Pankaj Auto | AFM | Bisalpur,6131CAAEB00S,5,Pcs.,43.9,219.5
2026-07-16,26-27/01719/Hero,Pankaj Auto | AFM | Bisalpur,88110AAEH31S,10,Pcs.,109.75,1097.5
2026-07-16,26-27/01719/Hero,Pankaj Auto | AFM | Bisalpur,88120AAEH31S,10,Pcs.,109.75,1097.5
2026-07-16,26-27/01719/Hero,Pankaj Auto | AFM | Bisalpur,90801035000S,20,Pcs.,6.9,138.0
2026-07-16,26-27/01719/Hero,Pankaj Auto | AFM | Bisalpur,80100KTRA20S,1,Pcs.,401.35,401.35
2026-07-16,26-27/01720/Hero,Gangwar Auto Parts | AFM | Aherola Bhuta,14670035030LS,5,Pcs.,70.92,354.6
2026-07-16,26-27/01720/Hero,Gangwar Auto Parts | AFM | Aherola Bhuta,14675178000S,5,Pcs.,43.9,219.5
2026-07-16,26-27/01720/Hero,Gangwar Auto Parts | AFM | Aherola Bhuta,22201AAHA01S,20,Pcs.,47.27,945.4
2026-07-16,26-27/01720/Hero,Gangwar Auto Parts | AFM | Aherola Bhuta,53178AAFH00S,5,Pcs.,60.79,303.95
2026-07-16,26-27/01720/Hero,Gangwar Auto Parts | AFM | Aherola Bhuta,K83834AAEAH00SS,2,Pcs.,118.2,236.4
2026-07-16,26-27/01721/Hero,New Khan Auto | AFM | Bisalpur,12361035000S,5,Pcs.,18.93,94.65
2026-07-16,26-27/01721/Hero,New Khan Auto | AFM | Bisalpur,12361035000S,5,Pcs.,19.57,97.85
2026-07-16,26-27/01721/Hero,New Khan Auto | AFM | Bisalpur,17620KCC900S,3,Pcs.,45.68,137.04
2026-07-16,26-27/01721/Hero,New Khan Auto | AFM | Bisalpur,22K130LS,5,Pcs.,300.17,1500.85
2026-07-16,26-27/01721/Hero,New Khan Auto | AFM | Bisalpur,35130AAD00099S,10,Pcs.,26.76,267.6
2026-07-16,26-27/01721/Hero,New Khan Auto | AFM | Bisalpur,35150KWA841S,2,Pcs.,68.51,137.02
2026-07-16,26-27/01721/Hero,New Khan Auto | AFM | Bisalpur,37800AAE30099S,2,Pcs.,309.96,619.92
2026-07-16,26-27/01721/Hero,New Khan Auto | AFM | Bisalpur,42303KTR900S,6,Pcs.,48.94,293.64
2026-07-16,26-27/01721/Hero,New Khan Auto | AFM | Bisalpur,42303KZAW00S,1,Pcs.,65.26,65.26
2026-07-16,26-27/01721/Hero,New Khan Auto | AFM | Bisalpur,42303KZAW00S,4,Pcs.,71.78,287.12
2026-07-16,26-27/01721/Hero,New Khan Auto | AFM | Bisalpur,53140KTC900S,10,Pcs.,42.41,424.1
2026-07-16,26-27/01721/Hero,New Khan Auto | AFM | Bisalpur,83402KTCA20S,2,Pcs.,84.83,169.66
2026-07-16,26-27/01721/Hero,New Khan Auto | AFM | Bisalpur,83402KTCA20S,3,Pcs.,88.1,264.3
2026-07-16,26-27/01721/Hero,New Khan Auto | AFM | Bisalpur,K42423KCCZ600S,20,Pcs.,55.46,1109.2
2026-07-16,26-27/01721/Hero,New Khan Auto | AFM | Bisalpur,K91902HF100DS,20,Pcs.,43.72,874.4
2026-07-16,26-27/01721/Hero,New Khan Auto | AFM | Bisalpur,40520AAN410S,2,Pcs.,85.49,170.98
2026-07-16,26-27/01721/Hero,New Khan Auto | AFM | Bisalpur,17620KCC900S,7,Pcs.,45.68,319.76
2026-07-16,26-27/01721/Hero,New Khan Auto | AFM | Bisalpur,18355KWA830S,5,Pcs.,143.56,717.8
2026-07-16,26-27/01721/Hero,New Khan Auto | AFM | Bisalpur,21K120LS,1,Pcs.,1293.34,1293.34
2026-07-16,26-27/01721/Hero,New Khan Auto | AFM | Bisalpur,21K120LS,1,Pcs.,1471.49,1471.49
2026-07-16,26-27/01721/Hero,New Khan Auto | AFM | Bisalpur,22102AAL500S,2,Pcs.,267.54,535.08
2026-07-16,26-27/01721/Hero,New Khan Auto | AFM | Bisalpur,22102AAL500S,1,Pcs.,303.43,303.43
2026-07-16,26-27/01721/Hero,New Khan Auto | AFM | Bisalpur,22121ACL000S,2,Pcs.,261.01,522.02
2026-07-16,26-27/01721/Hero,New Khan Auto | AFM | Bisalpur,22350ACL000S,1,Pcs.,169.66,169.66
2026-07-16,26-27/01721/Hero,New Khan Auto | AFM | Bisalpur,22350ACL000S,1,Pcs.,179.45,179.45
2026-07-16,26-27/01721/Hero,New Khan Auto | AFM | Bisalpur,22870KCC900S,2,Pcs.,65.9,131.8
2026-07-16,26-27/01721/Hero,New Khan Auto | AFM | Bisalpur,22870KCC900S,6,Pcs.,71.78,430.68
2026-07-16,26-27/01721/Hero,New Khan Auto | AFM | Bisalpur,22870KCC900S,2,Pcs.,75.04,150.08
2026-07-16,26-27/01721/Hero,New Khan Auto | AFM | Bisalpur,22K130LS,5,Pcs.,300.17,1500.85
2026-07-16,26-27/01721/Hero,New Khan Auto | AFM | Bisalpur,23461GK4760S,5,Pcs.,293.65,1468.25
2026-07-16,26-27/01721/Hero,New Khan Auto | AFM | Bisalpur,31210ACK01099S,1,Pcs.,1742.29,1742.29
2026-07-16,26-27/01721/Hero,New Khan Auto | AFM | Bisalpur,35150AAF00099S,5,Pcs.,208.82,1044.1
2026-07-16,26-27/01721/Hero,New Khan Auto | AFM | Bisalpur,35150KWA841S,8,Pcs.,68.51,548.08
2026-07-16,26-27/01721/Hero,New Khan Auto | AFM | Bisalpur,37800AAE30099S,3,Pcs.,309.96,929.88
2026-07-16,26-27/01721/Hero,New Khan Auto | AFM | Bisalpur,40510AAN410S,2,Pcs.,100.49,200.98
2026-07-16,26-27/01721/Hero,New Khan Auto | AFM | Bisalpur,42303KTR900S,4,Pcs.,48.94,195.76
2026-07-16,26-27/01721/Hero,New Khan Auto | AFM | Bisalpur,K22222HF100DS,3,Pcs.,636.23,1908.69
2026-07-16,26-27/01721/Hero,New Khan Auto | AFM | Bisalpur,18355KWH760S,1,Pcs.,198.38,198.38
2026-07-16,26-27/01721/Hero,New Khan Auto | AFM | Bisalpur,18355KWH760S,4,Pcs.,215.34,861.36
2026-07-16,26-27/01721/Hero,New Khan Auto | AFM | Bisalpur,33K152S,10,Pcs.,463.3,4633.0
2026-07-16,26-27/01722/Hero,Ramesh Auto Service | AFM | Aonla,83401KCC900SPROS,8,Pcs.,194.91,1559.28
2026-07-16,26-27/01723/Hero,Ramesh Auto Service | AFM | Aonla,83401KCC900SPROS,8,Pcs.,194.91,1559.28
2026-07-16,26-27/01724/Hero,Raza Auto Service | AFM | Ballia,12341198900S,2,Pcs.,83.75,167.5
2026-07-16,26-27/01724/Hero,Raza Auto Service | AFM | Ballia,12341KWA900S,2,Pcs.,84.43,168.86
2026-07-16,26-27/01724/Hero,Raza Auto Service | AFM | Ballia,14502086000RS,10,Pcs.,58.8,588.0
2026-07-16,26-27/01724/Hero,Raza Auto Service | AFM | Ballia,14566086030S,20,Pcs.,6.53,130.6
2026-07-16,26-27/01724/Hero,Raza Auto Service | AFM | Ballia,14610086000RS,10,Pcs.,62.07,620.7
2026-07-16,26-27/01724/Hero,Raza Auto Service | AFM | Ballia,25K160S,1,Pcs.,195.0,195.0
2026-07-16,26-27/01724/Hero,Raza Auto Service | AFM | Ballia,25K160S,3,Pcs.,221.44,664.32
2026-07-16,26-27/01724/Hero,Raza Auto Service | AFM | Ballia,37230KWHH01S,10,Pcs.,57.41,574.1
2026-07-16,26-27/01724/Hero,Raza Auto Service | AFM | Ballia,43120365H70S,20,Pcs.,49.65,993.0
2026-07-16,26-27/01724/Hero,Raza Auto Service | AFM | Ballia,90083KVH900S,20,Pcs.,3.38,67.6
2026-07-16,26-27/01725/Hero,Khan Auto Parts | AFM | Shahi,61100KST940ZAPROS,5,Pcs.,228.81,1144.05
2026-07-16,26-27/01726/Hero,Khan Auto Parts | AFM | Shahi,61100KST940ZAPROS,5,Pcs.,228.81,1144.05
2026-07-16,26-27/01727/Hero,Saqlani Automobile | AFM | Nakatia,61100KST940ZAPROS,5,Pcs.,228.81,1144.05
2026-07-16,26-27/01728/Hero,Saqlani Automobile | AFM | Nakatia,61100KST940ZAPROS,5,Pcs.,228.81,1144.05
2026-07-16,26-27/01729/Hero,Saqlani Automobile | AFM | Nakatia,61100KST940ZAPROS,5,Pcs.,228.81,1144.05
2026-07-16,26-27/01730/Hero,Saqlani Automobile | AFM | Nakatia,61100KST940ZAPROS,5,Pcs.,228.81,1144.05
2026-07-17,26-27/01731/Hero,Pankaj Auto | AFM | Bisalpur,24211GF6000RS,5,Pcs.,185.0,925.0
2026-07-17,26-27/01731/Hero,Pankaj Auto | AFM | Bisalpur,24211GF6000RS,5,Pcs.,203.81,1019.05
2026-07-17,26-27/01731/Hero,Pankaj Auto | AFM | Bisalpur,35100AAE301S,5,Pcs.,288.47,1442.35
2026-07-17,26-27/01731/Hero,Pankaj Auto | AFM | Bisalpur,50630AANB00S,1,Pcs.,83.4,83.4
2026-07-17,26-27/01731/Hero,Pankaj Auto | AFM | Bisalpur,50630AANB00S,5,Pcs.,94.07,470.35
2026-07-17,26-27/01731/Hero,Pankaj Auto | AFM | Bisalpur,50630AANB00S,4,Pcs.,97.21,388.84
2026-07-17,26-27/01731/Hero,Pankaj Auto | AFM | Bisalpur,50640AANB00S,10,Pcs.,97.21,972.1
2026-07-17,26-27/01731/Hero,Pankaj Auto | AFM | Bisalpur,961006001000S,10,Pcs.,65.84,658.4
2026-07-17,26-27/01731/Hero,Pankaj Auto | AFM | Bisalpur,961006203000S,10,Pcs.,53.3,533.0
2026-07-17,26-27/01732/Hero,Bharat auto spare | AFM | Koharapeer,14610086000RS,10,Pcs.,65.34,653.4
2026-07-17,26-27/01732/Hero,Bharat auto spare | AFM | Koharapeer,22K130LS,1,Pcs.,304.07,304.07
2026-07-17,26-27/01732/Hero,Bharat auto spare | AFM | Koharapeer,22K130LS,1,Pcs.,330.51,330.51
2026-07-17,26-27/01733/Hero,Rajdhani Auto Spares | AFM | Koharapeer,11321KWA940S,1,Pcs.,94.43,94.43
2026-07-17,26-27/01733/Hero,Rajdhani Auto Spares | AFM | Koharapeer,11321KWA940S,4,Pcs.,97.69,390.76
2026-07-17,26-27/01733/Hero,Rajdhani Auto Spares | AFM | Koharapeer,14100AANB00S,1,Pcs.,602.43,602.43
2026-07-17,26-27/01733/Hero,Rajdhani Auto Spares | AFM | Koharapeer,14401AAD00099S,20,Pcs.,97.69,1953.8
2026-07-17,26-27/01733/Hero,Rajdhani Auto Spares | AFM | Koharapeer,14430AANB00S,4,Pcs.,185.62,742.48
2026-07-17,26-27/01733/Hero,Rajdhani Auto Spares | AFM | Koharapeer,14550KWS900S,5,Pcs.,36.47,182.35
2026-07-17,26-27/01733/Hero,Rajdhani Auto Spares | AFM | Koharapeer,16701AAF400S,1,Pcs.,91.17,91.17
2026-07-17,26-27/01733/Hero,Rajdhani Auto Spares | AFM | Koharapeer,22121AAG501S,2,Pcs.,260.51,521.02
2026-07-17,26-27/01733/Hero,Rajdhani Auto Spares | AFM | Koharapeer,23121KVE860S,1,Pcs.,459.15,459.15
2026-07-17,26-27/01733/Hero,Rajdhani Auto Spares | AFM | Koharapeer,23461GK4760S,2,Pcs.,293.08,586.16
2026-07-17,26-27/01733/Hero,Rajdhani Auto Spares | AFM | Koharapeer,31120AAC811S,1,Pcs.,931.31,931.31
2026-07-17,26-27/01733/Hero,Rajdhani Auto Spares | AFM | Koharapeer,37210ACK00099S,1,Pcs.,244.23,244.23
2026-07-17,26-27/01733/Hero,Rajdhani Auto Spares | AFM | Koharapeer,40531205010S,30,Pcs.,9.77,293.1
2026-07-17,26-27/01733/Hero,Rajdhani Auto Spares | AFM | Koharapeer,53100AAE110S,2,Pcs.,332.14,664.28
2026-07-17,26-27/01733/Hero,Rajdhani Auto Spares | AFM | Koharapeer,61311KCC840S,3,Pcs.,113.98,341.94
2026-07-17,26-27/01733/Hero,Rajdhani Auto Spares | AFM | Koharapeer,80102KCC900S,5,Pcs.,35.82,179.1
2026-07-17,26-27/01733/Hero,Rajdhani Auto Spares | AFM | Koharapeer,83402ACK000S,1,Pcs.,104.2,104.2
2026-07-17,26-27/01733/Hero,Rajdhani Auto Spares | AFM | Koharapeer,K42423KCCZ600S,5,Pcs.,55.35,276.75
2026-07-17,26-27/01733/Hero,Rajdhani Auto Spares | AFM | Koharapeer,K42423KSTG940S,5,Pcs.,52.11,260.55
2026-07-18,26-27/01734/Hero,Krishna M/c Store | AFM | Allahpur,20K710S,10,Pcs.,459.84,4598.4
2026-07-18,26-27/01734/Hero,Krishna M/c Store | AFM | Allahpur,20K710S,10,Pcs.,459.84,4598.4
2026-07-18,26-27/01734/Hero,Krishna M/c Store | AFM | Allahpur,20K710S,10,Pcs.,459.84,4598.4
2026-07-18,26-27/01734/Hero,Krishna M/c Store | AFM | Allahpur,20K710S,10,Pcs.,459.84,4598.4
2026-07-18,26-27/01734/Hero,Krishna M/c Store | AFM | Allahpur,20K710S,10,Pcs.,459.84,4598.4
2026-07-18,26-27/01734/Hero,Krishna M/c Store | AFM | Allahpur,20K710S,10,Pcs.,459.84,4598.4
2026-07-18,26-27/01734/Hero,Krishna M/c Store | AFM | Allahpur,20K710S,10,Pcs.,459.84,4598.4
2026-07-18,26-27/01734/Hero,Krishna M/c Store | AFM | Allahpur,20K710S,10,Pcs.,459.84,4598.4
2026-07-18,26-27/01734/Hero,Krishna M/c Store | AFM | Allahpur,20K710S,10,Pcs.,459.84,4598.4
2026-07-18,26-27/01734/Hero,Krishna M/c Store | AFM | Allahpur,20K710S,10,Pcs.,459.84,4598.4
2026-07-18,26-27/01735/Hero,Agarwal Automobile | AFM | Koharapeer,14610086000RS,5,Pcs.,64.71,323.55
2026-07-18,26-27/01735/Hero,Agarwal Automobile | AFM | Koharapeer,17620KWA930HS,3,Pcs.,220.0,660.0
2026-07-18,26-27/01735/Hero,Agarwal Automobile | AFM | Koharapeer,21K201S,1,Pcs.,1992.86,1992.86
2026-07-18,26-27/01735/Hero,Agarwal Automobile | AFM | Koharapeer,22121AAG501S,3,Pcs.,258.81,776.43
2026-07-18,26-27/01735/Hero,Agarwal Automobile | AFM | Koharapeer,22311107000S,57,Pcs.,35.59,2028.63
2026-07-18,26-27/01735/Hero,Agarwal Automobile | AFM | Koharapeer,28251GF6000S,2,Pcs.,226.46,452.92
2026-07-18,26-27/01735/Hero,Agarwal Automobile | AFM | Koharapeer,28251GF6000S,1,Pcs.,252.34,252.34
2026-07-18,26-27/01735/Hero,Agarwal Automobile | AFM | Koharapeer,28261198000S,5,Pcs.,29.12,145.6
2026-07-18,26-27/01735/Hero,Agarwal Automobile | AFM | Koharapeer,33400KCC710S,3,Pcs.,177.93,533.79
2026-07-18,26-27/01735/Hero,Agarwal Automobile | AFM | Koharapeer,35010AAE301S,5,Pcs.,553.22,2766.1
2026-07-18,26-27/01735/Hero,Agarwal Automobile | AFM | Koharapeer,35010AAGA0099S,1,Pcs.,740.85,740.85
2026-07-18,26-27/01735/Hero,Agarwal Automobile | AFM | Koharapeer,35010AAGA0099S,2,Pcs.,808.79,1617.58
2026-07-18,26-27/01735/Hero,Agarwal Automobile | AFM | Koharapeer,35100AAE301S,4,Pcs.,297.64,1190.56
2026-07-18,26-27/01735/Hero,Agarwal Automobile | AFM | Koharapeer,43120365H70S,8,Pcs.,47.56,380.48
2026-07-18,26-27/01735/Hero,Agarwal Automobile | AFM | Koharapeer,43120365H70S,14,Pcs.,54.99,769.86
2026-07-18,26-27/01735/Hero,Agarwal Automobile | AFM | Koharapeer,43120365H70S,2,Pcs.,58.23,116.46
2026-07-18,26-27/01735/Hero,Agarwal Automobile | AFM | Koharapeer,45125KCCH00S,36,Pcs.,53.39,1922.04
2026-07-18,26-27/01735/Hero,Agarwal Automobile | AFM | Koharapeer,45125KCCH00S,2,Pcs.,64.71,129.42
2026-07-18,26-27/01735/Hero,Agarwal Automobile | AFM | Koharapeer,K14145HF100DS,7,Pcs.,87.35,611.45
2026-07-18,26-27/01735/Hero,Agarwal Automobile | AFM | Koharapeer,K22222KTRK000S,1,Pcs.,889.67,889.67
2026-07-18,26-27/01735/Hero,Agarwal Automobile | AFM | Koharapeer,K28281KWAG940S,5,Pcs.,103.52,517.6
2026-07-18,26-27/01735/Hero,Agarwal Automobile | AFM | Koharapeer,14502086000RS,30,Pcs.,58.23,1746.9
2026-07-18,26-27/01735/Hero,Agarwal Automobile | AFM | Koharapeer,14610086000RS,45,Pcs.,64.71,2911.95
2026-07-18,26-27/01735/Hero,Agarwal Automobile | AFM | Koharapeer,22201AAHA01S,28,Pcs.,48.53,1358.84
2026-07-18,26-27/01735/Hero,Agarwal Automobile | AFM | Koharapeer,28261198000S,25,Pcs.,29.12,728.0
2026-07-18,26-27/01735/Hero,Agarwal Automobile | AFM | Koharapeer,28302KAG900S,20,Pcs.,77.64,1552.8
2026-07-18,26-27/01735/Hero,Agarwal Automobile | AFM | Koharapeer,37230KWHH01S,1,Pcs.,54.99,54.99
2026-07-18,26-27/01735/Hero,Agarwal Automobile | AFM | Koharapeer,43120365H70S,12,Pcs.,47.56,570.72
2026-07-18,26-27/01735/Hero,Agarwal Automobile | AFM | Koharapeer,43120365H70S,2,Pcs.,54.99,109.98
2026-07-18,26-27/01735/Hero,Agarwal Automobile | AFM | Koharapeer,45125KCCH00S,2,Pcs.,64.71,129.42
2026-07-18,26-27/01735/Hero,Agarwal Automobile | AFM | Koharapeer,53178AAFH00S,10,Pcs.,64.71,647.1
2026-07-18,26-27/01735/Hero,Agarwal Automobile | AFM | Koharapeer,83402AAE710S,3,Pcs.,197.34,592.02
2026-07-18,26-27/01735/Hero,Agarwal Automobile | AFM | Koharapeer,K14145HF100DS,3,Pcs.,87.35,262.05
2026-07-18,26-27/01735/Hero,Agarwal Automobile | AFM | Koharapeer,K28281KWAG940S,5,Pcs.,103.52,517.6
2026-07-18,26-27/01735/Hero,Agarwal Automobile | AFM | Koharapeer,K91910KTCE900S,1,Pcs.,430.28,430.28
2026-07-18,26-27/01735/Hero,Agarwal Automobile | AFM | Koharapeer,17620KWA930HS,2,Pcs.,220.0,440.0
2026-07-18,26-27/01735/Hero,Agarwal Automobile | AFM | Koharapeer,22201AAHA01S,52,Pcs.,48.53,2523.56
2026-07-18,26-27/01735/Hero,Agarwal Automobile | AFM | Koharapeer,22311107000S,3,Pcs.,35.59,106.77
2026-07-18,26-27/01735/Hero,Agarwal Automobile | AFM | Koharapeer,22K130LS,5,Pcs.,297.64,1488.2
2026-07-18,26-27/01735/Hero,Agarwal Automobile | AFM | Koharapeer,22K130LS,4,Pcs.,307.34,1229.36
2026-07-18,26-27/01735/Hero,Agarwal Automobile | AFM | Koharapeer,22K130LS,6,Pcs.,323.52,1941.12
2026-07-18,26-27/01735/Hero,Agarwal Automobile | AFM | Koharapeer,25K170S,20,Pcs.,307.34,6146.8
2026-07-18,26-27/01735/Hero,Agarwal Automobile | AFM | Koharapeer,28120KWA942S,2,Pcs.,446.46,892.92
2026-07-18,26-27/01735/Hero,Agarwal Automobile | AFM | Koharapeer,33K111S,5,Pcs.,393.39,1966.95
2026-07-18,26-27/01735/Hero,Agarwal Automobile | AFM | Koharapeer,33K112S,4,Pcs.,396.63,1586.52
2026-07-18,26-27/01735/Hero,Agarwal Automobile | AFM | Koharapeer,33K112S,1,Pcs.,430.28,430.28
2026-07-18,26-27/01735/Hero,Agarwal Automobile | AFM | Koharapeer,33K151S,4,Pcs.,452.92,1811.68
2026-07-18,26-27/01735/Hero,Agarwal Automobile | AFM | Koharapeer,37230KWHH01S,1,Pcs.,48.53,48.53
2026-07-18,26-27/01735/Hero,Agarwal Automobile | AFM | Koharapeer,37230KWHH01S,77,Pcs.,54.99,4234.23
2026-07-18,26-27/01735/Hero,Agarwal Automobile | AFM | Koharapeer,43120365H70S,2,Pcs.,47.56,95.12
2026-07-18,26-27/01735/Hero,Agarwal Automobile | AFM | Koharapeer,17910AAE300S,10,Pcs.,74.41,744.1
2026-07-18,26-27/01735/Hero,Agarwal Automobile | AFM | Koharapeer,17910AAE300S,10,Pcs.,74.41,744.1
2026-07-18,26-27/01735/Hero,Agarwal Automobile | AFM | Koharapeer,80102KCC900S,25,Pcs.,35.59,889.75
2026-07-18,26-27/01735/Hero,Agarwal Automobile | AFM | Koharapeer,80102KCC900S,25,Pcs.,35.59,889.75
2026-07-18,26-27/01735/Hero,Agarwal Automobile | AFM | Koharapeer,50500KTRA00S,5,Pcs.,278.23,1391.15
2026-07-18,26-27/01735/Hero,Agarwal Automobile | AFM | Koharapeer,83402AAEB00S,1,Pcs.,232.93,232.93
2026-07-18,26-27/01735/Hero,Agarwal Automobile | AFM | Koharapeer,83402AAEB00S,1,Pcs.,232.93,232.93
2026-07-18,26-27/01735/Hero,Agarwal Automobile | AFM | Koharapeer,83402AAEB00S,1,Pcs.,229.7,229.7
2026-07-18,26-27/01735/Hero,Agarwal Automobile | AFM | Koharapeer,33400KCC710S,1,Pcs.,177.93,177.93
2026-07-18,26-27/01736/Hero,Guru Kripa Auto | AFM | Koharapeer,980565773800S,200,Pcs.,64.48,12896.0
2026-07-18,26-27/01736/Hero,Guru Kripa Auto | AFM | Koharapeer,980565773800S,100,Pcs.,64.48,6448.0
2026-07-18,26-27/01737/Hero,Delhi Auto Parts | AFM | Koharapeer,44701AACH00S,4,Pcs.,484.96,1939.84
2026-07-18,26-27/01737/Hero,Delhi Auto Parts | AFM | Koharapeer,15661198000S,1,Pcs.,36.5,36.5
2026-07-18,26-27/01737/Hero,Delhi Auto Parts | AFM | Koharapeer,21K120LS,2,Pcs.,1463.84,2927.68
2026-07-18,26-27/01737/Hero,Delhi Auto Parts | AFM | Koharapeer,22102AAL500S,1,Pcs.,272.06,272.06
2026-07-18,26-27/01737/Hero,Delhi Auto Parts | AFM | Koharapeer,22K130LS,5,Pcs.,298.61,1493.05
2026-07-18,26-27/01737/Hero,Delhi Auto Parts | AFM | Koharapeer,23123KGH900S,2,Pcs.,195.03,390.06
2026-07-18,26-27/01737/Hero,Delhi Auto Parts | AFM | Koharapeer,24K150LS,2,Pcs.,298.61,597.22
2026-07-18,26-27/01737/Hero,Delhi Auto Parts | AFM | Koharapeer,37300AAE102S,2,Pcs.,152.62,305.24
2026-07-18,26-27/01737/Hero,Delhi Auto Parts | AFM | Koharapeer,37750ACK001S,1,Pcs.,142.66,142.66
2026-07-18,26-27/01737/Hero,Delhi Auto Parts | AFM | Koharapeer,37750ACK001S,1,Pcs.,162.57,162.57
2026-07-18,26-27/01737/Hero,Delhi Auto Parts | AFM | Koharapeer,40531205010S,20,Pcs.,9.95,199.0
2026-07-18,26-27/01737/Hero,Delhi Auto Parts | AFM | Koharapeer,61303KWA830S,5,Pcs.,16.59,82.95
2026-07-18,26-27/01738/Hero,Raj Cycle Works | AFM | C B Ganj,83402AAEB00S,1,Pcs.,238.88,238.88
2026-07-18,26-27/01738/Hero,Raj Cycle Works | AFM | C B Ganj,83402AAEB00S,1,Pcs.,235.57,235.57
2026-07-18,26-27/01738/Hero,Raj Cycle Works | AFM | C B Ganj,83402AAEB00S,1,Pcs.,238.88,238.88
2026-07-18,26-27/01738/Hero,Raj Cycle Works | AFM | C B Ganj,83402AAEB00S,1,Pcs.,238.88,238.88
2026-07-18,26-27/01738/Hero,Raj Cycle Works | AFM | C B Ganj,83402AAEB00S,1,Pcs.,238.88,238.88
2026-07-18,26-27/01738/Hero,Raj Cycle Works | AFM | C B Ganj,17213AACA0099S,10,Pcs.,116.13,1161.3
2026-07-18,26-27/01738/Hero,Raj Cycle Works | AFM | C B Ganj,83401KCC900SS,1,Pcs.,354.76,354.76
2026-07-18,26-27/01738/Hero,Raj Cycle Works | AFM | C B Ganj,83401KCC900SS,4,Pcs.,375.29,1501.16
2026-07-18,26-27/01738/Hero,Raj Cycle Works | AFM | C B Ganj,12209GB4685S,40,Pcs.,33.18,1327.2
2026-07-18,26-27/01738/Hero,Raj Cycle Works | AFM | C B Ganj,14502086000RS,5,Pcs.,57.74,288.7
2026-07-18,26-27/01738/Hero,Raj Cycle Works | AFM | C B Ganj,14675178000S,10,Pcs.,43.13,431.3
2026-07-18,26-27/01738/Hero,Raj Cycle Works | AFM | C B Ganj,18355KWA830S,1,Pcs.,145.98,145.98
2026-07-18,26-27/01738/Hero,Raj Cycle Works | AFM | C B Ganj,22201AAHA01S,80,Pcs.,46.38,3710.4
2026-07-18,26-27/01738/Hero,Raj Cycle Works | AFM | C B Ganj,22K130LS,11,Pcs.,298.61,3284.71
2026-07-18,26-27/01738/Hero,Raj Cycle Works | AFM | C B Ganj,22K130LS,2,Pcs.,324.58,649.16
2026-07-18,26-27/01738/Hero,Raj Cycle Works | AFM | C B Ganj,24430KST900S,25,Pcs.,54.53,1363.25
2026-07-18,26-27/01738/Hero,Raj Cycle Works | AFM | C B Ganj,25K170S,5,Pcs.,308.35,1541.75
2026-07-18,26-27/01738/Hero,Raj Cycle Works | AFM | C B Ganj,35200AAC70099S,1,Pcs.,355.0,355.0
2026-07-18,26-27/01738/Hero,Raj Cycle Works | AFM | C B Ganj,44830KST940S,5,Pcs.,79.55,397.75
2026-07-18,26-27/01738/Hero,Raj Cycle Works | AFM | C B Ganj,53140AAW000S,2,Pcs.,46.45,92.9
2026-07-18,26-27/01738/Hero,Raj Cycle Works | AFM | C B Ganj,53140AAW000S,6,Pcs.,63.04,378.24
2026-07-18,26-27/01738/Hero,Raj Cycle Works | AFM | C B Ganj,61312AAE330S,1,Pcs.,79.62,79.62
2026-07-18,26-27/01738/Hero,Raj Cycle Works | AFM | C B Ganj,K40405AACNB00S,3,Pcs.,488.98,1466.94
2026-07-18,26-27/01738/Hero,Raj Cycle Works | AFM | C B Ganj,K40405AACNB00S,1,Pcs.,528.79,528.79
2026-07-18,26-27/01738/Hero,Raj Cycle Works | AFM | C B Ganj,13013KZAW00S,1,Pcs.,177.17,177.17
2026-07-18,26-27/01738/Hero,Raj Cycle Works | AFM | C B Ganj,13041KTC305S,1,Pcs.,161.24,161.24
2026-07-18,26-27/01738/Hero,Raj Cycle Works | AFM | C B Ganj,13041KTC305S,1,Pcs.,175.18,175.18
2026-07-18,26-27/01738/Hero,Raj Cycle Works | AFM | C B Ganj,14502086000RS,15,Pcs.,57.74,866.1
2026-07-18,26-27/01738/Hero,Raj Cycle Works | AFM | C B Ganj,14550GB0910RS,20,Pcs.,63.71,1274.2
2026-07-18,26-27/01738/Hero,Raj Cycle Works | AFM | C B Ganj,14675178000S,10,Pcs.,43.13,431.3
2026-07-18,26-27/01738/Hero,Raj Cycle Works | AFM | C B Ganj,17620GE2H31S,1,Pcs.,248.84,248.84
2026-07-18,26-27/01738/Hero,Raj Cycle Works | AFM | C B Ganj,17620GE2H31S,1,Pcs.,285.33,285.33
2026-07-18,26-27/01738/Hero,Raj Cycle Works | AFM | C B Ganj,18355KWA830S,1,Pcs.,145.98,145.98
2026-07-18,26-27/01738/Hero,Raj Cycle Works | AFM | C B Ganj,2287AACL000S,2,Pcs.,91.57,183.14
2026-07-18,26-27/01738/Hero,Raj Cycle Works | AFM | C B Ganj,2287AACL000S,1,Pcs.,106.17,106.17
2026-07-18,26-27/01738/Hero,Raj Cycle Works | AFM | C B Ganj,22K130LS,7,Pcs.,298.61,2090.27
2026-07-18,26-27/01738/Hero,Raj Cycle Works | AFM | C B Ganj,24430KST900S,5,Pcs.,54.53,272.65
2026-07-18,26-27/01738/Hero,Raj Cycle Works | AFM | C B Ganj,31120AAEB01S,2,Pcs.,743.18,1486.36
2026-07-18,26-27/01738/Hero,Raj Cycle Works | AFM | C B Ganj,3370BAAC201S,3,Pcs.,338.41,1015.23
2026-07-18,26-27/01738/Hero,Raj Cycle Works | AFM | C B Ganj,35200AAC70099S,1,Pcs.,355.0,355.0
2026-07-18,26-27/01738/Hero,Raj Cycle Works | AFM | C B Ganj,44830KST940S,5,Pcs.,79.55,397.75
2026-07-18,26-27/01738/Hero,Raj Cycle Works | AFM | C B Ganj,53140AAW000S,2,Pcs.,63.04,126.08
2026-07-18,26-27/01738/Hero,Raj Cycle Works | AFM | C B Ganj,61312AAE330S,1,Pcs.,68.35,68.35
2026-07-18,26-27/01738/Hero,Raj Cycle Works | AFM | C B Ganj,K14144AACK000S,5,Pcs.,311.59,1557.95
2026-07-18,26-27/01738/Hero,Raj Cycle Works | AFM | C B Ganj,K40405AACNB00S,1,Pcs.,528.79,528.79
2026-07-18,26-27/01738/Hero,Raj Cycle Works | AFM | C B Ganj,46544AAGA10S,1,Pcs.,564.03,564.03
2026-07-18,26-27/01738/Hero,Raj Cycle Works | AFM | C B Ganj,46544AAGA10S,1,Pcs.,573.98,573.98
2026-07-18,26-27/01739/Hero,Rajdhani Auto Spares | AFM | Koharapeer,61100KST940ZAPROS,5,Pcs.,228.81,1144.05
2026-07-18,26-27/01739/Hero,Rajdhani Auto Spares | AFM | Koharapeer,83401KCC900SPROS,8,Pcs.,194.91,1559.28
2026-07-18,26-27/01740/Hero,Rajdhani Auto Spares | AFM | Koharapeer,11321KWA940S,1,Pcs.,94.43,94.43
2026-07-18,26-27/01740/Hero,Rajdhani Auto Spares | AFM | Koharapeer,11321KWA940S,4,Pcs.,97.69,390.76
2026-07-18,26-27/01740/Hero,Rajdhani Auto Spares | AFM | Koharapeer,14100AANB00S,1,Pcs.,602.43,602.43
2026-07-18,26-27/01740/Hero,Rajdhani Auto Spares | AFM | Koharapeer,14401AAD00099S,20,Pcs.,97.69,1953.8
2026-07-18,26-27/01740/Hero,Rajdhani Auto Spares | AFM | Koharapeer,14430AANB00S,4,Pcs.,185.62,742.48
2026-07-18,26-27/01740/Hero,Rajdhani Auto Spares | AFM | Koharapeer,14550KWS900S,5,Pcs.,36.47,182.35
2026-07-18,26-27/01740/Hero,Rajdhani Auto Spares | AFM | Koharapeer,16701AAF400S,1,Pcs.,91.17,91.17
2026-07-18,26-27/01740/Hero,Rajdhani Auto Spares | AFM | Koharapeer,22121AAG501S,2,Pcs.,260.51,521.02
2026-07-18,26-27/01740/Hero,Rajdhani Auto Spares | AFM | Koharapeer,23121KVE860S,1,Pcs.,459.15,459.15
2026-07-18,26-27/01740/Hero,Rajdhani Auto Spares | AFM | Koharapeer,23461GK4760S,2,Pcs.,293.08,586.16
2026-07-18,26-27/01740/Hero,Rajdhani Auto Spares | AFM | Koharapeer,31120AAC811S,1,Pcs.,931.31,931.31
2026-07-18,26-27/01740/Hero,Rajdhani Auto Spares | AFM | Koharapeer,37210ACK00099S,1,Pcs.,244.23,244.23
2026-07-18,26-27/01740/Hero,Rajdhani Auto Spares | AFM | Koharapeer,40531205010S,30,Pcs.,9.77,293.1
2026-07-18,26-27/01740/Hero,Rajdhani Auto Spares | AFM | Koharapeer,53100AAE110S,2,Pcs.,332.14,664.28
2026-07-18,26-27/01740/Hero,Rajdhani Auto Spares | AFM | Koharapeer,61311KCC840S,3,Pcs.,113.98,341.94
2026-07-18,26-27/01740/Hero,Rajdhani Auto Spares | AFM | Koharapeer,80102KCC900S,5,Pcs.,35.82,179.1
2026-07-18,26-27/01740/Hero,Rajdhani Auto Spares | AFM | Koharapeer,83402ACK000S,1,Pcs.,104.2,104.2
2026-07-18,26-27/01740/Hero,Rajdhani Auto Spares | AFM | Koharapeer,K42423KCCZ600S,5,Pcs.,55.35,276.75
2026-07-18,26-27/01740/Hero,Rajdhani Auto Spares | AFM | Koharapeer,K42423KSTG940S,5,Pcs.,52.11,260.55
2026-07-18,26-27/01741/Hero,Guru Kripa Auto | AFM | Koharapeer,22K130LS,2,Pcs.,298.61,597.22
2026-07-18,26-27/01741/Hero,Guru Kripa Auto | AFM | Koharapeer,22K130LS,3,Pcs.,324.58,973.74
2026-07-18,26-27/01741/Hero,Guru Kripa Auto | AFM | Koharapeer,24430KST900S,10,Pcs.,54.53,545.3
2026-07-18,26-27/01741/Hero,Guru Kripa Auto | AFM | Koharapeer,24K150LS,10,Pcs.,298.61,2986.1
2026-07-18,26-27/01741/Hero,Guru Kripa Auto | AFM | Koharapeer,2830AKAG900S,2,Pcs.,318.51,637.02
2026-07-18,26-27/01741/Hero,Guru Kripa Auto | AFM | Koharapeer,33100AALE21S,1,Pcs.,2654.24,2654.24
2026-07-18,26-27/01741/Hero,Guru Kripa Auto | AFM | Koharapeer,3340BAAL501S,1,Pcs.,155.93,155.93
2026-07-18,26-27/01741/Hero,Guru Kripa Auto | AFM | Koharapeer,3345BAAL501S,1,Pcs.,155.93,155.93
2026-07-18,26-27/01741/Hero,Guru Kripa Auto | AFM | Koharapeer,3345BABS201S,1,Pcs.,779.68,779.68
2026-07-18,26-27/01741/Hero,Guru Kripa Auto | AFM | Koharapeer,35010AAHH60S,2,Pcs.,703.38,1406.76
2026-07-18,26-27/01741/Hero,Guru Kripa Auto | AFM | Koharapeer,53218AAW000S,1,Pcs.,48.44,48.44
2026-07-18,26-27/01741/Hero,Guru Kripa Auto | AFM | Koharapeer,53228AAW000S,3,Pcs.,56.4,169.2
2026-07-18,26-27/01741/Hero,Guru Kripa Auto | AFM | Koharapeer,88110AALD01S,1,Pcs.,411.4,411.4
2026-07-18,26-27/01741/Hero,Guru Kripa Auto | AFM | Koharapeer,K12121AAWA000S,1,Pcs.,1752.72,1752.72
2026-07-18,26-27/01741/Hero,Guru Kripa Auto | AFM | Koharapeer,K22222HF100DS,5,Pcs.,625.78,3128.9
2026-07-18,26-27/01741/Hero,Guru Kripa Auto | AFM | Koharapeer,14510KTC901S,10,Pcs.,53.09,530.9
2026-07-18,26-27/01741/Hero,Guru Kripa Auto | AFM | Koharapeer,18318AALD00S,1,Pcs.,483.07,483.07
2026-07-18,26-27/01741/Hero,Guru Kripa Auto | AFM | Koharapeer,22355KRM840S,2,Pcs.,106.1,212.2
2026-07-18,26-27/01741/Hero,Guru Kripa Auto | AFM | Koharapeer,22355KRM840S,1,Pcs.,122.69,122.69
2026-07-18,26-27/01741/Hero,Guru Kripa Auto | AFM | Koharapeer,31120ACK011S,3,Pcs.,796.27,2388.81
2026-07-18,26-27/01741/Hero,Guru Kripa Auto | AFM | Koharapeer,31120ACK012S,1,Pcs.,829.45,829.45
2026-07-18,26-27/01741/Hero,Guru Kripa Auto | AFM | Koharapeer,3340BABS201S,1,Pcs.,779.68,779.68
2026-07-18,26-27/01741/Hero,Guru Kripa Auto | AFM | Koharapeer,33741KAK971S,25,Pcs.,16.59,414.75
2026-07-18,26-27/01741/Hero,Guru Kripa Auto | AFM | Koharapeer,35010AAE102S,2,Pcs.,557.39,1114.78
2026-07-18,26-27/01741/Hero,Guru Kripa Auto | AFM | Koharapeer,35010AAE301S,2,Pcs.,567.35,1134.7
2026-07-18,26-27/01741/Hero,Guru Kripa Auto | AFM | Koharapeer,35010AAW011S,1,Pcs.,502.25,502.25
2026-07-18,26-27/01741/Hero,Guru Kripa Auto | AFM | Koharapeer,35010AAW011S,2,Pcs.,545.38,1090.76
2026-07-18,26-27/01741/Hero,Guru Kripa Auto | AFM | Koharapeer,35160KWP901S,10,Pcs.,43.13,431.3
2026-07-18,26-27/01741/Hero,Guru Kripa Auto | AFM | Koharapeer,35160KWP901S,10,Pcs.,46.45,464.5
2026-07-18,26-27/01741/Hero,Guru Kripa Auto | AFM | Koharapeer,37211AAL001S,3,Pcs.,47.78,143.34
2026-07-18,26-27/01741/Hero,Guru Kripa Auto | AFM | Koharapeer,38770AAEK12S,1,Pcs.,2608.46,2608.46
2026-07-18,26-27/01741/Hero,Guru Kripa Auto | AFM | Koharapeer,51520AAF400S,1,Pcs.,597.2,597.2
2026-07-18,26-27/01741/Hero,Guru Kripa Auto | AFM | Koharapeer,53218AAW000S,3,Pcs.,48.44,145.32
2026-07-18,26-27/01741/Hero,Guru Kripa Auto | AFM | Koharapeer,53218AAW000S,1,Pcs.,56.4,56.4
2026-07-18,26-27/01741/Hero,Guru Kripa Auto | AFM | Koharapeer,53228AAW000S,1,Pcs.,56.4,56.4
2026-07-18,26-27/01741/Hero,Guru Kripa Auto | AFM | Koharapeer,64303AAL510S,1,Pcs.,311.02,311.02
2026-07-18,26-27/01741/Hero,Guru Kripa Auto | AFM | Koharapeer,87501AAE100S,1,Pcs.,17.91,17.91
2026-07-18,26-27/01741/Hero,Guru Kripa Auto | AFM | Koharapeer,88120AALD01S,1,Pcs.,411.4,411.4
2026-07-18,26-27/01741/Hero,Guru Kripa Auto | AFM | Koharapeer,K90904HF100DS,2,Pcs.,69.67,139.34
2026-07-18,26-27/01741/Hero,Guru Kripa Auto | AFM | Koharapeer,K91902HF100DS,10,Pcs.,49.77,497.7
2026-07-18,26-27/01741/Hero,Guru Kripa Auto | AFM | Koharapeer,14100KRY900S,1,Pcs.,1161.23,1161.23
2026-07-18,26-27/01741/Hero,Guru Kripa Auto | AFM | Koharapeer,14520KTC902S,3,Pcs.,153.32,459.96
2026-07-18,26-27/01741/Hero,Guru Kripa Auto | AFM | Koharapeer,14520KTC902S,2,Pcs.,173.21,346.42
2026-07-18,26-27/01741/Hero,Guru Kripa Auto | AFM | Koharapeer,14610KPH900S,10,Pcs.,23.22,232.2
2026-07-18,26-27/01741/Hero,Guru Kripa Auto | AFM | Koharapeer,21K180S,1,Pcs.,2281.77,2281.77
2026-07-18,26-27/01741/Hero,Guru Kripa Auto | AFM | Koharapeer,23112AAJH10S,10,Pcs.,79.62,796.2
2026-07-18,26-27/01741/Hero,Guru Kripa Auto | AFM | Koharapeer,24K150LS,5,Pcs.,298.61,1493.05
2026-07-18,26-27/01741/Hero,Guru Kripa Auto | AFM | Koharapeer,2830AKSTA10S,3,Pcs.,275.37,826.11
2026-07-18,26-27/01741/Hero,Guru Kripa Auto | AFM | Koharapeer,33741KAK971S,25,Pcs.,16.59,414.75
2026-07-18,26-27/01741/Hero,Guru Kripa Auto | AFM | Koharapeer,33741KST920S,30,Pcs.,19.9,597.0
2026-07-18,26-27/01741/Hero,Guru Kripa Auto | AFM | Koharapeer,35180KWP901S,10,Pcs.,38.49,384.9
2026-07-18,26-27/01741/Hero,Guru Kripa Auto | AFM | Koharapeer,35180KWP901S,10,Pcs.,41.69,416.9
2026-07-18,26-27/01741/Hero,Guru Kripa Auto | AFM | Koharapeer,35200KVT911S,2,Pcs.,36.5,73.0
2026-07-18,26-27/01741/Hero,Guru Kripa Auto | AFM | Koharapeer,35200KVT911S,4,Pcs.,39.82,159.28
2026-07-18,26-27/01741/Hero,Guru Kripa Auto | AFM | Koharapeer,35750001000S,10,Pcs.,43.13,431.3
2026-07-18,26-27/01741/Hero,Guru Kripa Auto | AFM | Koharapeer,37211AAL001S,2,Pcs.,47.78,95.56
2026-07-18,26-27/01741/Hero,Guru Kripa Auto | AFM | Koharapeer,53100AAE110S,3,Pcs.,338.41,1015.23
2026-07-18,26-27/01741/Hero,Guru Kripa Auto | AFM | Koharapeer,53218AAW300S,5,Pcs.,46.45,232.25
2026-07-18,26-27/01741/Hero,Guru Kripa Auto | AFM | Koharapeer,53228AAW000S,1,Pcs.,56.4,56.4
2026-07-18,26-27/01741/Hero,Guru Kripa Auto | AFM | Koharapeer,87501AAE100S,9,Pcs.,17.91,161.19
2026-07-18,26-27/01741/Hero,Guru Kripa Auto | AFM | Koharapeer,K12121AAWA000S,1,Pcs.,1752.72,1752.72
2026-07-18,26-27/01741/Hero,Guru Kripa Auto | AFM | Koharapeer,K90904HF100DS,3,Pcs.,69.67,209.01
2026-07-18,26-27/01741/Hero,Guru Kripa Auto | AFM | Koharapeer,K91902HF100DS,10,Pcs.,49.77,497.7
2026-07-18,26-27/01741/Hero,Guru Kripa Auto | AFM | Koharapeer,64309ABS000US,1,Pcs.,825.47,825.47
2026-07-18,26-27/01741/Hero,Guru Kripa Auto | AFM | Koharapeer,4052AAAF400S,2,Pcs.,162.57,325.14
2026-07-18,26-27/01741/Hero,Guru Kripa Auto | AFM | Koharapeer,40510AAF400S,2,Pcs.,159.25,318.5
2026-07-18,26-27/01741/Hero,Guru Kripa Auto | AFM | Koharapeer,3370BAAL501S,1,Pcs.,530.19,530.19
2026-07-18,26-27/01741/Hero,Guru Kripa Auto | AFM | Koharapeer,64210AALE20US,1,Pcs.,1519.55,1519.55
2026-07-18,26-27/01741/Hero,Guru Kripa Auto | AFM | Koharapeer,42702KWP900S,1,Pcs.,458.41,458.41
2026-07-18,26-27/01741/Hero,Guru Kripa Auto | AFM | Koharapeer,42702KWP900S,1,Pcs.,418.61,418.61
2026-07-18,26-27/01741/Hero,Guru Kripa Auto | AFM | Koharapeer,42702KWP900S,1,Pcs.,458.41,458.41
2026-07-18,26-27/01741/Hero,Guru Kripa Auto | AFM | Koharapeer,42702KWP900S,1,Pcs.,418.61,418.61
2026-07-18,26-27/01741/Hero,Guru Kripa Auto | AFM | Koharapeer,42702KWP900S,1,Pcs.,458.41,458.41
2026-07-18,26-27/01741/Hero,Guru Kripa Auto | AFM | Koharapeer,42702KWP900S,1,Pcs.,458.41,458.41
2026-07-18,26-27/01742/Hero,SMJ & Company | AFM | Bisalpur,16163KWS901S,24,Pcs.,38.13,915.12
2026-07-18,26-27/01742/Hero,SMJ & Company | AFM | Bisalpur,20K710S,100,Pcs.,436.44,43644.0
2026-07-18,26-27/01743/Hero,Krishna M/c Store | Mahindra | Allahpur,22201AAHA01S,224,Pcs.,63.56,14237.44
2026-07-18,26-27/01743/Hero,Krishna M/c Store | Mahindra | Allahpur,22201AAHA01S,224,Pcs.,63.56,14237.44
2026-07-18,26-27/01743/Hero,Krishna M/c Store | Mahindra | Allahpur,14670035030LS,100,Pcs.,88.98,8898.0
2026-07-18,26-27/01743/Hero,Krishna M/c Store | Mahindra | Allahpur,17213AACA0099S,2,Pcs.,148.31,296.62
2026-07-18,26-27/01743/Hero,Krishna M/c Store | Mahindra | Allahpur,22201AAHA01S,152,Pcs.,63.56,9661.12
2026-07-18,26-27/01743/Hero,Krishna M/c Store | Mahindra | Allahpur,28302KAG900S,30,Pcs.,101.69,3050.7
2026-07-18,26-27/01743/Hero,Krishna M/c Store | Mahindra | Allahpur,3310BAACH00S,2,Pcs.,711.86,1423.72
2026-07-18,26-27/01743/Hero,Krishna M/c Store | Mahindra | Allahpur,3370BAAC201S,1,Pcs.,432.2,432.2
2026-07-18,26-27/01743/Hero,Krishna M/c Store | Mahindra | Allahpur,3370BAAHA010099S,2,Pcs.,343.22,686.44
2026-07-18,26-27/01743/Hero,Krishna M/c Store | Mahindra | Allahpur,37800KWH962S,2,Pcs.,343.22,686.44
2026-07-18,26-27/01743/Hero,Krishna M/c Store | Mahindra | Allahpur,17213AACA0099S,10,Pcs.,148.31,1483.1
2026-07-18,26-27/01743/Hero,Krishna M/c Store | Mahindra | Allahpur,3310BAAH10099S,2,Pcs.,444.92,889.84
2026-07-18,26-27/01743/Hero,Krishna M/c Store | Mahindra | Allahpur,3370BAAC201S,1,Pcs.,432.2,432.2
2026-07-18,26-27/01743/Hero,Krishna M/c Store | Mahindra | Allahpur,16100AAH102S,2,Pcs.,2012.71,4025.42
2026-07-18,26-27/01743/Hero,Krishna M/c Store | Mahindra | Allahpur,21K160S,2,Pcs.,2733.05,5466.1
2026-07-18,26-27/01743/Hero,Krishna M/c Store | Mahindra | Allahpur,21K200S,2,Pcs.,2800.85,5601.7
2026-07-18,26-27/01743/Hero,Krishna M/c Store | Mahindra | Allahpur,50500KTRA00S,5,Pcs.,364.41,1822.05
2026-07-18,26-27/01743/Hero,Krishna M/c Store | Mahindra | Allahpur,50500AAE300S,5,Pcs.,419.49,2097.45
2026-07-18,26-27/01743/Hero,Krishna M/c Store | Mahindra | Allahpur,17213AACA0099S,8,Pcs.,148.31,1186.48
2026-07-18,26-27/01743/Hero,Krishna M/c Store | Mahindra | Allahpur,45475AAHF00S,30,Pcs.,148.31,4449.3
2026-07-18,26-27/01743/Hero,Krishna M/c Store | Mahindra | Allahpur,46544AAEB00S,2,Pcs.,847.46,1694.92
2026-07-18,26-27/01743/Hero,Krishna M/c Store | Mahindra | Allahpur,52400KCC905ZBS,2,Pcs.,860.17,1720.34
2026-07-18,26-27/01743/Hero,Krishna M/c Store | Mahindra | Allahpur,16100AAH102S,3,Pcs.,2012.71,6038.13
2026-07-18,26-27/01743/Hero,Krishna M/c Store | Mahindra | Allahpur,53140KCC900S,10,Pcs.,67.8,678.0
2026-07-18,26-27/01743/Hero,Krishna M/c Store | Mahindra | Allahpur,53178AAFH00S,1,Pcs.,71.19,71.19
2026-07-18,26-27/01743/Hero,Krishna M/c Store | Mahindra | Allahpur,53178AAFH00S,49,Pcs.,84.75,4152.75
2026-07-18,26-27/01743/Hero,Krishna M/c Store | Mahindra | Allahpur,61311AAC200S,5,Pcs.,279.66,1398.3
2026-07-18,26-27/01743/Hero,Krishna M/c Store | Mahindra | Allahpur,80102KCC900S,25,Pcs.,46.61,1165.25
2026-07-18,26-27/01743/Hero,Krishna M/c Store | Mahindra | Allahpur,80102KCC900S,25,Pcs.,46.61,1165.25
2026-07-18,26-27/01743/Hero,Krishna M/c Store | Mahindra | Allahpur,80102KCC900S,25,Pcs.,46.61,1165.25
2026-07-18,26-27/01743/Hero,Krishna M/c Store | Mahindra | Allahpur,80102KCC900S,25,Pcs.,46.61,1165.25
2026-07-18,26-27/01743/Hero,Krishna M/c Store | Mahindra | Allahpur,80103KCC860S,10,Pcs.,88.98,889.8
2026-07-18,26-27/01743/Hero,Krishna M/c Store | Mahindra | Allahpur,80103KCC860S,10,Pcs.,72.03,720.3
2026-07-18,26-27/01743/Hero,Krishna M/c Store | Mahindra | Allahpur,K06431KTNA701S,25,Pcs.,271.19,6779.75
2026-07-18,26-27/01743/Hero,Krishna M/c Store | Mahindra | Allahpur,K06431KTNA701S,25,Pcs.,271.19,6779.75
2026-07-18,26-27/01743/Hero,Krishna M/c Store | Mahindra | Allahpur,K06431KTNA701S,25,Pcs.,271.19,6779.75
2026-07-18,26-27/01743/Hero,Krishna M/c Store | Mahindra | Allahpur,K06431KTNA701S,25,Pcs.,271.19,6779.75
2026-07-18,26-27/01743/Hero,Krishna M/c Store | Mahindra | Allahpur,K22222HF100DS,10,Pcs.,741.53,7415.3
2026-07-18,26-27/01743/Hero,Krishna M/c Store | Mahindra | Allahpur,K22222HF100DS,10,Pcs.,741.53,7415.3
2026-07-18,26-27/01743/Hero,Krishna M/c Store | Mahindra | Allahpur,37230KWHH01S,100,Pcs.,63.56,6356.0
2026-07-18,26-27/01743/Hero,Krishna M/c Store | Mahindra | Allahpur,14430KST940S,20,Pcs.,254.24,5084.8
2026-07-18,26-27/01743/Hero,Krishna M/c Store | Mahindra | Allahpur,14520KTC902S,19,Pcs.,216.1,4105.9
2026-07-18,26-27/01743/Hero,Krishna M/c Store | Mahindra | Allahpur,14541GB4681S,50,Pcs.,4.24,212.0
2026-07-18,26-27/01743/Hero,Krishna M/c Store | Mahindra | Allahpur,14670AAT000S,15,Pcs.,73.73,1105.95
2026-07-18,26-27/01743/Hero,Krishna M/c Store | Mahindra | Allahpur,14670AAT000S,5,Pcs.,88.98,444.9
2026-07-18,26-27/01743/Hero,Krishna M/c Store | Mahindra | Allahpur,16100KWH762S,2,Pcs.,1906.78,3813.56
2026-07-18,26-27/01743/Hero,Krishna M/c Store | Mahindra | Allahpur,16701AAE300S,1,Pcs.,144.07,144.07
2026-07-18,26-27/01743/Hero,Krishna M/c Store | Mahindra | Allahpur,16701AAE300S,19,Pcs.,165.25,3139.75
2026-07-18,26-27/01743/Hero,Krishna M/c Store | Mahindra | Allahpur,16701AAF400S,10,Pcs.,118.64,1186.4
2026-07-18,26-27/01743/Hero,Krishna M/c Store | Mahindra | Allahpur,17570AAE30099S,2,Pcs.,344.07,688.14
2026-07-18,26-27/01743/Hero,Krishna M/c Store | Mahindra | Allahpur,22120AAF400S,2,Pcs.,288.14,576.28
2026-07-18,26-27/01743/Hero,Krishna M/c Store | Mahindra | Allahpur,22350AAF400S,4,Pcs.,156.78,627.12
2026-07-18,26-27/01743/Hero,Krishna M/c Store | Mahindra | Allahpur,28261198000S,10,Pcs.,38.14,381.4
2026-07-18,26-27/01743/Hero,Krishna M/c Store | Mahindra | Allahpur,30700ACK00099S,19,Pcs.,93.22,1771.18
2026-07-18,26-27/01743/Hero,Krishna M/c Store | Mahindra | Allahpur,33452KCC710S,5,Pcs.,33.9,169.5
2026-07-18,26-27/01743/Hero,Krishna M/c Store | Mahindra | Allahpur,33452KCC710S,5,Pcs.,38.14,190.7
2026-07-18,26-27/01743/Hero,Krishna M/c Store | Mahindra | Allahpur,33741KST920S,10,Pcs.,21.19,211.9
2026-07-18,26-27/01743/Hero,Krishna M/c Store | Mahindra | Allahpur,33741KST920S,10,Pcs.,25.42,254.2
2026-07-18,26-27/01743/Hero,Krishna M/c Store | Mahindra | Allahpur,14520KTC902S,1,Pcs.,216.1,216.1
2026-07-18,26-27/01743/Hero,Krishna M/c Store | Mahindra | Allahpur,14541GB4681S,50,Pcs.,4.24,212.0
2026-07-18,26-27/01743/Hero,Krishna M/c Store | Mahindra | Allahpur,14550GB0910RS,50,Pcs.,81.36,4068.0
2026-07-18,26-27/01743/Hero,Krishna M/c Store | Mahindra | Allahpur,16701AAF400S,10,Pcs.,118.64,1186.4
2026-07-18,26-27/01743/Hero,Krishna M/c Store | Mahindra | Allahpur,22120AAF400S,1,Pcs.,271.19,271.19
2026-07-18,26-27/01743/Hero,Krishna M/c Store | Mahindra | Allahpur,22120AAF400S,2,Pcs.,288.14,576.28
2026-07-18,26-27/01743/Hero,Krishna M/c Store | Mahindra | Allahpur,22350AAF400S,1,Pcs.,156.78,156.78
2026-07-18,26-27/01743/Hero,Krishna M/c Store | Mahindra | Allahpur,28261198000S,10,Pcs.,38.14,381.4
2026-07-18,26-27/01743/Hero,Krishna M/c Store | Mahindra | Allahpur,30700ACK00099S,1,Pcs.,84.75,84.75
2026-07-18,26-27/01743/Hero,Krishna M/c Store | Mahindra | Allahpur,30700ACK00099S,10,Pcs.,93.22,932.2
2026-07-18,26-27/01743/Hero,Krishna M/c Store | Mahindra | Allahpur,35130AAD00099S,30,Pcs.,50.85,1525.5
2026-07-18,26-27/01743/Hero,Krishna M/c Store | Mahindra | Allahpur,45451KCC900S,50,Pcs.,8.47,423.5
2026-07-18,26-27/01743/Hero,Krishna M/c Store | Mahindra | Allahpur,91202302010S,50,Pcs.,16.95,847.5
2026-07-18,26-27/01743/Hero,Krishna M/c Store | Mahindra | Allahpur,ACKZC3H000000S,50,Pcs.,55.08,2754.0
2026-07-18,26-27/01743/Hero,Krishna M/c Store | Mahindra | Allahpur,K17172KCC900S,10,Pcs.,118.64,1186.4
2026-07-18,26-27/01743/Hero,Krishna M/c Store | Mahindra | Allahpur,K55912HF100DS,30,Pcs.,101.69,3050.7
2026-07-18,26-27/01743/Hero,Krishna M/c Store | Mahindra | Allahpur,K40405KWAG930S,4,Pcs.,444.92,1779.68
2026-07-18,26-27/01743/Hero,Krishna M/c Store | Mahindra | Allahpur,K40405KCCA901S,1,Pcs.,504.24,504.24
2026-07-18,26-27/01743/Hero,Krishna M/c Store | Mahindra | Allahpur,K40405KWAG930S,1,Pcs.,444.92,444.92
2026-07-18,26-27/01743/Hero,Krishna M/c Store | Mahindra | Allahpur,K40405KCCA901S,4,Pcs.,504.24,2016.96
2026-07-18,26-27/01743/Hero,Krishna M/c Store | Mahindra | Allahpur,K55912P30D850S,30,Pcs.,177.97,5339.1
2026-07-18,26-27/01744/Hero,Krishna M/c Store | Mahindra | Allahpur,14401AAD00099S,120,Pcs.,127.12,15254.4
2026-07-18,26-27/01744/Hero,Krishna M/c Store | Mahindra | Allahpur,14401AAD00099S,120,Pcs.,127.12,15254.4
2026-07-18,26-27/01744/Hero,Krishna M/c Store | Mahindra | Allahpur,12209GB4685S,200,Pcs.,42.37,8474.0
2026-07-18,26-27/01744/Hero,Krishna M/c Store | Mahindra | Allahpur,12209GB4685S,200,Pcs.,42.37,8474.0
2026-07-18,26-27/01744/Hero,Krishna M/c Store | Mahindra | Allahpur,12209GB4685S,200,Pcs.,42.37,8474.0
2026-07-18,26-27/01744/Hero,Krishna M/c Store | Mahindra | Allahpur,22K130LS,50,Pcs.,423.73,21186.5
2026-07-18,26-27/01744/Hero,Krishna M/c Store | Mahindra | Allahpur,22350115020S,50,Pcs.,161.02,8051.0
2026-07-18,26-27/01744/Hero,Krishna M/c Store | Mahindra | Allahpur,K42423KSTG940S,50,Pcs.,67.8,3390.0
2026-07-18,26-27/01744/Hero,Krishna M/c Store | Mahindra | Allahpur,K42423KCCZ600S,50,Pcs.,72.03,3601.5
2026-07-18,26-27/01744/Hero,Krishna M/c Store | Mahindra | Allahpur,28101KWA940S,50,Pcs.,105.93,5296.5
2026-07-18,26-27/01744/Hero,Krishna M/c Store | Mahindra | Allahpur,24211GF6000RS,100,Pcs.,275.42,27542.0
2026-07-18,26-27/01744/Hero,Krishna M/c Store | Mahindra | Allahpur,29K210S,200,Pcs.,50.85,10170.0
2026-07-18,26-27/01744/Hero,Krishna M/c Store | Mahindra | Allahpur,22311107000S,150,Pcs.,46.61,6991.5
2026-07-18,26-27/01744/Hero,Krishna M/c Store | Mahindra | Allahpur,22311107000S,150,Pcs.,46.61,6991.5
2026-07-18,26-27/01744/Hero,Krishna M/c Store | Mahindra | Allahpur,K50505ACKH700S,20,Pcs.,152.54,3050.8
2026-07-18,26-27/01744/Hero,Krishna M/c Store | Mahindra | Allahpur,50530KST940S,12,Pcs.,114.41,1372.92
2026-07-18,26-27/01744/Hero,Krishna M/c Store | Mahindra | Allahpur,53166KWA830S,10,Pcs.,80.51,805.1
2026-07-18,26-27/01744/Hero,Krishna M/c Store | Mahindra | Allahpur,K12121AAEE300S,2,Pcs.,2254.24,4508.48
2026-07-18,26-27/01744/Hero,Krishna M/c Store | Mahindra | Allahpur,K12121ACKA000S,1,Pcs.,2169.49,2169.49
2026-07-18,26-27/01744/Hero,Krishna M/c Store | Mahindra | Allahpur,K12121ACKA000S,1,Pcs.,2436.44,2436.44
2026-07-18,26-27/01744/Hero,Krishna M/c Store | Mahindra | Allahpur,12361035000S,15,Pcs.,25.42,381.3
2026-07-18,26-27/01744/Hero,Krishna M/c Store | Mahindra | Allahpur,14321AAD200S,20,Pcs.,72.03,1440.6
2026-07-18,26-27/01744/Hero,Krishna M/c Store | Mahindra | Allahpur,17910KWA940S,28,Pcs.,93.22,2610.16
2026-07-18,26-27/01744/Hero,Krishna M/c Store | Mahindra | Allahpur,22321AAG501S,28,Pcs.,50.85,1423.8
2026-07-18,26-27/01744/Hero,Krishna M/c Store | Mahindra | Allahpur,31120ACK011S,4,Pcs.,1016.95,4067.8
2026-07-18,26-27/01744/Hero,Krishna M/c Store | Mahindra | Allahpur,35010ACK00099S,3,Pcs.,843.22,2529.66
2026-07-18,26-27/01744/Hero,Krishna M/c Store | Mahindra | Allahpur,35100AAE301S,1,Pcs.,419.49,419.49
2026-07-18,26-27/01744/Hero,Krishna M/c Store | Mahindra | Allahpur,35100AAHH50S,2,Pcs.,504.24,1008.48
2026-07-18,26-27/01744/Hero,Krishna M/c Store | Mahindra | Allahpur,37610KCC900S,3,Pcs.,156.78,470.34
2026-07-18,26-27/01744/Hero,Krishna M/c Store | Mahindra | Allahpur,45450KCC710S,1,Pcs.,127.12,127.12
2026-07-18,26-27/01744/Hero,Krishna M/c Store | Mahindra | Allahpur,12361035000S,35,Pcs.,25.42,889.7
2026-07-18,26-27/01744/Hero,Krishna M/c Store | Mahindra | Allahpur,14100AAHH41S,2,Pcs.,724.58,1449.16
2026-07-18,26-27/01744/Hero,Krishna M/c Store | Mahindra | Allahpur,1450AACK000S,2,Pcs.,105.93,211.86
2026-07-18,26-27/01744/Hero,Krishna M/c Store | Mahindra | Allahpur,17910KWA940S,2,Pcs.,93.22,186.44
2026-07-18,26-27/01744/Hero,Krishna M/c Store | Mahindra | Allahpur,22321AAG501S,12,Pcs.,50.85,610.2
2026-07-18,26-27/01744/Hero,Krishna M/c Store | Mahindra | Allahpur,22321KPS900S,4,Pcs.,38.14,152.56
2026-07-18,26-27/01744/Hero,Krishna M/c Store | Mahindra | Allahpur,22321KPS900S,36,Pcs.,42.37,1525.32
2026-07-18,26-27/01744/Hero,Krishna M/c Store | Mahindra | Allahpur,23221GF6000S,4,Pcs.,364.41,1457.64
2026-07-18,26-27/01744/Hero,Krishna M/c Store | Mahindra | Allahpur,23451GK4761S,2,Pcs.,483.05,966.1
2026-07-18,26-27/01744/Hero,Krishna M/c Store | Mahindra | Allahpur,23461GK4760S,5,Pcs.,381.36,1906.8
2026-07-18,26-27/01744/Hero,Krishna M/c Store | Mahindra | Allahpur,24K150LS,16,Pcs.,381.36,6101.76
2026-07-18,26-27/01744/Hero,Krishna M/c Store | Mahindra | Allahpur,31120ACK011S,1,Pcs.,1016.95,1016.95
2026-07-18,26-27/01744/Hero,Krishna M/c Store | Mahindra | Allahpur,35010ACK00099S,2,Pcs.,843.22,1686.44
2026-07-18,26-27/01744/Hero,Krishna M/c Store | Mahindra | Allahpur,35100AAE301S,4,Pcs.,419.49,1677.96
2026-07-18,26-27/01744/Hero,Krishna M/c Store | Mahindra | Allahpur,35100AAHH50S,1,Pcs.,504.24,504.24
2026-07-18,26-27/01744/Hero,Krishna M/c Store | Mahindra | Allahpur,35750001000S,40,Pcs.,55.08,2203.2
2026-07-18,26-27/01744/Hero,Krishna M/c Store | Mahindra | Allahpur,42303KTR900S,4,Pcs.,63.56,254.24
2026-07-18,26-27/01744/Hero,Krishna M/c Store | Mahindra | Allahpur,45450KCC710S,8,Pcs.,127.12,1016.96
2026-07-18,26-27/01744/Hero,Krishna M/c Store | Mahindra | Allahpur,50530KST940S,6,Pcs.,114.41,686.46
2026-07-18,26-27/01744/Hero,Krishna M/c Store | Mahindra | Allahpur,K22222KTCE900S,5,Pcs.,558.47,2792.35
2026-07-18,26-27/01744/Hero,Krishna M/c Store | Mahindra | Allahpur,1450AACK000S,1,Pcs.,101.69,101.69
2026-07-18,26-27/01744/Hero,Krishna M/c Store | Mahindra | Allahpur,1450AACK000S,47,Pcs.,105.93,4978.71
2026-07-18,26-27/01744/Hero,Krishna M/c Store | Mahindra | Allahpur,15100KCC900S,5,Pcs.,326.27,1631.35
2026-07-18,26-27/01744/Hero,Krishna M/c Store | Mahindra | Allahpur,23221GF6000S,6,Pcs.,364.41,2186.46
2026-07-18,26-27/01744/Hero,Krishna M/c Store | Mahindra | Allahpur,23431GN5910S,2,Pcs.,610.17,1220.34
2026-07-18,26-27/01744/Hero,Krishna M/c Store | Mahindra | Allahpur,23451GK4761S,1,Pcs.,483.05,483.05
2026-07-18,26-27/01744/Hero,Krishna M/c Store | Mahindra | Allahpur,24K150LS,14,Pcs.,381.36,5339.04
2026-07-18,26-27/01744/Hero,Krishna M/c Store | Mahindra | Allahpur,35100AAHH50S,2,Pcs.,504.24,1008.48
2026-07-18,26-27/01744/Hero,Krishna M/c Store | Mahindra | Allahpur,35150AAC00099S,1,Pcs.,233.05,233.05
2026-07-18,26-27/01744/Hero,Krishna M/c Store | Mahindra | Allahpur,35750001000S,10,Pcs.,55.08,550.8
2026-07-18,26-27/01744/Hero,Krishna M/c Store | Mahindra | Allahpur,37610KCC900S,1,Pcs.,138.98,138.98
2026-07-18,26-27/01744/Hero,Krishna M/c Store | Mahindra | Allahpur,37610KCC900S,1,Pcs.,156.78,156.78
2026-07-18,26-27/01744/Hero,Krishna M/c Store | Mahindra | Allahpur,42303KTR900S,6,Pcs.,63.56,381.36
2026-07-18,26-27/01744/Hero,Krishna M/c Store | Mahindra | Allahpur,45450KCC710S,11,Pcs.,127.12,1398.32
2026-07-18,26-27/01744/Hero,Krishna M/c Store | Mahindra | Allahpur,50512KTC900S,6,Pcs.,105.93,635.58
2026-07-18,26-27/01744/Hero,Krishna M/c Store | Mahindra | Allahpur,50530KST940S,3,Pcs.,114.41,343.23
2026-07-18,26-27/01744/Hero,Krishna M/c Store | Mahindra | Allahpur,53140KWA830S,10,Pcs.,88.98,889.8
2026-07-18,26-27/01744/Hero,Krishna M/c Store | Mahindra | Allahpur,53166KY0750S,10,Pcs.,63.56,635.6
2026-07-18,26-27/01744/Hero,Krishna M/c Store | Mahindra | Allahpur,K53531HF100DS,30,Pcs.,50.85,1525.5
2026-07-18,26-27/01744/Hero,Krishna M/c Store | Mahindra | Allahpur,14502086000RS,100,Pcs.,67.8,6780.0
2026-07-18,26-27/01744/Hero,Krishna M/c Store | Mahindra | Allahpur,50512KTC900S,4,Pcs.,105.93,423.72
2026-07-18,26-27/01744/Hero,Krishna M/c Store | Mahindra | Allahpur,50530KST940S,9,Pcs.,114.41,1029.69
2026-07-18,26-27/01744/Hero,Krishna M/c Store | Mahindra | Allahpur,K50505ACKH700S,10,Pcs.,152.54,1525.4
2026-07-18,26-27/01744/Hero,Krishna M/c Store | Mahindra | Allahpur,14610086000RS,200,Pcs.,84.75,16950.0
2026-07-18,26-27/01745/Hero,Raj Auto Spare Parts | AFM | Nawabganj,24K150LS,5,Pcs.,293.65,1468.25
2026-07-18,26-27/01745/Hero,Raj Auto Spare Parts | AFM | Nawabganj,53178AAFH00S,10,Pcs.,65.26,652.6
2026-07-18,26-27/01746/Hero,Raj Auto Spare Parts | AFM | Nawabganj,3310AAAGH20S,1,Pcs.,430.68,430.68
2026-07-18,26-27/01746/Hero,Raj Auto Spare Parts | AFM | Nawabganj,3310AAAGH20S,1,Pcs.,499.2,499.2
2026-07-18,26-27/01746/Hero,Raj Auto Spare Parts | AFM | Nawabganj,3310BAACH00S,2,Pcs.,548.13,1096.26
2026-07-18,26-27/01746/Hero,Raj Auto Spare Parts | AFM | Nawabganj,35010AAGH20S,1,Pcs.,743.9,743.9
2026-07-18,26-27/01746/Hero,Raj Auto Spare Parts | AFM | Nawabganj,35100AAHH50S,2,Pcs.,388.27,776.54
2026-07-18,26-27/01746/Hero,Raj Auto Spare Parts | AFM | Nawabganj,45010AAC030S,1,Pcs.,411.76,411.76
2026-07-18,26-27/01746/Hero,Raj Auto Spare Parts | AFM | Nawabganj,45010AAC030S,1,Pcs.,518.77,518.77
2026-07-18,26-27/01746/Hero,Raj Auto Spare Parts | AFM | Nawabganj,45010AAD000S,1,Pcs.,518.77,518.77
2026-07-18,26-27/01746/Hero,Raj Auto Spare Parts | AFM | Nawabganj,61311KST950S,1,Pcs.,199.02,199.02
2026-07-18,26-27/01746/Hero,Raj Auto Spare Parts | AFM | Nawabganj,K22222HF100DS,2,Pcs.,636.23,1272.46
2026-07-18,26-27/01746/Hero,Raj Auto Spare Parts | AFM | Nawabganj,21K201S,1,Pcs.,2009.83,2009.83
2026-07-18,26-27/01746/Hero,Raj Auto Spare Parts | AFM | Nawabganj,22121AAG501S,1,Pcs.,261.01,261.01
2026-07-18,26-27/01746/Hero,Raj Auto Spare Parts | AFM | Nawabganj,22350115020S,2,Pcs.,123.99,247.98
2026-07-18,26-27/01746/Hero,Raj Auto Spare Parts | AFM | Nawabganj,23461GK4760S,5,Pcs.,293.65,1468.25
2026-07-18,26-27/01746/Hero,Raj Auto Spare Parts | AFM | Nawabganj,24K150LS,6,Pcs.,293.65,1761.9
2026-07-18,26-27/01746/Hero,Raj Auto Spare Parts | AFM | Nawabganj,31120KTRA01S,1,Pcs.,640.15,640.15
2026-07-18,26-27/01746/Hero,Raj Auto Spare Parts | AFM | Nawabganj,33600KCC710S,2,Pcs.,179.45,358.9
2026-07-18,26-27/01746/Hero,Raj Auto Spare Parts | AFM | Nawabganj,33650KCC710S,5,Pcs.,156.61,783.05
2026-07-18,26-27/01746/Hero,Raj Auto Spare Parts | AFM | Nawabganj,35010AAGH20S,1,Pcs.,688.43,688.43
2026-07-18,26-27/01746/Hero,Raj Auto Spare Parts | AFM | Nawabganj,35100AAE102S,1,Pcs.,349.11,349.11
2026-07-18,26-27/01746/Hero,Raj Auto Spare Parts | AFM | Nawabganj,35100AAHH50S,2,Pcs.,388.27,776.54
2026-07-18,26-27/01746/Hero,Raj Auto Spare Parts | AFM | Nawabganj,45010AAD000S,1,Pcs.,518.77,518.77
2026-07-18,26-27/01746/Hero,Raj Auto Spare Parts | AFM | Nawabganj,53178AAFH00S,10,Pcs.,65.26,652.6
2026-07-18,26-27/01746/Hero,Raj Auto Spare Parts | AFM | Nawabganj,61311KST950S,1,Pcs.,199.02,199.02
2026-07-18,26-27/01746/Hero,Raj Auto Spare Parts | AFM | Nawabganj,K12121ACKA000S,1,Pcs.,1876.06,1876.06
2026-07-18,26-27/01746/Hero,Raj Auto Spare Parts | AFM | Nawabganj,K22222HF100DS,1,Pcs.,636.23,636.23
2026-07-18,26-27/01746/Hero,Raj Auto Spare Parts | AFM | Nawabganj,11395AAH000S,5,Pcs.,48.94,244.7
2026-07-18,26-27/01746/Hero,Raj Auto Spare Parts | AFM | Nawabganj,14430KST940S,8,Pcs.,195.77,1566.16
2026-07-18,26-27/01746/Hero,Raj Auto Spare Parts | AFM | Nawabganj,22121198900S,5,Pcs.,212.07,1060.35
2026-07-18,26-27/01746/Hero,Raj Auto Spare Parts | AFM | Nawabganj,22121AAG501S,2,Pcs.,261.01,522.02
2026-07-18,26-27/01746/Hero,Raj Auto Spare Parts | AFM | Nawabganj,22311107000S,15,Pcs.,35.89,538.35
2026-07-18,26-27/01746/Hero,Raj Auto Spare Parts | AFM | Nawabganj,22350115020S,3,Pcs.,123.99,371.97
2026-07-18,26-27/01746/Hero,Raj Auto Spare Parts | AFM | Nawabganj,22350AAG501S,2,Pcs.,129.21,258.42
2026-07-18,26-27/01746/Hero,Raj Auto Spare Parts | AFM | Nawabganj,22350AAG501S,1,Pcs.,150.09,150.09
2026-07-18,26-27/01746/Hero,Raj Auto Spare Parts | AFM | Nawabganj,33400KCC710S,4,Pcs.,179.45,717.8
2026-07-18,26-27/01746/Hero,Raj Auto Spare Parts | AFM | Nawabganj,33600KCC710S,3,Pcs.,179.45,538.35
2026-07-18,26-27/01746/Hero,Raj Auto Spare Parts | AFM | Nawabganj,33600KTCA21S,1,Pcs.,137.04,137.04
2026-07-18,26-27/01746/Hero,Raj Auto Spare Parts | AFM | Nawabganj,33600KTCA21S,4,Pcs.,150.09,600.36
2026-07-18,26-27/01746/Hero,Raj Auto Spare Parts | AFM | Nawabganj,33650KTCA21S,5,Pcs.,153.34,766.7
2026-07-18,26-27/01746/Hero,Raj Auto Spare Parts | AFM | Nawabganj,33K131S,4,Pcs.,479.62,1918.48
2026-07-18,26-27/01746/Hero,Raj Auto Spare Parts | AFM | Nawabganj,35100AAE102S,1,Pcs.,349.11,349.11
2026-07-18,26-27/01746/Hero,Raj Auto Spare Parts | AFM | Nawabganj,35100AAE301S,2,Pcs.,300.17,600.34
2026-07-18,26-27/01746/Hero,Raj Auto Spare Parts | AFM | Nawabganj,43451KCC600S,5,Pcs.,38.5,192.5
2026-07-18,26-27/01746/Hero,Raj Auto Spare Parts | AFM | Nawabganj,46500KST940S,1,Pcs.,155.96,155.96
2026-07-18,26-27/01746/Hero,Raj Auto Spare Parts | AFM | Nawabganj,46500KST940S,1,Pcs.,169.66,169.66
2026-07-18,26-27/01746/Hero,Raj Auto Spare Parts | AFM | Nawabganj,K14145HF100DS,10,Pcs.,88.1,881.0
2026-07-18,26-27/01746/Hero,Raj Auto Spare Parts | AFM | Nawabganj,K22222KTRK000S,1,Pcs.,897.24,897.24
2026-07-18,26-27/01746/Hero,Raj Auto Spare Parts | AFM | Nawabganj,K91910KTCE900S,1,Pcs.,407.84,407.84
2026-07-18,26-27/01746/Hero,Raj Auto Spare Parts | AFM | Nawabganj,K91910KTCE900S,4,Pcs.,433.94,1735.76
2026-07-18,26-27/01746/Hero,Raj Auto Spare Parts | AFM | Nawabganj,50500KTRA00S,5,Pcs.,280.6,1403.0
2026-07-18,26-27/01747/Hero,J D Enterprises | AFM | Pilibhit,20K710S,500,Pcs.,436.44,218220.0
2026-07-18,26-27/01748/Hero,Verma Auto Agencies | AFM | Barabanki,22870KCC900S,50,Pcs.,68.73,3436.5
2026-07-18,26-27/01748/Hero,Verma Auto Agencies | AFM | Barabanki,22870KCC900S,50,Pcs.,68.73,3436.5
2026-07-18,26-27/01748/Hero,Verma Auto Agencies | AFM | Barabanki,22870KCC900S,50,Pcs.,68.73,3436.5
2026-07-18,26-27/01748/Hero,Verma Auto Agencies | AFM | Barabanki,43100153600HS,5,Pcs.,376.27,1881.35
2026-07-18,26-27/01748/Hero,Verma Auto Agencies | AFM | Barabanki,43100153600HS,5,Pcs.,352.44,1762.2
2026-07-18,26-27/01748/Hero,Verma Auto Agencies | AFM | Barabanki,50803KCC900S,10,Pcs.,382.54,3825.4
2026-07-18,26-27/01748/Hero,Verma Auto Agencies | AFM | Barabanki,K40405KCCA901S,4,Pcs.,373.14,1492.56
2026-07-18,26-27/01748/Hero,Verma Auto Agencies | AFM | Barabanki,K40405KCCA901S,4,Pcs.,354.32,1417.28
2026-07-18,26-27/01748/Hero,Verma Auto Agencies | AFM | Barabanki,K40405KCCA901S,2,Pcs.,354.32,708.64
2026-07-18,26-27/01748/Hero,Verma Auto Agencies | AFM | Barabanki,22870AANB00S,10,Pcs.,75.25,752.5
2026-07-18,26-27/01748/Hero,Verma Auto Agencies | AFM | Barabanki,22870AANB00S,10,Pcs.,75.25,752.5
2026-07-18,26-27/01748/Hero,Verma Auto Agencies | AFM | Barabanki,22870AANB00S,10,Pcs.,75.25,752.5
2026-07-18,26-27/01748/Hero,Verma Auto Agencies | AFM | Barabanki,45125KCCH00S,100,Pcs.,62.72,6272.0
2026-07-18,26-27/01748/Hero,Verma Auto Agencies | AFM | Barabanki,45125KCCH00S,100,Pcs.,62.72,6272.0
2026-07-18,26-27/01748/Hero,Verma Auto Agencies | AFM | Barabanki,45010KTC900S,5,Pcs.,468.56,2342.8
2026-07-18,26-27/01748/Hero,Verma Auto Agencies | AFM | Barabanki,45010KTC900S,5,Pcs.,468.56,2342.8
2026-07-18,26-27/01748/Hero,Verma Auto Agencies | AFM | Barabanki,40531205010S,400,Pcs.,9.4,3760.0
2026-07-18,26-27/01748/Hero,Verma Auto Agencies | AFM | Barabanki,14670035030LS,100,Pcs.,65.84,6584.0
2026-07-18,26-27/01748/Hero,Verma Auto Agencies | AFM | Barabanki,14670035030LS,100,Pcs.,65.84,6584.0
2026-07-18,26-27/01748/Hero,Verma Auto Agencies | AFM | Barabanki,23123KGH900S,20,Pcs.,213.22,4264.4
2026-07-18,26-27/01748/Hero,Verma Auto Agencies | AFM | Barabanki,23123KGH900S,20,Pcs.,213.22,4264.4
2026-07-18,26-27/01748/Hero,Verma Auto Agencies | AFM | Barabanki,23123KGH900S,20,Pcs.,213.22,4264.4
2026-07-18,26-27/01748/Hero,Verma Auto Agencies | AFM | Barabanki,23123KGH900S,20,Pcs.,213.22,4264.4
2026-07-18,26-27/01748/Hero,Verma Auto Agencies | AFM | Barabanki,15100KCC900S,20,Pcs.,241.44,4828.8
2026-07-18,26-27/01748/Hero,Verma Auto Agencies | AFM | Barabanki,14401AAD00099S,120,Pcs.,85.91,10309.2
2026-07-18,26-27/01748/Hero,Verma Auto Agencies | AFM | Barabanki,14401AAD00099S,20,Pcs.,87.79,1755.8
2026-07-18,26-27/01748/Hero,Verma Auto Agencies | AFM | Barabanki,40531205010S,50,Pcs.,9.4,470.0
2026-07-18,26-27/01748/Hero,Verma Auto Agencies | AFM | Barabanki,37230KWHH01S,100,Pcs.,53.3,5330.0
2026-07-18,26-27/01748/Hero,Verma Auto Agencies | AFM | Barabanki,13012GN5315LS,20,Pcs.,163.05,3261.0
2026-07-18,26-27/01748/Hero,Verma Auto Agencies | AFM | Barabanki,13111087000S,30,Pcs.,40.76,1222.8
2026-07-18,26-27/01748/Hero,Verma Auto Agencies | AFM | Barabanki,14321AAD200S,40,Pcs.,53.3,2132.0
2026-07-18,26-27/01748/Hero,Verma Auto Agencies | AFM | Barabanki,14401AAD00099S,2,Pcs.,87.79,175.58
2026-07-18,26-27/01748/Hero,Verma Auto Agencies | AFM | Barabanki,14510KTC901S,20,Pcs.,50.17,1003.4
2026-07-18,26-27/01748/Hero,Verma Auto Agencies | AFM | Barabanki,15384178000S,4,Pcs.,25.09,100.36
2026-07-18,26-27/01748/Hero,Verma Auto Agencies | AFM | Barabanki,16211AAN410S,2,Pcs.,25.72,51.44
2026-07-18,26-27/01748/Hero,Verma Auto Agencies | AFM | Barabanki,17208AAT00099S,1,Pcs.,156.78,156.78
2026-07-18,26-27/01748/Hero,Verma Auto Agencies | AFM | Barabanki,17208AAT00099S,12,Pcs.,169.32,2031.84
2026-07-18,26-27/01748/Hero,Verma Auto Agencies | AFM | Barabanki,17512KCC900S,40,Pcs.,3.14,125.6
2026-07-18,26-27/01748/Hero,Verma Auto Agencies | AFM | Barabanki,17570ACK00099S,1,Pcs.,254.61,254.61
2026-07-18,26-27/01748/Hero,Verma Auto Agencies | AFM | Barabanki,17570ACK00099S,1,Pcs.,285.34,285.34
2026-07-18,26-27/01748/Hero,Verma Auto Agencies | AFM | Barabanki,22321KE8000S,44,Pcs.,37.37,1644.28
2026-07-18,26-27/01748/Hero,Verma Auto Agencies | AFM | Barabanki,22321KE8000S,24,Pcs.,40.51,972.24
2026-07-18,26-27/01748/Hero,Verma Auto Agencies | AFM | Barabanki,23112AAJH10S,1,Pcs.,75.25,75.25
2026-07-18,26-27/01748/Hero,Verma Auto Agencies | AFM | Barabanki,23441GB4770S,1,Pcs.,346.79,346.79
2026-07-18,26-27/01748/Hero,Verma Auto Agencies | AFM | Barabanki,23441GB4770S,1,Pcs.,388.81,388.81
2026-07-18,26-27/01748/Hero,Verma Auto Agencies | AFM | Barabanki,23461GK4760S,4,Pcs.,253.98,1015.92
2026-07-18,26-27/01748/Hero,Verma Auto Agencies | AFM | Barabanki,33K110S,10,Pcs.,361.21,3612.1
2026-07-18,26-27/01748/Hero,Verma Auto Agencies | AFM | Barabanki,43151110000S,20,Pcs.,6.9,138.0
2026-07-18,26-27/01748/Hero,Verma Auto Agencies | AFM | Barabanki,50803KCC900S,5,Pcs.,382.54,1912.7
2026-07-18,26-27/01748/Hero,Verma Auto Agencies | AFM | Barabanki,91208KB4670S,50,Pcs.,21.95,1097.5
2026-07-18,26-27/01748/Hero,Verma Auto Agencies | AFM | Barabanki,9501151000S,40,Pcs.,6.27,250.8
2026-07-18,26-27/01748/Hero,Verma Auto Agencies | AFM | Barabanki,3310BAAH10099S,6,Pcs.,329.24,1975.44
2026-07-18,26-27/01748/Hero,Verma Auto Agencies | AFM | Barabanki,17208AAT00099S,40,Pcs.,169.32,6772.8
2026-07-18,26-27/01748/Hero,Verma Auto Agencies | AFM | Barabanki,3310BAAH10099S,6,Pcs.,385.68,2314.08
2026-07-18,26-27/01748/Hero,Verma Auto Agencies | AFM | Barabanki,3310BAAH10099S,6,Pcs.,385.68,2314.08
2026-07-18,26-27/01748/Hero,Verma Auto Agencies | AFM | Barabanki,51410KCC900S,8,Pcs.,536.19,4289.52
2026-07-18,26-27/01748/Hero,Verma Auto Agencies | AFM | Barabanki,51410KCC900S,10,Pcs.,536.19,5361.9
2026-07-18,26-27/01748/Hero,Verma Auto Agencies | AFM | Barabanki,14311035000S,30,Pcs.,37.63,1128.9
2026-07-18,26-27/01748/Hero,Verma Auto Agencies | AFM | Barabanki,14401AAD00099S,35,Pcs.,87.79,3072.65
2026-07-18,26-27/01748/Hero,Verma Auto Agencies | AFM | Barabanki,14781MA6000S,80,Pcs.,9.4,752.0
2026-07-18,26-27/01748/Hero,Verma Auto Agencies | AFM | Barabanki,17208AAT00099S,7,Pcs.,169.32,1185.24
2026-07-18,26-27/01748/Hero,Verma Auto Agencies | AFM | Barabanki,22321KE8000S,4,Pcs.,40.51,162.04
2026-07-18,26-27/01748/Hero,Verma Auto Agencies | AFM | Barabanki,23112AAJH10S,3,Pcs.,75.25,225.75
2026-07-18,26-27/01748/Hero,Verma Auto Agencies | AFM | Barabanki,23441GB4770S,13,Pcs.,388.81,5054.53
2026-07-18,26-27/01748/Hero,Verma Auto Agencies | AFM | Barabanki,23461GK4760S,16,Pcs.,253.98,4063.68
2026-07-18,26-27/01748/Hero,Verma Auto Agencies | AFM | Barabanki,23801178000S,10,Pcs.,56.44,564.4
2026-07-18,26-27/01748/Hero,Verma Auto Agencies | AFM | Barabanki,37230KWHH01S,60,Pcs.,53.3,3198.0
2026-07-18,26-27/01748/Hero,Verma Auto Agencies | AFM | Barabanki,40531205010S,150,Pcs.,9.4,1410.0
2026-07-18,26-27/01748/Hero,Verma Auto Agencies | AFM | Barabanki,9501151000S,70,Pcs.,6.27,438.9
2026-07-18,26-27/01749/Hero,Verma Auto Agencies | AFM | Barabanki,17213AACA0099S,40,Pcs.,109.75,4390.0
2026-07-18,26-27/01749/Hero,Verma Auto Agencies | AFM | Barabanki,17213AACA0099S,40,Pcs.,109.75,4390.0
2026-07-18,26-27/01749/Hero,Verma Auto Agencies | AFM | Barabanki,K44446AAFB000S,1,Pcs.,3070.3,3070.3
2026-07-18,26-27/01749/Hero,Verma Auto Agencies | AFM | Barabanki,24610KST940S,10,Pcs.,191.27,1912.7
2026-07-18,26-27/01749/Hero,Verma Auto Agencies | AFM | Barabanki,33110AAGH01S,8,Pcs.,416.15,3329.2
2026-07-18,26-27/01749/Hero,Verma Auto Agencies | AFM | Barabanki,33110AAGH01S,8,Pcs.,416.15,3329.2
2026-07-18,26-27/01749/Hero,Verma Auto Agencies | AFM | Barabanki,17208AABA00S,28,Pcs.,119.16,3336.48
2026-07-18,26-27/01749/Hero,Verma Auto Agencies | AFM | Barabanki,40510KTCA20S,1,Pcs.,322.97,322.97
2026-07-18,26-27/01749/Hero,Verma Auto Agencies | AFM | Barabanki,40520KTCA20S,1,Pcs.,329.24,329.24
2026-07-18,26-27/01749/Hero,Verma Auto Agencies | AFM | Barabanki,52400AAH000RS,2,Pcs.,661.78,1323.56
2026-07-18,26-27/01749/Hero,Verma Auto Agencies | AFM | Barabanki,61311AAC200S,2,Pcs.,187.51,375.02
2026-07-18,26-27/01749/Hero,Verma Auto Agencies | AFM | Barabanki,61311AAC200S,5,Pcs.,206.95,1034.75
2026-07-18,26-27/01749/Hero,Verma Auto Agencies | AFM | Barabanki,K12121KSTG940S,2,Pcs.,1552.12,3104.24
2026-07-18,26-27/01749/Hero,Verma Auto Agencies | AFM | Barabanki,K53531HF100DS,1,Pcs.,37.63,37.63
2026-07-18,26-27/01749/Hero,Verma Auto Agencies | AFM | Barabanki,17208AABA00S,6,Pcs.,119.16,714.96
2026-07-18,26-27/01749/Hero,Verma Auto Agencies | AFM | Barabanki,17213AACA0099S,5,Pcs.,109.75,548.75
2026-07-18,26-27/01749/Hero,Verma Auto Agencies | AFM | Barabanki,3310BAAY001S,1,Pcs.,395.09,395.09
2026-07-18,26-27/01749/Hero,Verma Auto Agencies | AFM | Barabanki,3310BAAY001S,1,Pcs.,429.58,429.58
2026-07-18,26-27/01749/Hero,Verma Auto Agencies | AFM | Barabanki,37100AAD20099S,1,Pcs.,1379.66,1379.66
2026-07-18,26-27/01749/Hero,Verma Auto Agencies | AFM | Barabanki,37610AAH102S,2,Pcs.,88.42,176.84
2026-07-18,26-27/01749/Hero,Verma Auto Agencies | AFM | Barabanki,37610AAH102S,1,Pcs.,100.34,100.34
2026-07-18,26-27/01749/Hero,Verma Auto Agencies | AFM | Barabanki,37610AAH102S,4,Pcs.,103.47,413.88
2026-07-18,26-27/01749/Hero,Verma Auto Agencies | AFM | Barabanki,37800AAW00099S,1,Pcs.,166.19,166.19
2026-07-18,26-27/01749/Hero,Verma Auto Agencies | AFM | Barabanki,42601198D00S,3,Pcs.,633.39,1900.17
2026-07-18,26-27/01749/Hero,Verma Auto Agencies | AFM | Barabanki,43451AAHF00S,1,Pcs.,43.9,43.9
2026-07-18,26-27/01749/Hero,Verma Auto Agencies | AFM | Barabanki,44830AAD220S,1,Pcs.,63.08,63.08
2026-07-18,26-27/01749/Hero,Verma Auto Agencies | AFM | Barabanki,51103AAG100S,1,Pcs.,338.65,338.65
2026-07-18,26-27/01749/Hero,Verma Auto Agencies | AFM | Barabanki,88110AAGH01ZGS,1,Pcs.,159.91,159.91
2026-07-18,26-27/01749/Hero,Verma Auto Agencies | AFM | Barabanki,88120AANH01ZDS,1,Pcs.,166.19,166.19
2026-07-18,26-27/01749/Hero,Verma Auto Agencies | AFM | Barabanki,88120AANH01ZDS,2,Pcs.,185.0,370.0
2026-07-18,26-27/01749/Hero,Verma Auto Agencies | AFM | Barabanki,88120AANH01ZDS,1,Pcs.,191.27,191.27
2026-07-18,26-27/01749/Hero,Verma Auto Agencies | AFM | Barabanki,K53531HF100DS,4,Pcs.,37.63,150.52
2026-07-18,26-27/01749/Hero,Verma Auto Agencies | AFM | Barabanki,K55912P30D850S,3,Pcs.,131.7,395.1
2026-07-18,26-27/01749/Hero,Verma Auto Agencies | AFM | Barabanki,33110AAGH01S,8,Pcs.,416.15,3329.2
2026-07-18,26-27/01749/Hero,Verma Auto Agencies | AFM | Barabanki,17213AACA0099S,11,Pcs.,109.75,1207.25
2026-07-18,26-27/01749/Hero,Verma Auto Agencies | AFM | Barabanki,20K450S,1,Pcs.,504.38,504.38
2026-07-18,26-27/01749/Hero,Verma Auto Agencies | AFM | Barabanki,28150KPL900S,10,Pcs.,51.42,514.2
2026-07-18,26-27/01749/Hero,Verma Auto Agencies | AFM | Barabanki,35200AAC211S,1,Pcs.,291.61,291.61
2026-07-18,26-27/01749/Hero,Verma Auto Agencies | AFM | Barabanki,42601198D00S,2,Pcs.,633.39,1266.78
2026-07-18,26-27/01749/Hero,Verma Auto Agencies | AFM | Barabanki,43550AAZ310S,1,Pcs.,50.17,50.17
2026-07-18,26-27/01749/Hero,Verma Auto Agencies | AFM | Barabanki,K53531HF100DS,13,Pcs.,37.63,489.19
2026-07-18,26-27/01749/Hero,Verma Auto Agencies | AFM | Barabanki,K55912P30D850S,8,Pcs.,131.7,1053.6
2026-07-18,26-27/01749/Hero,Verma Auto Agencies | AFM | Barabanki,06455AANE00S,1,Pcs.,216.35,216.35
2026-07-18,26-27/01749/Hero,Verma Auto Agencies | AFM | Barabanki,12341KTCA20S,1,Pcs.,106.61,106.61
2026-07-18,26-27/01749/Hero,Verma Auto Agencies | AFM | Barabanki,16100AAF101S,1,Pcs.,1561.53,1561.53
2026-07-18,26-27/01749/Hero,Verma Auto Agencies | AFM | Barabanki,16100AAW002S,1,Pcs.,2288.98,2288.98
2026-07-18,26-27/01749/Hero,Verma Auto Agencies | AFM | Barabanki,16100KWH961S,1,Pcs.,1580.34,1580.34
2026-07-18,26-27/01749/Hero,Verma Auto Agencies | AFM | Barabanki,17208AABA00S,6,Pcs.,119.16,714.96
2026-07-18,26-27/01749/Hero,Verma Auto Agencies | AFM | Barabanki,17213AACA0099S,3,Pcs.,109.75,329.25
2026-07-18,26-27/01749/Hero,Verma Auto Agencies | AFM | Barabanki,20K450S,1,Pcs.,504.38,504.38
2026-07-18,26-27/01749/Hero,Verma Auto Agencies | AFM | Barabanki,20K450S,3,Pcs.,573.98,1721.94
2026-07-18,26-27/01749/Hero,Verma Auto Agencies | AFM | Barabanki,22102AAL500S,2,Pcs.,291.61,583.22
2026-07-18,26-27/01749/Hero,Verma Auto Agencies | AFM | Barabanki,30700KTCA21S,1,Pcs.,56.44,56.44
2026-07-18,26-27/01749/Hero,Verma Auto Agencies | AFM | Barabanki,31110AAD011S,1,Pcs.,570.68,570.68
2026-07-18,26-27/01749/Hero,Verma Auto Agencies | AFM | Barabanki,35200AAC211S,1,Pcs.,338.65,338.65
2026-07-18,26-27/01749/Hero,Verma Auto Agencies | AFM | Barabanki,37610AAH102S,1,Pcs.,88.42,88.42
2026-07-18,26-27/01749/Hero,Verma Auto Agencies | AFM | Barabanki,37610AAH102S,1,Pcs.,103.47,103.47
2026-07-18,26-27/01749/Hero,Verma Auto Agencies | AFM | Barabanki,42601198D00S,4,Pcs.,633.39,2533.56
2026-07-18,26-27/01749/Hero,Verma Auto Agencies | AFM | Barabanki,43451AAHF00S,1,Pcs.,37.63,37.63
2026-07-18,26-27/01749/Hero,Verma Auto Agencies | AFM | Barabanki,43451AAHF00S,3,Pcs.,43.9,131.7
2026-07-18,26-27/01749/Hero,Verma Auto Agencies | AFM | Barabanki,43550AAZ310S,1,Pcs.,50.17,50.17
2026-07-18,26-27/01749/Hero,Verma Auto Agencies | AFM | Barabanki,44830AAD220S,1,Pcs.,63.08,63.08
2026-07-18,26-27/01749/Hero,Verma Auto Agencies | AFM | Barabanki,K53531HF100DS,19,Pcs.,37.63,714.97
2026-07-18,26-27/01749/Hero,Verma Auto Agencies | AFM | Barabanki,K55912KTCE900S,20,Pcs.,34.49,689.8
2026-07-18,26-27/01749/Hero,Verma Auto Agencies | AFM | Barabanki,K55912P30D850S,15,Pcs.,131.7,1975.5
2026-07-18,26-27/01749/Hero,Verma Auto Agencies | AFM | Barabanki,06455AANE00S,1,Pcs.,216.35,216.35
2026-07-18,26-27/01749/Hero,Verma Auto Agencies | AFM | Barabanki,12341KTCA20S,3,Pcs.,106.61,319.83
2026-07-18,26-27/01749/Hero,Verma Auto Agencies | AFM | Barabanki,17213AACA0099S,1,Pcs.,109.75,109.75
2026-07-18,26-27/01749/Hero,Verma Auto Agencies | AFM | Barabanki,30700KTCA21S,4,Pcs.,56.44,225.76
2026-07-18,26-27/01749/Hero,Verma Auto Agencies | AFM | Barabanki,30700KTCA21S,2,Pcs.,59.58,119.16
2026-07-18,26-27/01749/Hero,Verma Auto Agencies | AFM | Barabanki,37610AAH102S,1,Pcs.,103.47,103.47
2026-07-18,26-27/01749/Hero,Verma Auto Agencies | AFM | Barabanki,42601198D00S,1,Pcs.,531.79,531.79
2026-07-18,26-27/01749/Hero,Verma Auto Agencies | AFM | Barabanki,44830AAD220S,3,Pcs.,63.08,189.24
2026-07-18,26-27/01749/Hero,Verma Auto Agencies | AFM | Barabanki,46544AAHF00S,2,Pcs.,602.03,1204.06
2026-07-18,26-27/01749/Hero,Verma Auto Agencies | AFM | Barabanki,53208AAH000S,10,Pcs.,9.4,94.0
2026-07-18,26-27/01749/Hero,Verma Auto Agencies | AFM | Barabanki,61311AAC200S,1,Pcs.,187.51,187.51
2026-07-18,26-27/01749/Hero,Verma Auto Agencies | AFM | Barabanki,961006203000S,60,Pcs.,53.3,3198.0
2026-07-18,26-27/01749/Hero,Verma Auto Agencies | AFM | Barabanki,K22228HF100DS,10,Pcs.,47.03,470.3
2026-07-18,26-27/01749/Hero,Verma Auto Agencies | AFM | Barabanki,K53531HF100DS,3,Pcs.,37.63,112.89
2026-07-18,26-27/01749/Hero,Verma Auto Agencies | AFM | Barabanki,K55912KTCE900S,20,Pcs.,34.49,689.8
2026-07-18,26-27/01749/Hero,Verma Auto Agencies | AFM | Barabanki,K55912P30D850S,14,Pcs.,131.7,1843.8
2026-07-18,26-27/01749/Hero,Verma Auto Agencies | AFM | Barabanki,K90904HF100DS,4,Pcs.,65.84,263.36
2026-07-18,26-27/01750/Hero,Krishna M/c Store | AFM | Allahpur,14401AAD00099S,120,Pcs.,95.34,11440.8
2026-07-18,26-27/01750/Hero,Krishna M/c Store | AFM | Allahpur,14401AAD00099S,120,Pcs.,95.34,11440.8
2026-07-18,26-27/01750/Hero,Krishna M/c Store | AFM | Allahpur,12209GB4685S,200,Pcs.,31.78,6356.0
2026-07-18,26-27/01750/Hero,Krishna M/c Store | AFM | Allahpur,12209GB4685S,200,Pcs.,31.78,6356.0
2026-07-18,26-27/01750/Hero,Krishna M/c Store | AFM | Allahpur,12209GB4685S,200,Pcs.,31.78,6356.0
2026-07-18,26-27/01750/Hero,Krishna M/c Store | AFM | Allahpur,22K130LS,50,Pcs.,317.8,15890.0
2026-07-18,26-27/01750/Hero,Krishna M/c Store | AFM | Allahpur,22350115020S,50,Pcs.,120.77,6038.5
2026-07-18,26-27/01750/Hero,Krishna M/c Store | AFM | Allahpur,K42423KSTG940S,50,Pcs.,50.85,2542.5
2026-07-18,26-27/01750/Hero,Krishna M/c Store | AFM | Allahpur,K42423KCCZ600S,50,Pcs.,54.02,2701.0
2026-07-18,26-27/01750/Hero,Krishna M/c Store | AFM | Allahpur,28101KWA940S,50,Pcs.,79.45,3972.5
2026-07-18,26-27/01750/Hero,Krishna M/c Store | AFM | Allahpur,24211GF6000RS,100,Pcs.,206.56,20656.0
2026-07-18,26-27/01750/Hero,Krishna M/c Store | AFM | Allahpur,29K210S,200,Pcs.,38.14,7628.0
2026-07-18,26-27/01750/Hero,Krishna M/c Store | AFM | Allahpur,22311107000S,150,Pcs.,34.96,5244.0
2026-07-18,26-27/01750/Hero,Krishna M/c Store | AFM | Allahpur,22311107000S,150,Pcs.,34.96,5244.0
2026-07-18,26-27/01750/Hero,Krishna M/c Store | AFM | Allahpur,K50505ACKH700S,20,Pcs.,114.4,2288.0
2026-07-18,26-27/01750/Hero,Krishna M/c Store | AFM | Allahpur,50530KST940S,12,Pcs.,85.81,1029.72
2026-07-18,26-27/01750/Hero,Krishna M/c Store | AFM | Allahpur,53166KWA830S,10,Pcs.,60.38,603.8
2026-07-18,26-27/01750/Hero,Krishna M/c Store | AFM | Allahpur,K12121AAEE300S,2,Pcs.,1690.68,3381.36
2026-07-18,26-27/01750/Hero,Krishna M/c Store | AFM | Allahpur,K12121ACKA000S,1,Pcs.,1627.12,1627.12
2026-07-18,26-27/01750/Hero,Krishna M/c Store | AFM | Allahpur,K12121ACKA000S,1,Pcs.,1827.33,1827.33
2026-07-18,26-27/01750/Hero,Krishna M/c Store | AFM | Allahpur,12361035000S,15,Pcs.,19.06,285.9
2026-07-18,26-27/01750/Hero,Krishna M/c Store | AFM | Allahpur,14321AAD200S,20,Pcs.,54.02,1080.4
2026-07-18,26-27/01750/Hero,Krishna M/c Store | AFM | Allahpur,17910KWA940S,28,Pcs.,69.91,1957.48
2026-07-18,26-27/01750/Hero,Krishna M/c Store | AFM | Allahpur,22321AAG501S,28,Pcs.,38.14,1067.92
2026-07-18,26-27/01750/Hero,Krishna M/c Store | AFM | Allahpur,31120ACK011S,4,Pcs.,762.71,3050.84
2026-07-18,26-27/01750/Hero,Krishna M/c Store | AFM | Allahpur,35010ACK00099S,3,Pcs.,632.41,1897.23
2026-07-18,26-27/01750/Hero,Krishna M/c Store | AFM | Allahpur,35100AAE301S,1,Pcs.,314.62,314.62
2026-07-18,26-27/01750/Hero,Krishna M/c Store | AFM | Allahpur,35100AAHH50S,2,Pcs.,378.18,756.36
2026-07-18,26-27/01750/Hero,Krishna M/c Store | AFM | Allahpur,37610KCC900S,3,Pcs.,117.59,352.77
2026-07-18,26-27/01750/Hero,Krishna M/c Store | AFM | Allahpur,45450KCC710S,1,Pcs.,95.34,95.34
2026-07-18,26-27/01750/Hero,Krishna M/c Store | AFM | Allahpur,12361035000S,35,Pcs.,19.06,667.1
2026-07-18,26-27/01750/Hero,Krishna M/c Store | AFM | Allahpur,14100AAHH41S,2,Pcs.,543.44,1086.88
2026-07-18,26-27/01750/Hero,Krishna M/c Store | AFM | Allahpur,1450AACK000S,2,Pcs.,79.45,158.9
2026-07-18,26-27/01750/Hero,Krishna M/c Store | AFM | Allahpur,17910KWA940S,2,Pcs.,69.91,139.82
2026-07-18,26-27/01750/Hero,Krishna M/c Store | AFM | Allahpur,22321AAG501S,12,Pcs.,38.14,457.68
2026-07-18,26-27/01750/Hero,Krishna M/c Store | AFM | Allahpur,22321KPS900S,4,Pcs.,28.61,114.44
2026-07-18,26-27/01750/Hero,Krishna M/c Store | AFM | Allahpur,22321KPS900S,36,Pcs.,31.78,1144.08
2026-07-18,26-27/01750/Hero,Krishna M/c Store | AFM | Allahpur,23221GF6000S,4,Pcs.,273.31,1093.24
2026-07-18,26-27/01750/Hero,Krishna M/c Store | AFM | Allahpur,23451GK4761S,2,Pcs.,362.29,724.58
2026-07-18,26-27/01750/Hero,Krishna M/c Store | AFM | Allahpur,23461GK4760S,5,Pcs.,286.02,1430.1
2026-07-18,26-27/01750/Hero,Krishna M/c Store | AFM | Allahpur,24K150LS,16,Pcs.,286.02,4576.32
2026-07-18,26-27/01750/Hero,Krishna M/c Store | AFM | Allahpur,31120ACK011S,1,Pcs.,762.71,762.71
2026-07-18,26-27/01750/Hero,Krishna M/c Store | AFM | Allahpur,35010ACK00099S,2,Pcs.,632.41,1264.82
2026-07-18,26-27/01750/Hero,Krishna M/c Store | AFM | Allahpur,35100AAE301S,4,Pcs.,314.62,1258.48
2026-07-18,26-27/01750/Hero,Krishna M/c Store | AFM | Allahpur,35100AAHH50S,1,Pcs.,378.18,378.18
2026-07-18,26-27/01750/Hero,Krishna M/c Store | AFM | Allahpur,35750001000S,40,Pcs.,41.31,1652.4
2026-07-18,26-27/01750/Hero,Krishna M/c Store | AFM | Allahpur,42303KTR900S,4,Pcs.,47.67,190.68
2026-07-18,26-27/01750/Hero,Krishna M/c Store | AFM | Allahpur,45450KCC710S,8,Pcs.,95.34,762.72
2026-07-18,26-27/01750/Hero,Krishna M/c Store | AFM | Allahpur,50530KST940S,6,Pcs.,85.81,514.86
2026-07-18,26-27/01750/Hero,Krishna M/c Store | AFM | Allahpur,K22222KTCE900S,5,Pcs.,418.85,2094.25
2026-07-18,26-27/01750/Hero,Krishna M/c Store | AFM | Allahpur,1450AACK000S,1,Pcs.,76.27,76.27
2026-07-18,26-27/01750/Hero,Krishna M/c Store | AFM | Allahpur,1450AACK000S,47,Pcs.,79.45,3734.15
2026-07-18,26-27/01750/Hero,Krishna M/c Store | AFM | Allahpur,15100KCC900S,5,Pcs.,244.7,1223.5
2026-07-18,26-27/01750/Hero,Krishna M/c Store | AFM | Allahpur,23221GF6000S,6,Pcs.,273.31,1639.86
2026-07-18,26-27/01750/Hero,Krishna M/c Store | AFM | Allahpur,23431GN5910S,2,Pcs.,457.63,915.26
2026-07-18,26-27/01750/Hero,Krishna M/c Store | AFM | Allahpur,23451GK4761S,1,Pcs.,362.29,362.29
2026-07-18,26-27/01750/Hero,Krishna M/c Store | AFM | Allahpur,24K150LS,14,Pcs.,286.02,4004.28
2026-07-18,26-27/01750/Hero,Krishna M/c Store | AFM | Allahpur,35100AAHH50S,2,Pcs.,378.18,756.36
2026-07-18,26-27/01750/Hero,Krishna M/c Store | AFM | Allahpur,35150AAC00099S,1,Pcs.,174.79,174.79
2026-07-18,26-27/01750/Hero,Krishna M/c Store | AFM | Allahpur,35750001000S,10,Pcs.,41.31,413.1
2026-07-18,26-27/01750/Hero,Krishna M/c Store | AFM | Allahpur,37610KCC900S,1,Pcs.,104.23,104.23
2026-07-18,26-27/01750/Hero,Krishna M/c Store | AFM | Allahpur,37610KCC900S,1,Pcs.,117.59,117.59
2026-07-18,26-27/01750/Hero,Krishna M/c Store | AFM | Allahpur,42303KTR900S,6,Pcs.,47.67,286.02
2026-07-18,26-27/01750/Hero,Krishna M/c Store | AFM | Allahpur,45450KCC710S,11,Pcs.,95.34,1048.74
2026-07-18,26-27/01750/Hero,Krishna M/c Store | AFM | Allahpur,50512KTC900S,6,Pcs.,79.45,476.7
2026-07-18,26-27/01750/Hero,Krishna M/c Store | AFM | Allahpur,50530KST940S,3,Pcs.,85.81,257.43
2026-07-18,26-27/01750/Hero,Krishna M/c Store | AFM | Allahpur,53140KWA830S,10,Pcs.,66.73,667.3
2026-07-18,26-27/01750/Hero,Krishna M/c Store | AFM | Allahpur,53166KY0750S,10,Pcs.,47.67,476.7
2026-07-18,26-27/01750/Hero,Krishna M/c Store | AFM | Allahpur,K53531HF100DS,30,Pcs.,38.14,1144.2
2026-07-18,26-27/01750/Hero,Krishna M/c Store | AFM | Allahpur,14502086000RS,100,Pcs.,50.85,5085.0
2026-07-18,26-27/01750/Hero,Krishna M/c Store | AFM | Allahpur,50512KTC900S,4,Pcs.,79.45,317.8
2026-07-18,26-27/01750/Hero,Krishna M/c Store | AFM | Allahpur,50530KST940S,9,Pcs.,85.81,772.29
2026-07-18,26-27/01750/Hero,Krishna M/c Store | AFM | Allahpur,K50505ACKH700S,10,Pcs.,114.4,1144.0
2026-07-18,26-27/01750/Hero,Krishna M/c Store | AFM | Allahpur,14610086000RS,200,Pcs.,63.56,12712.0
2026-07-18,26-27/01751/Hero,Krishna M/c Store | AFM | Allahpur,22201AAHA01S,224,Pcs.,47.67,10678.08
2026-07-18,26-27/01751/Hero,Krishna M/c Store | AFM | Allahpur,22201AAHA01S,224,Pcs.,47.67,10678.08
2026-07-18,26-27/01751/Hero,Krishna M/c Store | AFM | Allahpur,14670035030LS,100,Pcs.,66.73,6673.0
2026-07-18,26-27/01751/Hero,Krishna M/c Store | AFM | Allahpur,17213AACA0099S,2,Pcs.,111.23,222.46
2026-07-18,26-27/01751/Hero,Krishna M/c Store | AFM | Allahpur,22201AAHA01S,152,Pcs.,47.67,7245.84
2026-07-18,26-27/01751/Hero,Krishna M/c Store | AFM | Allahpur,28302KAG900S,30,Pcs.,76.27,2288.1
2026-07-18,26-27/01751/Hero,Krishna M/c Store | AFM | Allahpur,3310BAACH00S,2,Pcs.,533.89,1067.78
2026-07-18,26-27/01751/Hero,Krishna M/c Store | AFM | Allahpur,3370BAAC201S,1,Pcs.,324.15,324.15
2026-07-18,26-27/01751/Hero,Krishna M/c Store | AFM | Allahpur,3370BAAHA010099S,2,Pcs.,257.41,514.82
2026-07-18,26-27/01751/Hero,Krishna M/c Store | AFM | Allahpur,37800KWH962S,2,Pcs.,257.41,514.82
2026-07-18,26-27/01751/Hero,Krishna M/c Store | AFM | Allahpur,17213AACA0099S,10,Pcs.,111.23,1112.3
2026-07-18,26-27/01751/Hero,Krishna M/c Store | AFM | Allahpur,3310BAAH10099S,2,Pcs.,333.69,667.38
2026-07-18,26-27/01751/Hero,Krishna M/c Store | AFM | Allahpur,3370BAAC201S,1,Pcs.,324.15,324.15
2026-07-18,26-27/01751/Hero,Krishna M/c Store | AFM | Allahpur,16100AAH102S,2,Pcs.,1509.53,3019.06
2026-07-18,26-27/01751/Hero,Krishna M/c Store | AFM | Allahpur,21K160S,2,Pcs.,2049.79,4099.58
2026-07-18,26-27/01751/Hero,Krishna M/c Store | AFM | Allahpur,21K200S,2,Pcs.,2100.64,4201.28
2026-07-18,26-27/01751/Hero,Krishna M/c Store | AFM | Allahpur,50500KTRA00S,5,Pcs.,273.31,1366.55
2026-07-18,26-27/01751/Hero,Krishna M/c Store | AFM | Allahpur,50500AAE300S,5,Pcs.,314.62,1573.1
2026-07-18,26-27/01751/Hero,Krishna M/c Store | AFM | Allahpur,17213AACA0099S,8,Pcs.,111.23,889.84
2026-07-18,26-27/01751/Hero,Krishna M/c Store | AFM | Allahpur,45475AAHF00S,30,Pcs.,111.23,3336.9
2026-07-18,26-27/01751/Hero,Krishna M/c Store | AFM | Allahpur,46544AAEB00S,2,Pcs.,635.6,1271.2
2026-07-18,26-27/01751/Hero,Krishna M/c Store | AFM | Allahpur,52400KCC905ZBS,2,Pcs.,645.13,1290.26
2026-07-18,26-27/01751/Hero,Krishna M/c Store | AFM | Allahpur,16100AAH102S,3,Pcs.,1509.53,4528.59
2026-07-18,26-27/01751/Hero,Krishna M/c Store | AFM | Allahpur,53140KCC900S,10,Pcs.,50.85,508.5
2026-07-18,26-27/01751/Hero,Krishna M/c Store | AFM | Allahpur,53178AAFH00S,1,Pcs.,53.39,53.39
2026-07-18,26-27/01751/Hero,Krishna M/c Store | AFM | Allahpur,53178AAFH00S,49,Pcs.,63.56,3114.44
2026-07-18,26-27/01751/Hero,Krishna M/c Store | AFM | Allahpur,61311AAC200S,5,Pcs.,209.74,1048.7
2026-07-18,26-27/01751/Hero,Krishna M/c Store | AFM | Allahpur,80102KCC900S,25,Pcs.,34.96,874.0
2026-07-18,26-27/01751/Hero,Krishna M/c Store | AFM | Allahpur,80102KCC900S,25,Pcs.,34.96,874.0
2026-07-18,26-27/01751/Hero,Krishna M/c Store | AFM | Allahpur,80102KCC900S,25,Pcs.,34.96,874.0
2026-07-18,26-27/01751/Hero,Krishna M/c Store | AFM | Allahpur,80102KCC900S,25,Pcs.,34.96,874.0
2026-07-18,26-27/01751/Hero,Krishna M/c Store | AFM | Allahpur,80103KCC860S,10,Pcs.,66.73,667.3
2026-07-18,26-27/01751/Hero,Krishna M/c Store | AFM | Allahpur,80103KCC860S,10,Pcs.,54.02,540.2
2026-07-18,26-27/01751/Hero,Krishna M/c Store | AFM | Allahpur,K06431KTNA701S,25,Pcs.,203.39,5084.75
2026-07-18,26-27/01751/Hero,Krishna M/c Store | AFM | Allahpur,K06431KTNA701S,25,Pcs.,203.39,5084.75
2026-07-18,26-27/01751/Hero,Krishna M/c Store | AFM | Allahpur,K06431KTNA701S,25,Pcs.,203.39,5084.75
2026-07-18,26-27/01751/Hero,Krishna M/c Store | AFM | Allahpur,K06431KTNA701S,25,Pcs.,203.39,5084.75
2026-07-18,26-27/01751/Hero,Krishna M/c Store | AFM | Allahpur,K22222HF100DS,10,Pcs.,556.15,5561.5
2026-07-18,26-27/01751/Hero,Krishna M/c Store | AFM | Allahpur,K22222HF100DS,10,Pcs.,556.15,5561.5
2026-07-18,26-27/01751/Hero,Krishna M/c Store | AFM | Allahpur,37230KWHH01S,100,Pcs.,47.67,4767.0
2026-07-18,26-27/01751/Hero,Krishna M/c Store | AFM | Allahpur,14430KST940S,20,Pcs.,190.68,3813.6
2026-07-18,26-27/01751/Hero,Krishna M/c Store | AFM | Allahpur,14520KTC902S,19,Pcs.,162.07,3079.33
2026-07-18,26-27/01751/Hero,Krishna M/c Store | AFM | Allahpur,14541GB4681S,50,Pcs.,3.18,159.0
2026-07-18,26-27/01751/Hero,Krishna M/c Store | AFM | Allahpur,14670AAT000S,15,Pcs.,55.3,829.5
2026-07-18,26-27/01751/Hero,Krishna M/c Store | AFM | Allahpur,14670AAT000S,5,Pcs.,66.73,333.65
2026-07-18,26-27/01751/Hero,Krishna M/c Store | AFM | Allahpur,16100KWH762S,2,Pcs.,1430.09,2860.18
2026-07-18,26-27/01751/Hero,Krishna M/c Store | AFM | Allahpur,16701AAE300S,1,Pcs.,108.05,108.05
2026-07-18,26-27/01751/Hero,Krishna M/c Store | AFM | Allahpur,16701AAE300S,19,Pcs.,123.94,2354.86
2026-07-18,26-27/01751/Hero,Krishna M/c Store | AFM | Allahpur,16701AAF400S,10,Pcs.,88.98,889.8
2026-07-18,26-27/01751/Hero,Krishna M/c Store | AFM | Allahpur,17570AAE30099S,2,Pcs.,258.05,516.1
2026-07-18,26-27/01751/Hero,Krishna M/c Store | AFM | Allahpur,22120AAF400S,2,Pcs.,216.11,432.22
2026-07-18,26-27/01751/Hero,Krishna M/c Store | AFM | Allahpur,22350AAF400S,4,Pcs.,117.59,470.36
2026-07-18,26-27/01751/Hero,Krishna M/c Store | AFM | Allahpur,28261198000S,10,Pcs.,28.61,286.1
2026-07-18,26-27/01751/Hero,Krishna M/c Store | AFM | Allahpur,30700ACK00099S,19,Pcs.,69.91,1328.29
2026-07-18,26-27/01751/Hero,Krishna M/c Store | AFM | Allahpur,33452KCC710S,5,Pcs.,25.43,127.15
2026-07-18,26-27/01751/Hero,Krishna M/c Store | AFM | Allahpur,33452KCC710S,5,Pcs.,28.61,143.05
2026-07-18,26-27/01751/Hero,Krishna M/c Store | AFM | Allahpur,33741KST920S,10,Pcs.,15.89,158.9
2026-07-18,26-27/01751/Hero,Krishna M/c Store | AFM | Allahpur,33741KST920S,10,Pcs.,19.06,190.6
2026-07-18,26-27/01751/Hero,Krishna M/c Store | AFM | Allahpur,14520KTC902S,1,Pcs.,162.07,162.07
2026-07-18,26-27/01751/Hero,Krishna M/c Store | AFM | Allahpur,14541GB4681S,50,Pcs.,3.18,159.0
2026-07-18,26-27/01751/Hero,Krishna M/c Store | AFM | Allahpur,14550GB0910RS,50,Pcs.,61.02,3051.0
2026-07-18,26-27/01751/Hero,Krishna M/c Store | AFM | Allahpur,16701AAF400S,10,Pcs.,88.98,889.8
2026-07-18,26-27/01751/Hero,Krishna M/c Store | AFM | Allahpur,22120AAF400S,1,Pcs.,203.39,203.39
2026-07-18,26-27/01751/Hero,Krishna M/c Store | AFM | Allahpur,22120AAF400S,2,Pcs.,216.11,432.22
2026-07-18,26-27/01751/Hero,Krishna M/c Store | AFM | Allahpur,22350AAF400S,1,Pcs.,117.59,117.59
2026-07-18,26-27/01751/Hero,Krishna M/c Store | AFM | Allahpur,28261198000S,10,Pcs.,28.61,286.1
2026-07-18,26-27/01751/Hero,Krishna M/c Store | AFM | Allahpur,30700ACK00099S,1,Pcs.,63.56,63.56
2026-07-18,26-27/01751/Hero,Krishna M/c Store | AFM | Allahpur,30700ACK00099S,10,Pcs.,69.91,699.1
2026-07-18,26-27/01751/Hero,Krishna M/c Store | AFM | Allahpur,35130AAD00099S,30,Pcs.,38.14,1144.2
2026-07-18,26-27/01751/Hero,Krishna M/c Store | AFM | Allahpur,45451KCC900S,50,Pcs.,6.35,317.5
2026-07-18,26-27/01751/Hero,Krishna M/c Store | AFM | Allahpur,91202302010S,50,Pcs.,12.71,635.5
2026-07-18,26-27/01751/Hero,Krishna M/c Store | AFM | Allahpur,ACKZC3H000000S,50,Pcs.,41.31,2065.5
2026-07-18,26-27/01751/Hero,Krishna M/c Store | AFM | Allahpur,K17172KCC900S,10,Pcs.,88.98,889.8
2026-07-18,26-27/01751/Hero,Krishna M/c Store | AFM | Allahpur,K55912HF100DS,30,Pcs.,76.27,2288.1
2026-07-18,26-27/01751/Hero,Krishna M/c Store | AFM | Allahpur,K40405KWAG930S,4,Pcs.,333.69,1334.76
2026-07-18,26-27/01751/Hero,Krishna M/c Store | AFM | Allahpur,K40405KCCA901S,1,Pcs.,378.18,378.18
2026-07-18,26-27/01751/Hero,Krishna M/c Store | AFM | Allahpur,K40405KWAG930S,1,Pcs.,333.69,333.69
2026-07-18,26-27/01751/Hero,Krishna M/c Store | AFM | Allahpur,K40405KCCA901S,4,Pcs.,378.18,1512.72
2026-07-18,26-27/01751/Hero,Krishna M/c Store | AFM | Allahpur,K55912P30D850S,30,Pcs.,133.48,4004.4
2026-07-18,26-27/01752/Hero,Krishna M/c Store | AFM | Allahpur,20K710S,100,Pcs.,436.44,43644.0
2026-07-18,26-27/01753/Hero,Adil Auto Parts | AFM | Sirauli,80100KCC860S,2,Pcs.,466.95,933.9
2026-07-18,26-27/01753/Hero,Adil Auto Parts | AFM | Sirauli,14401AAD00099S,20,Pcs.,96.61,1932.2
2026-07-18,26-27/01753/Hero,Adil Auto Parts | AFM | Sirauli,14610086000RS,20,Pcs.,64.41,1288.2
2026-07-18,26-27/01753/Hero,Adil Auto Parts | AFM | Sirauli,16424AAE300S,1,Pcs.,125.59,125.59
2026-07-18,26-27/01753/Hero,Adil Auto Parts | AFM | Sirauli,16424AAE300S,1,Pcs.,128.81,128.81
2026-07-18,26-27/01753/Hero,Adil Auto Parts | AFM | Sirauli,16424AAF400S,1,Pcs.,41.22,41.22
2026-07-18,26-27/01753/Hero,Adil Auto Parts | AFM | Sirauli,16424AAF400S,1,Pcs.,45.08,45.08
2026-07-18,26-27/01753/Hero,Adil Auto Parts | AFM | Sirauli,16701AAE300S,4,Pcs.,109.49,437.96
2026-07-18,26-27/01753/Hero,Adil Auto Parts | AFM | Sirauli,16701AAE300S,1,Pcs.,125.59,125.59
2026-07-18,26-27/01753/Hero,Adil Auto Parts | AFM | Sirauli,16701AAF400S,5,Pcs.,90.17,450.85
2026-07-18,26-27/01753/Hero,Adil Auto Parts | AFM | Sirauli,17910AAN410S,3,Pcs.,74.07,222.21
2026-07-18,26-27/01753/Hero,Adil Auto Parts | AFM | Sirauli,17910AAN410S,2,Pcs.,77.28,154.56
2026-07-18,26-27/01753/Hero,Adil Auto Parts | AFM | Sirauli,23801178000S,5,Pcs.,57.96,289.8
2026-07-18,26-27/01753/Hero,Adil Auto Parts | AFM | Sirauli,23801GF6000S,5,Pcs.,61.19,305.95
2026-07-18,26-27/01753/Hero,Adil Auto Parts | AFM | Sirauli,24211GF6000RS,6,Pcs.,209.32,1255.92
2026-07-18,26-27/01753/Hero,Adil Auto Parts | AFM | Sirauli,33400KCC710S,6,Pcs.,177.12,1062.72
2026-07-18,26-27/01753/Hero,Adil Auto Parts | AFM | Sirauli,35010AAC701S,1,Pcs.,734.24,734.24
2026-07-18,26-27/01753/Hero,Adil Auto Parts | AFM | Sirauli,35330413003S,10,Pcs.,19.96,199.6
2026-07-18,26-27/01753/Hero,Adil Auto Parts | AFM | Sirauli,53167GE4000S,10,Pcs.,19.32,193.2
2026-07-18,26-27/01753/Hero,Adil Auto Parts | AFM | Sirauli,53100KCC710S,5,Pcs.,325.26,1626.3
2026-07-18,26-27/01754/Hero,K P Auto Parts | AFM | Lal Fatak,ACKEA7B000000GS,5,Pcs.,635.59,3177.95
2026-07-20,26-27/01755/Hero,Hasan And Jafar Auto | AFM | Sirauli,80100KST940S,1,Pcs.,425.52,425.52
2026-07-20,26-27/01755/Hero,Hasan And Jafar Auto | AFM | Sirauli,14502086000RS,5,Pcs.,58.8,294.0
2026-07-20,26-27/01755/Hero,Hasan And Jafar Auto | AFM | Sirauli,14566086030S,20,Pcs.,6.53,130.6
2026-07-20,26-27/01755/Hero,Hasan And Jafar Auto | AFM | Sirauli,14610086000RS,5,Pcs.,65.34,326.7
2026-07-20,26-27/01755/Hero,Hasan And Jafar Auto | AFM | Sirauli,14670035030LS,5,Pcs.,70.92,354.6
2026-07-20,26-27/01757/Hero,Maa Durga GST | AFM | Harunagla,14401AAD00099S,5,Pcs.,90.56,452.8
2026-07-20,26-27/01757/Hero,Maa Durga GST | AFM | Harunagla,14401AAD00099S,10,Pcs.,92.54,925.4
2026-07-20,26-27/01757/Hero,Maa Durga GST | AFM | Harunagla,14610086000RS,15,Pcs.,65.34,980.1
2026-07-20,26-27/01757/Hero,Maa Durga GST | AFM | Harunagla,22K130LS,5,Pcs.,304.07,1520.35
2026-07-20,26-27/01757/Hero,Maa Durga GST | AFM | Harunagla,35010AAE201S,1,Pcs.,557.22,557.22
2026-07-20,26-27/01757/Hero,Maa Durga GST | AFM | Harunagla,35010AAE201S,1,Pcs.,597.75,597.75
2026-07-20,26-27/01757/Hero,Maa Durga GST | AFM | Harunagla,35010AAE301S,3,Pcs.,577.49,1732.47
2026-07-20,26-27/01757/Hero,Maa Durga GST | AFM | Harunagla,35010AAHA01S,1,Pcs.,651.79,651.79
2026-07-20,26-27/01757/Hero,Maa Durga GST | AFM | Harunagla,35100AACH01S,3,Pcs.,354.6,1063.8
2026-07-20,26-27/01757/Hero,Maa Durga GST | AFM | Harunagla,35100AAE102S,3,Pcs.,361.35,1084.05
2026-07-20,26-27/01757/Hero,Maa Durga GST | AFM | Harunagla,35100AAE301S,3,Pcs.,388.37,1165.11
2026-07-20,26-27/01757/Hero,Maa Durga GST | AFM | Harunagla,91255ABZ000S,10,Pcs.,87.81,878.1
2026-07-20,26-27/01758/Hero,Khan Auto Parts | AFM | Shahi,35100AAHH50S,1,Pcs.,341.35,341.35
2026-07-20,26-27/01758/Hero,Khan Auto Parts | AFM | Shahi,37211AAC041S,1,Pcs.,202.24,202.24
2026-07-20,26-27/01758/Hero,Khan Auto Parts | AFM | Shahi,37610KCC900S,2,Pcs.,119.15,238.3
2026-07-20,26-27/01758/Hero,Khan Auto Parts | AFM | Shahi,37800AAH102S,1,Pcs.,190.0,190.0
2026-07-20,26-27/01758/Hero,Khan Auto Parts | AFM | Shahi,37800AAH102S,2,Pcs.,241.53,483.06
2026-07-20,26-27/01758/Hero,Khan Auto Parts | AFM | Shahi,37800KWH962S,2,Pcs.,260.85,521.7
2026-07-20,26-27/01758/Hero,Khan Auto Parts | AFM | Shahi,37800KWH962S,1,Pcs.,299.49,299.49
2026-07-20,26-27/01758/Hero,Khan Auto Parts | AFM | Shahi,61100KST940ZAS,2,Pcs.,624.74,1249.48
2026-07-20,26-27/01758/Hero,Khan Auto Parts | AFM | Shahi,61311KWH970S,2,Pcs.,186.78,373.56
2026-07-20,26-27/01758/Hero,Khan Auto Parts | AFM | Shahi,K14144AADE301S,1,Pcs.,541.01,541.01
2026-07-20,26-27/01758/Hero,Khan Auto Parts | AFM | Shahi,K22222HF100DS,1,Pcs.,627.96,627.96
2026-07-20,26-27/01758/Hero,Khan Auto Parts | AFM | Shahi,14431035020RS,2,Pcs.,173.89,347.78
2026-07-20,26-27/01758/Hero,Khan Auto Parts | AFM | Shahi,1450AACK000S,1,Pcs.,80.51,80.51
2026-07-20,26-27/01758/Hero,Khan Auto Parts | AFM | Shahi,22321KE8000S,4,Pcs.,36.07,144.28
2026-07-20,26-27/01758/Hero,Khan Auto Parts | AFM | Shahi,23431KPH900S,1,Pcs.,180.34,180.34
2026-07-20,26-27/01758/Hero,Khan Auto Parts | AFM | Shahi,23451KTC901S,2,Pcs.,244.74,489.48
2026-07-20,26-27/01758/Hero,Khan Auto Parts | AFM | Shahi,23481KTC902S,1,Pcs.,195.8,195.8
2026-07-20,26-27/01758/Hero,Khan Auto Parts | AFM | Shahi,24K150LS,3,Pcs.,289.83,869.49
2026-07-20,26-27/01758/Hero,Khan Auto Parts | AFM | Shahi,24K160S,1,Pcs.,276.95,276.95
2026-07-20,26-27/01758/Hero,Khan Auto Parts | AFM | Shahi,24K160S,1,Pcs.,289.83,289.83
2026-07-20,26-27/01758/Hero,Khan Auto Parts | AFM | Shahi,31120KTRA01S,1,Pcs.,679.49,679.49
2026-07-20,26-27/01758/Hero,Khan Auto Parts | AFM | Shahi,33K111S,8,Pcs.,431.53,3452.24
2026-07-20,26-27/01758/Hero,Khan Auto Parts | AFM | Shahi,35010AACH00S,1,Pcs.,721.35,721.35
2026-07-20,26-27/01758/Hero,Khan Auto Parts | AFM | Shahi,35010AAE201S,3,Pcs.,531.35,1594.05
2026-07-20,26-27/01758/Hero,Khan Auto Parts | AFM | Shahi,35010AAE201S,1,Pcs.,570.0,570.0
2026-07-20,26-27/01758/Hero,Khan Auto Parts | AFM | Shahi,35010AAE301S,3,Pcs.,550.68,1652.04
2026-07-20,26-27/01758/Hero,Khan Auto Parts | AFM | Shahi,35100AAE102S,5,Pcs.,344.58,1722.9
2026-07-20,26-27/01758/Hero,Khan Auto Parts | AFM | Shahi,35100AAHH50S,1,Pcs.,383.22,383.22
2026-07-20,26-27/01758/Hero,Khan Auto Parts | AFM | Shahi,35150AAC811S,7,Pcs.,96.61,676.27
2026-07-20,26-27/01758/Hero,Khan Auto Parts | AFM | Shahi,37210AAE31099S,1,Pcs.,367.12,367.12
2026-07-20,26-27/01758/Hero,Khan Auto Parts | AFM | Shahi,37210AAEH51S,1,Pcs.,325.26,325.26
2026-07-20,26-27/01758/Hero,Khan Auto Parts | AFM | Shahi,37210AAEH51S,1,Pcs.,408.99,408.99
2026-07-20,26-27/01758/Hero,Khan Auto Parts | AFM | Shahi,37300AAE102S,9,Pcs.,148.14,1333.26
2026-07-20,26-27/01758/Hero,Khan Auto Parts | AFM | Shahi,61311KST950S,1,Pcs.,196.44,196.44
2026-07-20,26-27/01758/Hero,Khan Auto Parts | AFM | Shahi,61311KWH970S,1,Pcs.,186.78,186.78
2026-07-20,26-27/01758/Hero,Khan Auto Parts | AFM | Shahi,88110AAEH31S,5,Pcs.,112.72,563.6
2026-07-20,26-27/01758/Hero,Khan Auto Parts | AFM | Shahi,K22222KTRK000S,1,Pcs.,885.59,885.59
2026-07-20,26-27/01758/Hero,Khan Auto Parts | AFM | Shahi,14100AANB00S,1,Pcs.,595.76,595.76
2026-07-20,26-27/01758/Hero,Khan Auto Parts | AFM | Shahi,14401AAD00099S,20,Pcs.,96.61,1932.2
2026-07-20,26-27/01758/Hero,Khan Auto Parts | AFM | Shahi,14430KST940S,1,Pcs.,173.89,173.89
2026-07-20,26-27/01758/Hero,Khan Auto Parts | AFM | Shahi,14430KST940S,2,Pcs.,193.22,386.44
2026-07-20,26-27/01758/Hero,Khan Auto Parts | AFM | Shahi,14430KST940S,1,Pcs.,193.22,193.22
2026-07-20,26-27/01758/Hero,Khan Auto Parts | AFM | Shahi,1450AACK000S,9,Pcs.,80.51,724.59
2026-07-20,26-27/01758/Hero,Khan Auto Parts | AFM | Shahi,14610086000RS,10,Pcs.,64.41,644.1
2026-07-20,26-27/01758/Hero,Khan Auto Parts | AFM | Shahi,21K120LS,1,Pcs.,1452.38,1452.38
2026-07-20,26-27/01758/Hero,Khan Auto Parts | AFM | Shahi,21K270S,1,Pcs.,1732.54,1732.54
2026-07-20,26-27/01758/Hero,Khan Auto Parts | AFM | Shahi,22321KE8000S,4,Pcs.,36.07,144.28
2026-07-20,26-27/01758/Hero,Khan Auto Parts | AFM | Shahi,23481KTC902S,1,Pcs.,195.8,195.8
2026-07-20,26-27/01758/Hero,Khan Auto Parts | AFM | Shahi,24K150LS,2,Pcs.,289.83,579.66
2026-07-20,26-27/01758/Hero,Khan Auto Parts | AFM | Shahi,33400KCC710S,1,Pcs.,177.12,177.12
2026-07-20,26-27/01758/Hero,Khan Auto Parts | AFM | Shahi,33K111S,2,Pcs.,431.53,863.06
2026-07-20,26-27/01758/Hero,Khan Auto Parts | AFM | Shahi,35010AAE201S,1,Pcs.,531.35,531.35
2026-07-20,26-27/01758/Hero,Khan Auto Parts | AFM | Shahi,35150AAC811S,3,Pcs.,96.61,289.83
2026-07-20,26-27/01758/Hero,Khan Auto Parts | AFM | Shahi,35150ACL011S,1,Pcs.,402.54,402.54
2026-07-20,26-27/01758/Hero,Khan Auto Parts | AFM | Shahi,37300AAE102S,1,Pcs.,148.14,148.14
2026-07-20,26-27/01758/Hero,Khan Auto Parts | AFM | Shahi,61311KST950S,1,Pcs.,196.44,196.44
2026-07-20,26-27/01758/Hero,Khan Auto Parts | AFM | Shahi,88110AAEH31S,5,Pcs.,112.72,563.6
2026-07-20,26-27/01758/Hero,Khan Auto Parts | AFM | Shahi,K12121ACKA000S,1,Pcs.,1851.69,1851.69
2026-07-20,26-27/01758/Hero,Khan Auto Parts | AFM | Shahi,37800AAE30099S,3,Pcs.,305.93,917.79
2026-07-20,26-27/01758/Hero,Khan Auto Parts | AFM | Shahi,88120AAEH31S,10,Pcs.,112.72,1127.2
2026-07-20,26-27/01759/Hero,Khan Auto Parts | AFM | Shahi,52400KCC905ZBS,2,Pcs.,653.73,1307.46
2026-07-20,26-27/01759/Hero,Khan Auto Parts | AFM | Shahi,K41412AANNB00S,4,Pcs.,515.26,2061.04
2026-07-20,26-27/01760/Hero,Hasim Auto Service | AFM | Dunka,14502086000RS,2,Pcs.,58.8,117.6
2026-07-20,26-27/01760/Hero,Hasim Auto Service | AFM | Dunka,14610086000RS,2,Pcs.,65.34,130.68
2026-07-20,26-27/01760/Hero,Hasim Auto Service | AFM | Dunka,17208AAT00099S,1,Pcs.,182.36,182.36
2026-07-20,26-27/01760/Hero,Hasim Auto Service | AFM | Dunka,20K710S,1,Pcs.,429.61,429.61
2026-07-20,26-27/01760/Hero,Hasim Auto Service | AFM | Dunka,20K710S,1,Pcs.,466.57,466.57
2026-07-20,26-27/01760/Hero,Hasim Auto Service | AFM | Dunka,40545001000S,20,Pcs.,6.75,135.0
2026-07-20,26-27/01760/Hero,Hasim Auto Service | AFM | Dunka,42301ABA000S,2,Pcs.,74.3,148.6
2026-07-20,26-27/01760/Hero,Hasim Auto Service | AFM | Dunka,45125KCCH00S,2,Pcs.,55.73,111.46
2026-07-20,26-27/01760/Hero,Hasim Auto Service | AFM | Dunka,45125KCCH00S,18,Pcs.,64.17,1155.06
2026-07-20,26-27/01760/Hero,Hasim Auto Service | AFM | Dunka,45475AAHF00S,2,Pcs.,118.2,236.4
2026-07-20,26-27/01760/Hero,Hasim Auto Service | AFM | Dunka,53178AAFH00S,4,Pcs.,67.55,270.2
2026-07-20,26-27/01760/Hero,Hasim Auto Service | AFM | Dunka,80102KCC900S,2,Pcs.,37.15,74.3
2026-07-20,26-27/01760/Hero,Hasim Auto Service | AFM | Dunka,87117AAE100S,2,Pcs.,60.79,121.58
2026-07-20,26-27/01760/Hero,Hasim Auto Service | AFM | Dunka,90114310000S,20,Pcs.,4.73,94.6
2026-07-20,26-27/01760/Hero,Hasim Auto Service | AFM | Dunka,91307035000S,20,Pcs.,6.75,135.0
2026-07-20,26-27/01760/Hero,Hasim Auto Service | AFM | Dunka,K42423KCCZ600S,2,Pcs.,55.53,111.06
2026-07-20,26-27/01761/Hero,Verma Auto Agencies | AFM | Barabanki,83410AAH100RS,6,Pcs.,429.58,2577.48
2026-07-20,26-27/01761/Hero,Verma Auto Agencies | AFM | Barabanki,80100AAE300S,1,Pcs.,730.6,730.6
2026-07-20,26-27/01761/Hero,Verma Auto Agencies | AFM | Barabanki,64310AAW300RS,1,Pcs.,1604.17,1604.17
2026-07-20,26-27/01761/Hero,Verma Auto Agencies | AFM | Barabanki,64310AAW300RS,1,Pcs.,1604.17,1604.17
2026-07-20,26-27/01761/Hero,Verma Auto Agencies | AFM | Barabanki,64300AAY300VS,1,Pcs.,674.16,674.16
2026-07-20,26-27/01761/Hero,Verma Auto Agencies | AFM | Barabanki,83600ACK010RS,1,Pcs.,363.73,363.73
2026-07-20,26-27/01761/Hero,Verma Auto Agencies | AFM | Barabanki,61140AAY000WS,1,Pcs.,545.6,545.6
2026-07-20,26-27/01761/Hero,Verma Auto Agencies | AFM | Barabanki,61140AAY000WS,1,Pcs.,545.6,545.6
2026-07-20,26-27/01761/Hero,Verma Auto Agencies | AFM | Barabanki,K42426AAEAH00S,1,Pcs.,3433.47,3433.47
2026-07-20,26-27/01761/Hero,Verma Auto Agencies | AFM | Barabanki,24610KST940S,10,Pcs.,191.27,1912.7
2026-07-20,26-27/01761/Hero,Verma Auto Agencies | AFM | Barabanki,22201AAHA01S,224,Pcs.,43.64,9775.36
2026-07-20,26-27/01761/Hero,Verma Auto Agencies | AFM | Barabanki,61000AAHF00RS,1,Pcs.,633.39,633.39
2026-07-20,26-27/01761/Hero,Verma Auto Agencies | AFM | Barabanki,61000AAHF00RS,1,Pcs.,633.39,633.39
2026-07-20,26-27/01761/Hero,Verma Auto Agencies | AFM | Barabanki,3370BAAL501S,1,Pcs.,501.07,501.07
2026-07-20,26-27/01761/Hero,Verma Auto Agencies | AFM | Barabanki,K41412AANNB00S,10,Pcs.,508.14,5081.4
2026-07-20,26-27/01761/Hero,Verma Auto Agencies | AFM | Barabanki,K22222HF100DS,10,Pcs.,555.76,5557.6
2026-07-20,26-27/01761/Hero,Verma Auto Agencies | AFM | Barabanki,K22222HF100DS,10,Pcs.,555.76,5557.6
2026-07-20,26-27/01761/Hero,Verma Auto Agencies | AFM | Barabanki,33110AAGH01S,1,Pcs.,323.68,323.68
2026-07-20,26-27/01761/Hero,Verma Auto Agencies | AFM | Barabanki,33110AAGH01S,2,Pcs.,357.59,715.18
2026-07-20,26-27/01761/Hero,Verma Auto Agencies | AFM | Barabanki,33110AAGH01S,3,Pcs.,416.15,1248.45
2026-07-20,26-27/01761/Hero,Verma Auto Agencies | AFM | Barabanki,3370AAAGH21S,1,Pcs.,225.76,225.76
2026-07-20,26-27/01761/Hero,Verma Auto Agencies | AFM | Barabanki,37610AAH102S,3,Pcs.,100.34,301.02
2026-07-20,26-27/01761/Hero,Verma Auto Agencies | AFM | Barabanki,3340BAAL001S,1,Pcs.,163.05,163.05
2026-07-20,26-27/01761/Hero,Verma Auto Agencies | AFM | Barabanki,3370AAAGH21S,3,Pcs.,225.76,677.28
2026-07-20,26-27/01761/Hero,Verma Auto Agencies | AFM | Barabanki,37610AAH102S,1,Pcs.,100.34,100.34
2026-07-20,26-27/01761/Hero,Verma Auto Agencies | AFM | Barabanki,45475AAT200S,15,Pcs.,92.19,1382.85
2026-07-20,26-27/01761/Hero,Verma Auto Agencies | AFM | Barabanki,46544AAEB00S,2,Pcs.,614.58,1229.16
2026-07-20,26-27/01761/Hero,Verma Auto Agencies | AFM | Barabanki,51103AAG100S,2,Pcs.,300.39,600.78
2026-07-20,26-27/01761/Hero,Verma Auto Agencies | AFM | Barabanki,06455ABG010S,3,Pcs.,190.65,571.95
2026-07-20,26-27/01761/Hero,Verma Auto Agencies | AFM | Barabanki,14430AANB00S,8,Pcs.,178.73,1429.84
2026-07-20,26-27/01761/Hero,Verma Auto Agencies | AFM | Barabanki,14510AAF400S,2,Pcs.,47.03,94.06
2026-07-20,26-27/01761/Hero,Verma Auto Agencies | AFM | Barabanki,22121AANB01S,1,Pcs.,219.49,219.49
2026-07-20,26-27/01761/Hero,Verma Auto Agencies | AFM | Barabanki,22350AAF400S,5,Pcs.,112.63,563.15
2026-07-20,26-27/01761/Hero,Verma Auto Agencies | AFM | Barabanki,22350AAG501S,2,Pcs.,131.44,262.88
2026-07-20,26-27/01761/Hero,Verma Auto Agencies | AFM | Barabanki,22350AAG501S,8,Pcs.,140.85,1126.8
2026-07-20,26-27/01761/Hero,Verma Auto Agencies | AFM | Barabanki,33740AAB000S,5,Pcs.,18.81,94.05
2026-07-20,26-27/01761/Hero,Verma Auto Agencies | AFM | Barabanki,44830AAY001S,2,Pcs.,81.27,162.54
2026-07-20,26-27/01761/Hero,Verma Auto Agencies | AFM | Barabanki,45125AAHF0099S,80,Pcs.,100.34,8027.2
2026-07-20,26-27/01761/Hero,Verma Auto Agencies | AFM | Barabanki,45450AAG900S,5,Pcs.,201.93,1009.65
2026-07-20,26-27/01761/Hero,Verma Auto Agencies | AFM | Barabanki,77240AAY000S,2,Pcs.,83.4,166.8
2026-07-20,26-27/01761/Hero,Verma Auto Agencies | AFM | Barabanki,90113KST940S,10,Pcs.,6.27,62.7
2026-07-20,26-27/01761/Hero,Verma Auto Agencies | AFM | Barabanki,91255ABZ000S,4,Pcs.,68.98,275.92
2026-07-20,26-27/01761/Hero,Verma Auto Agencies | AFM | Barabanki,K14144AACK000S,15,Pcs.,301.02,4515.3
2026-07-20,26-27/01761/Hero,Verma Auto Agencies | AFM | Barabanki,14430AANB00S,8,Pcs.,178.73,1429.84
2026-07-20,26-27/01761/Hero,Verma Auto Agencies | AFM | Barabanki,14451AANB00S,5,Pcs.,37.63,188.15
2026-07-20,26-27/01761/Hero,Verma Auto Agencies | AFM | Barabanki,14510AAF400S,3,Pcs.,47.03,141.09
2026-07-20,26-27/01761/Hero,Verma Auto Agencies | AFM | Barabanki,16701AAF400S,2,Pcs.,87.79,175.58
2026-07-20,26-27/01761/Hero,Verma Auto Agencies | AFM | Barabanki,22121AANB01S,1,Pcs.,219.49,219.49
2026-07-20,26-27/01761/Hero,Verma Auto Agencies | AFM | Barabanki,22201AAG501S,10,Pcs.,100.08,1000.8
2026-07-20,26-27/01761/Hero,Verma Auto Agencies | AFM | Barabanki,22201AAHA01S,4,Pcs.,36.9,147.6
2026-07-20,26-27/01761/Hero,Verma Auto Agencies | AFM | Barabanki,22201AAHA01S,72,Pcs.,43.64,3142.08
2026-07-20,26-27/01761/Hero,Verma Auto Agencies | AFM | Barabanki,22205AAG501S,18,Pcs.,103.22,1857.96
2026-07-20,26-27/01761/Hero,Verma Auto Agencies | AFM | Barabanki,22321AAG501S,16,Pcs.,37.63,602.08
2026-07-20,26-27/01761/Hero,Verma Auto Agencies | AFM | Barabanki,30410AAD501S,1,Pcs.,1307.54,1307.54
2026-07-20,26-27/01761/Hero,Verma Auto Agencies | AFM | Barabanki,33400KCC710S,8,Pcs.,172.46,1379.68
2026-07-20,26-27/01761/Hero,Verma Auto Agencies | AFM | Barabanki,3345BAAF40099S,1,Pcs.,116.02,116.02
2026-07-20,26-27/01761/Hero,Verma Auto Agencies | AFM | Barabanki,3360BAAN40099S,2,Pcs.,112.88,225.76
2026-07-20,26-27/01761/Hero,Verma Auto Agencies | AFM | Barabanki,3365BAAN40099S,1,Pcs.,112.88,112.88
2026-07-20,26-27/01761/Hero,Verma Auto Agencies | AFM | Barabanki,35010ACK00099S,2,Pcs.,623.98,1247.96
2026-07-20,26-27/01761/Hero,Verma Auto Agencies | AFM | Barabanki,9390335380S,100,Pcs.,1.25,125.0
2026-07-20,26-27/01762/Hero,Verma Auto Agencies | AFM | Barabanki,83600AAH100RS,1,Pcs.,370.0,370.0
2026-07-20,26-27/01762/Hero,Verma Auto Agencies | AFM | Barabanki,50400AAH700S,1,Pcs.,429.58,429.58
2026-07-20,26-27/01762/Hero,Verma Auto Agencies | AFM | Barabanki,35010AACH00S,10,Pcs.,702.37,7023.7
2026-07-20,26-27/01762/Hero,Verma Auto Agencies | AFM | Barabanki,6410AAAGH20S,5,Pcs.,241.44,1207.2
2026-07-20,26-27/01762/Hero,Verma Auto Agencies | AFM | Barabanki,64311KST950S,10,Pcs.,59.58,595.8
2026-07-20,26-27/01762/Hero,Verma Auto Agencies | AFM | Barabanki,35010KTCH00S,2,Pcs.,552.03,1104.06
2026-07-20,26-27/01762/Hero,Verma Auto Agencies | AFM | Barabanki,37800KWH962S,2,Pcs.,291.61,583.22
2026-07-20,26-27/01762/Hero,Verma Auto Agencies | AFM | Barabanki,40510KWA940S,1,Pcs.,197.54,197.54
2026-07-20,26-27/01762/Hero,Verma Auto Agencies | AFM | Barabanki,40510KWA940S,1,Pcs.,200.68,200.68
2026-07-20,26-27/01762/Hero,Verma Auto Agencies | AFM | Barabanki,40520KWA940S,1,Pcs.,188.14,188.14
2026-07-20,26-27/01762/Hero,Verma Auto Agencies | AFM | Barabanki,64100AAC200S,2,Pcs.,148.63,297.26
2026-07-20,26-27/01762/Hero,Verma Auto Agencies | AFM | Barabanki,90116KAG900S,50,Pcs.,9.4,470.0
2026-07-20,26-27/01762/Hero,Verma Auto Agencies | AFM | Barabanki,90311MT3000S,20,Pcs.,6.27,125.4
2026-07-20,26-27/01762/Hero,Verma Auto Agencies | AFM | Barabanki,29K210S,50,Pcs.,37.63,1881.5
2026-07-20,26-27/01762/Hero,Verma Auto Agencies | AFM | Barabanki,33120AAW00099S,1,Pcs.,351.19,351.19
2026-07-20,26-27/01762/Hero,Verma Auto Agencies | AFM | Barabanki,33120AAW00099S,1,Pcs.,407.63,407.63
2026-07-20,26-27/01762/Hero,Verma Auto Agencies | AFM | Barabanki,3370BAAG30099S,2,Pcs.,225.76,451.52
2026-07-20,26-27/01762/Hero,Verma Auto Agencies | AFM | Barabanki,37100AAH10099S,1,Pcs.,959.49,959.49
2026-07-20,26-27/01762/Hero,Verma Auto Agencies | AFM | Barabanki,90109SB6000S,200,Pcs.,1.25,250.0
2026-07-20,26-27/01762/Hero,Verma Auto Agencies | AFM | Barabanki,51400KWH900AS,1,Pcs.,1570.93,1570.93
2026-07-20,26-27/01762/Hero,Verma Auto Agencies | AFM | Barabanki,81131AAL000S,1,Pcs.,285.97,285.97
2026-07-20,26-27/01762/Hero,Verma Auto Agencies | AFM | Barabanki,17253KTC900S,1,Pcs.,81.53,81.53
2026-07-20,26-27/01762/Hero,Verma Auto Agencies | AFM | Barabanki,17681KTC900S,10,Pcs.,12.54,125.4
2026-07-20,26-27/01762/Hero,Verma Auto Agencies | AFM | Barabanki,22870KVE860S,1,Pcs.,71.24,71.24
2026-07-20,26-27/01762/Hero,Verma Auto Agencies | AFM | Barabanki,28101KWA940S,10,Pcs.,78.39,783.9
2026-07-20,26-27/01762/Hero,Verma Auto Agencies | AFM | Barabanki,35160KTP890S,3,Pcs.,40.76,122.28
2026-07-20,26-27/01762/Hero,Verma Auto Agencies | AFM | Barabanki,35200KTCA20S,2,Pcs.,272.79,545.58
2026-07-20,26-27/01762/Hero,Verma Auto Agencies | AFM | Barabanki,35200KWA841S,1,Pcs.,310.42,310.42
2026-07-20,26-27/01762/Hero,Verma Auto Agencies | AFM | Barabanki,42303KTR900S,8,Pcs.,47.03,376.24
2026-07-20,26-27/01762/Hero,Verma Auto Agencies | AFM | Barabanki,45451AAF400S,40,Pcs.,9.4,376.0
2026-07-20,26-27/01762/Hero,Verma Auto Agencies | AFM | Barabanki,45530KCC841S,5,Pcs.,194.4,972.0
2026-07-20,26-27/01762/Hero,Verma Auto Agencies | AFM | Barabanki,50803KST940S,1,Pcs.,431.57,431.57
2026-07-20,26-27/01762/Hero,Verma Auto Agencies | AFM | Barabanki,53175KSP900S,2,Pcs.,87.79,175.58
2026-07-20,26-27/01762/Hero,Verma Auto Agencies | AFM | Barabanki,6410AAAGH20S,1,Pcs.,241.44,241.44
2026-07-20,26-27/01762/Hero,Verma Auto Agencies | AFM | Barabanki,91001KTN900S,2,Pcs.,289.73,579.46
2026-07-20,26-27/01762/Hero,Verma Auto Agencies | AFM | Barabanki,91001KTN900S,2,Pcs.,335.51,671.02
2026-07-20,26-27/01762/Hero,Verma Auto Agencies | AFM | Barabanki,91002KSP911S,4,Pcs.,181.86,727.44
2026-07-20,26-27/01762/Hero,Verma Auto Agencies | AFM | Barabanki,K06431KTNA701S,6,Pcs.,200.68,1204.08
2026-07-20,26-27/01762/Hero,Verma Auto Agencies | AFM | Barabanki,K12121KSTG940S,2,Pcs.,1552.12,3104.24
2026-07-20,26-27/01762/Hero,Verma Auto Agencies | AFM | Barabanki,K50506KTCF900LS,1,Pcs.,147.37,147.37
2026-07-20,26-27/01762/Hero,Verma Auto Agencies | AFM | Barabanki,K50506KTCF900RS,1,Pcs.,144.24,144.24
2026-07-20,26-27/01762/Hero,Verma Auto Agencies | AFM | Barabanki,16100AAC701S,2,Pcs.,1580.34,3160.68
2026-07-20,26-27/01762/Hero,Verma Auto Agencies | AFM | Barabanki,17211KWP900S,5,Pcs.,125.42,627.1
2026-07-20,26-27/01762/Hero,Verma Auto Agencies | AFM | Barabanki,17253KTC900S,4,Pcs.,81.53,326.12
2026-07-20,26-27/01762/Hero,Verma Auto Agencies | AFM | Barabanki,17681KTC900S,10,Pcs.,12.54,125.4
2026-07-20,26-27/01762/Hero,Verma Auto Agencies | AFM | Barabanki,17684KPL840S,1,Pcs.,63.97,63.97
2026-07-20,26-27/01762/Hero,Verma Auto Agencies | AFM | Barabanki,22121KTP900S,12,Pcs.,31.35,376.2
2026-07-20,26-27/01762/Hero,Verma Auto Agencies | AFM | Barabanki,22132KPL900S,18,Pcs.,28.84,519.12
2026-07-20,26-27/01762/Hero,Verma Auto Agencies | AFM | Barabanki,22870KVE860S,1,Pcs.,71.24,71.24
2026-07-20,26-27/01762/Hero,Verma Auto Agencies | AFM | Barabanki,31120KTRA01S,1,Pcs.,615.21,615.21
2026-07-20,26-27/01762/Hero,Verma Auto Agencies | AFM | Barabanki,31120KTRA01S,1,Pcs.,661.61,661.61
2026-07-20,26-27/01762/Hero,Verma Auto Agencies | AFM | Barabanki,31201KG8004S,10,Pcs.,166.19,1661.9
2026-07-20,26-27/01762/Hero,Verma Auto Agencies | AFM | Barabanki,35160KTP890S,7,Pcs.,40.76,285.32
2026-07-20,26-27/01762/Hero,Verma Auto Agencies | AFM | Barabanki,35200KTCA20S,1,Pcs.,272.79,272.79
2026-07-20,26-27/01762/Hero,Verma Auto Agencies | AFM | Barabanki,35200KTCA20S,1,Pcs.,294.75,294.75
2026-07-20,26-27/01762/Hero,Verma Auto Agencies | AFM | Barabanki,42303KTR900S,2,Pcs.,47.03,94.06
2026-07-20,26-27/01762/Hero,Verma Auto Agencies | AFM | Barabanki,45451AAF400S,60,Pcs.,9.4,564.0
2026-07-20,26-27/01762/Hero,Verma Auto Agencies | AFM | Barabanki,K06431KTNA701S,4,Pcs.,200.68,802.72
2026-07-20,26-27/01763/Hero,Verma Auto Agencies | AFM | Barabanki,24610KST940S,10,Pcs.,191.27,1912.7
2026-07-20,26-27/01763/Hero,Verma Auto Agencies | AFM | Barabanki,24610KST940S,10,Pcs.,191.27,1912.7
2026-07-20,26-27/01763/Hero,Verma Auto Agencies | AFM | Barabanki,17208AABA00S,50,Pcs.,119.16,5958.0
2026-07-20,26-27/01763/Hero,Verma Auto Agencies | AFM | Barabanki,15410AAF40099S,50,Pcs.,59.58,2979.0
2026-07-20,26-27/01763/Hero,Verma Auto Agencies | AFM | Barabanki,K42426AAEAH00S,1,Pcs.,3433.47,3433.47
2026-07-20,26-27/01763/Hero,Verma Auto Agencies | AFM | Barabanki,53100AAH810S,5,Pcs.,294.75,1473.75
2026-07-20,26-27/01763/Hero,Verma Auto Agencies | AFM | Barabanki,14401AAF40099S,30,Pcs.,100.34,3010.2
2026-07-20,26-27/01763/Hero,Verma Auto Agencies | AFM | Barabanki,17910AAN410S,9,Pcs.,56.61,509.49
2026-07-20,26-27/01763/Hero,Verma Auto Agencies | AFM | Barabanki,33110AAGH01S,8,Pcs.,416.15,3329.2
2026-07-20,26-27/01763/Hero,Verma Auto Agencies | AFM | Barabanki,35130ABH501S,20,Pcs.,47.03,940.6
2026-07-20,26-27/01763/Hero,Verma Auto Agencies | AFM | Barabanki,88110AACH41ZAS,1,Pcs.,185.0,185.0
2026-07-20,26-27/01763/Hero,Verma Auto Agencies | AFM | Barabanki,33110AAGH01S,8,Pcs.,416.15,3329.2
2026-07-20,26-27/01763/Hero,Verma Auto Agencies | AFM | Barabanki,33110AAGH01S,5,Pcs.,357.59,1787.95
2026-07-20,26-27/01763/Hero,Verma Auto Agencies | AFM | Barabanki,33110AAGH01S,3,Pcs.,416.15,1248.45
2026-07-20,26-27/01763/Hero,Verma Auto Agencies | AFM | Barabanki,17208AABA00S,2,Pcs.,119.16,238.32
2026-07-20,26-27/01763/Hero,Verma Auto Agencies | AFM | Barabanki,17910AAN410S,5,Pcs.,56.61,283.05
2026-07-20,26-27/01763/Hero,Verma Auto Agencies | AFM | Barabanki,3310BAAY001S,1,Pcs.,429.58,429.58
2026-07-20,26-27/01763/Hero,Verma Auto Agencies | AFM | Barabanki,33110AAGH01S,6,Pcs.,357.59,2145.54
2026-07-20,26-27/01763/Hero,Verma Auto Agencies | AFM | Barabanki,88110AACH41ZAS,2,Pcs.,185.0,370.0
2026-07-20,26-27/01763/Hero,Verma Auto Agencies | AFM | Barabanki,88120AANH01ZDS,1,Pcs.,185.0,185.0
2026-07-20,26-27/01763/Hero,Verma Auto Agencies | AFM | Barabanki,88120AANH01ZDS,1,Pcs.,191.27,191.27
2026-07-20,26-27/01763/Hero,Verma Auto Agencies | AFM | Barabanki,17208AABA00S,10,Pcs.,119.16,1191.6
2026-07-20,26-27/01763/Hero,Verma Auto Agencies | AFM | Barabanki,17910AAN410S,1,Pcs.,56.61,56.61
2026-07-20,26-27/01763/Hero,Verma Auto Agencies | AFM | Barabanki,22201AAG501S,6,Pcs.,100.08,600.48
2026-07-20,26-27/01763/Hero,Verma Auto Agencies | AFM | Barabanki,23431GN5910S,2,Pcs.,451.53,903.06
2026-07-20,26-27/01763/Hero,Verma Auto Agencies | AFM | Barabanki,3310BAAY001S,1,Pcs.,429.58,429.58
2026-07-20,26-27/01763/Hero,Verma Auto Agencies | AFM | Barabanki,33110AANH02S,1,Pcs.,429.58,429.58
2026-07-20,26-27/01763/Hero,Verma Auto Agencies | AFM | Barabanki,35100AAE102S,1,Pcs.,335.51,335.51
2026-07-20,26-27/01763/Hero,Verma Auto Agencies | AFM | Barabanki,45125AAHF0099S,18,Pcs.,100.34,1806.12
2026-07-20,26-27/01763/Hero,Verma Auto Agencies | AFM | Barabanki,53208AAH000S,10,Pcs.,9.4,94.0
2026-07-20,26-27/01763/Hero,Verma Auto Agencies | AFM | Barabanki,88110AACH41ZAS,1,Pcs.,185.0,185.0
2026-07-20,26-27/01763/Hero,Verma Auto Agencies | AFM | Barabanki,961006203000S,15,Pcs.,47.03,705.45
2026-07-20,26-27/01763/Hero,Verma Auto Agencies | AFM | Barabanki,K14144AACK000S,6,Pcs.,301.02,1806.12
2026-07-20,26-27/01763/Hero,Verma Auto Agencies | AFM | Barabanki,K14144AADA000S,3,Pcs.,213.22,639.66
2026-07-20,26-27/01763/Hero,Verma Auto Agencies | AFM | Barabanki,K55912KTCE900S,20,Pcs.,34.49,689.8
2026-07-20,26-27/01763/Hero,Verma Auto Agencies | AFM | Barabanki,K55912P30D850S,3,Pcs.,131.7,395.1
2026-07-20,26-27/01763/Hero,Verma Auto Agencies | AFM | Barabanki,16100AAF101S,1,Pcs.,1561.53,1561.53
2026-07-20,26-27/01763/Hero,Verma Auto Agencies | AFM | Barabanki,17208AABA00S,2,Pcs.,119.16,238.32
2026-07-20,26-27/01763/Hero,Verma Auto Agencies | AFM | Barabanki,45125AAHF0099S,6,Pcs.,100.34,602.04
2026-07-20,26-27/01763/Hero,Verma Auto Agencies | AFM | Barabanki,88110AACH41ZAS,6,Pcs.,185.0,1110.0
2026-07-20,26-27/01763/Hero,Verma Auto Agencies | AFM | Barabanki,88110AAGH01ZGS,1,Pcs.,185.0,185.0
2026-07-20,26-27/01763/Hero,Verma Auto Agencies | AFM | Barabanki,88120AANH01ZDS,2,Pcs.,185.0,370.0
2026-07-20,26-27/01763/Hero,Verma Auto Agencies | AFM | Barabanki,88120AANH01ZDS,4,Pcs.,191.27,765.08
2026-07-20,26-27/01763/Hero,Verma Auto Agencies | AFM | Barabanki,K14144AACK000S,13,Pcs.,301.02,3913.26
2026-07-20,26-27/01763/Hero,Verma Auto Agencies | AFM | Barabanki,K55912KTCE900S,40,Pcs.,34.49,1379.6
2026-07-20,26-27/01763/Hero,Verma Auto Agencies | AFM | Barabanki,K55912P30D850S,23,Pcs.,131.7,3029.1
2026-07-20,26-27/01763/Hero,Verma Auto Agencies | AFM | Barabanki,12341KTCA20S,1,Pcs.,88.42,88.42
2026-07-20,26-27/01763/Hero,Verma Auto Agencies | AFM | Barabanki,12341KTCA20S,2,Pcs.,103.47,206.94
2026-07-20,26-27/01763/Hero,Verma Auto Agencies | AFM | Barabanki,14451AANB00S,15,Pcs.,37.63,564.45
2026-07-20,26-27/01763/Hero,Verma Auto Agencies | AFM | Barabanki,15410AAF40099S,20,Pcs.,59.58,1191.6
2026-07-20,26-27/01763/Hero,Verma Auto Agencies | AFM | Barabanki,17208AABA00S,6,Pcs.,119.16,714.96
2026-07-20,26-27/01763/Hero,Verma Auto Agencies | AFM | Barabanki,22201AAG501S,2,Pcs.,100.08,200.16
2026-07-20,26-27/01763/Hero,Verma Auto Agencies | AFM | Barabanki,23431GN5910S,5,Pcs.,451.53,2257.65
2026-07-20,26-27/01763/Hero,Verma Auto Agencies | AFM | Barabanki,33110AANH02S,1,Pcs.,429.58,429.58
2026-07-20,26-27/01763/Hero,Verma Auto Agencies | AFM | Barabanki,35100AAE102S,2,Pcs.,335.51,671.02
2026-07-20,26-27/01763/Hero,Verma Auto Agencies | AFM | Barabanki,35200AAC211S,2,Pcs.,291.61,583.22
2026-07-20,26-27/01763/Hero,Verma Auto Agencies | AFM | Barabanki,45125AAHF0099S,32,Pcs.,100.34,3210.88
2026-07-20,26-27/01763/Hero,Verma Auto Agencies | AFM | Barabanki,45450AAHF00S,3,Pcs.,193.16,579.48
2026-07-20,26-27/01763/Hero,Verma Auto Agencies | AFM | Barabanki,45450AAHF00S,1,Pcs.,206.95,206.95
2026-07-20,26-27/01763/Hero,Verma Auto Agencies | AFM | Barabanki,961006203000S,41,Pcs.,47.03,1928.23
2026-07-20,26-27/01763/Hero,Verma Auto Agencies | AFM | Barabanki,961006203000S,4,Pcs.,53.3,213.2
2026-07-20,26-27/01763/Hero,Verma Auto Agencies | AFM | Barabanki,K14144AACK000S,6,Pcs.,301.02,1806.12
2026-07-20,26-27/01763/Hero,Verma Auto Agencies | AFM | Barabanki,K14144AADA000S,2,Pcs.,213.22,426.44
2026-07-20,26-27/01763/Hero,Verma Auto Agencies | AFM | Barabanki,K55912P30D850S,14,Pcs.,131.7,1843.8
2026-07-20,26-27/01763/Hero,Verma Auto Agencies | AFM | Barabanki,37211AAF041S,1,Pcs.,126.39,126.39
2026-07-20,26-27/01763/Hero,Verma Auto Agencies | AFM | Barabanki,37610AAH102S,2,Pcs.,88.42,176.84
2026-07-20,26-27/01763/Hero,Verma Auto Agencies | AFM | Barabanki,37610AAH102S,5,Pcs.,100.34,501.7
2026-07-20,26-27/01763/Hero,Verma Auto Agencies | AFM | Barabanki,37610AAH102S,1,Pcs.,103.47,103.47
2026-07-20,26-27/01763/Hero,Verma Auto Agencies | AFM | Barabanki,42601198D00S,1,Pcs.,633.39,633.39
2026-07-20,26-27/01763/Hero,Verma Auto Agencies | AFM | Barabanki,12341KTCA20S,1,Pcs.,88.42,88.42
2026-07-20,26-27/01763/Hero,Verma Auto Agencies | AFM | Barabanki,12341KTCA20S,1,Pcs.,103.47,103.47
2026-07-20,26-27/01763/Hero,Verma Auto Agencies | AFM | Barabanki,12341KTCA20S,1,Pcs.,106.61,106.61
2026-07-20,26-27/01763/Hero,Verma Auto Agencies | AFM | Barabanki,16100AALH00S,1,Pcs.,1728.34,1728.34
2026-07-20,26-27/01763/Hero,Verma Auto Agencies | AFM | Barabanki,17253AAL500S,1,Pcs.,106.61,106.61
2026-07-20,26-27/01763/Hero,Verma Auto Agencies | AFM | Barabanki,22201AAG501S,2,Pcs.,100.08,200.16
2026-07-20,26-27/01763/Hero,Verma Auto Agencies | AFM | Barabanki,22205AAG501S,9,Pcs.,103.22,928.98
2026-07-20,26-27/01763/Hero,Verma Auto Agencies | AFM | Barabanki,23431GN5910S,1,Pcs.,451.53,451.53
2026-07-20,26-27/01763/Hero,Verma Auto Agencies | AFM | Barabanki,28150KPL900S,10,Pcs.,51.42,514.2
2026-07-20,26-27/01763/Hero,Verma Auto Agencies | AFM | Barabanki,30460AAM000S,1,Pcs.,652.21,652.21
2026-07-20,26-27/01763/Hero,Verma Auto Agencies | AFM | Barabanki,31210AAF401S,1,Pcs.,1053.56,1053.56
2026-07-20,26-27/01763/Hero,Verma Auto Agencies | AFM | Barabanki,35100AAE102S,2,Pcs.,335.51,671.02
2026-07-20,26-27/01763/Hero,Verma Auto Agencies | AFM | Barabanki,37100AAD20099S,1,Pcs.,1379.66,1379.66
2026-07-20,26-27/01763/Hero,Verma Auto Agencies | AFM | Barabanki,37211AAF041S,1,Pcs.,109.12,109.12
2026-07-20,26-27/01763/Hero,Verma Auto Agencies | AFM | Barabanki,37610AAH102S,1,Pcs.,100.34,100.34
2026-07-20,26-27/01763/Hero,Verma Auto Agencies | AFM | Barabanki,37610AAH102S,1,Pcs.,103.47,103.47
2026-07-20,26-27/01763/Hero,Verma Auto Agencies | AFM | Barabanki,42601198D00S,1,Pcs.,633.39,633.39
2026-07-20,26-27/01763/Hero,Verma Auto Agencies | AFM | Barabanki,45125AAHF0099S,2,Pcs.,100.34,200.68
2026-07-20,26-27/01763/Hero,Verma Auto Agencies | AFM | Barabanki,45450AAHF00S,2,Pcs.,193.16,386.32
2026-07-20,26-27/01763/Hero,Verma Auto Agencies | AFM | Barabanki,45450AAHF00S,5,Pcs.,206.95,1034.75
2026-07-20,26-27/01763/Hero,Verma Auto Agencies | AFM | Barabanki,K14144AADA000S,1,Pcs.,213.22,213.22
2026-07-20,26-27/01763/Hero,Verma Auto Agencies | AFM | Barabanki,22102AAL500S,1,Pcs.,257.12,257.12
2026-07-20,26-27/01763/Hero,Verma Auto Agencies | AFM | Barabanki,37211AAF041S,1,Pcs.,126.39,126.39
2026-07-20,26-27/01763/Hero,Verma Auto Agencies | AFM | Barabanki,37610AAH102S,2,Pcs.,88.42,176.84
2026-07-20,26-27/01763/Hero,Verma Auto Agencies | AFM | Barabanki,37800AAW00099S,1,Pcs.,213.22,213.22
2026-07-20,26-27/01763/Hero,Verma Auto Agencies | AFM | Barabanki,42601198D00S,7,Pcs.,633.39,4433.73
2026-07-20,26-27/01763/Hero,Verma Auto Agencies | AFM | Barabanki,43550AAZ310S,1,Pcs.,50.17,50.17
2026-07-20,26-27/01763/Hero,Verma Auto Agencies | AFM | Barabanki,45450AAHF00S,1,Pcs.,193.16,193.16
2026-07-20,26-27/01763/Hero,Verma Auto Agencies | AFM | Barabanki,17208AABA00S,10,Pcs.,119.16,1191.6
2026-07-20,26-27/01763/Hero,Verma Auto Agencies | AFM | Barabanki,17253AAL500S,1,Pcs.,106.61,106.61
2026-07-20,26-27/01763/Hero,Verma Auto Agencies | AFM | Barabanki,22102AAL500S,1,Pcs.,257.12,257.12
2026-07-20,26-27/01763/Hero,Verma Auto Agencies | AFM | Barabanki,22201AAG501S,10,Pcs.,100.08,1000.8
2026-07-20,26-27/01763/Hero,Verma Auto Agencies | AFM | Barabanki,22205AAG501S,9,Pcs.,103.22,928.98
2026-07-20,26-27/01763/Hero,Verma Auto Agencies | AFM | Barabanki,30460AAM000S,1,Pcs.,652.21,652.21
2026-07-20,26-27/01763/Hero,Verma Auto Agencies | AFM | Barabanki,35130ABH501S,7,Pcs.,47.03,329.21
2026-07-20,26-27/01763/Hero,Verma Auto Agencies | AFM | Barabanki,37211AAF041S,1,Pcs.,126.39,126.39
2026-07-20,26-27/01763/Hero,Verma Auto Agencies | AFM | Barabanki,42601198D00S,1,Pcs.,633.39,633.39
2026-07-20,26-27/01763/Hero,Verma Auto Agencies | AFM | Barabanki,43100153600ZS,1,Pcs.,288.47,288.47
2026-07-20,26-27/01763/Hero,Verma Auto Agencies | AFM | Barabanki,43100153600ZS,3,Pcs.,310.42,931.26
2026-07-20,26-27/01763/Hero,Verma Auto Agencies | AFM | Barabanki,43550AAZ310S,1,Pcs.,50.17,50.17
2026-07-20,26-27/01763/Hero,Verma Auto Agencies | AFM | Barabanki,45125AAHF0099S,2,Pcs.,100.34,200.68
2026-07-20,26-27/01763/Hero,Verma Auto Agencies | AFM | Barabanki,45450AAHF00S,3,Pcs.,193.16,579.48
2026-07-20,26-27/01763/Hero,Verma Auto Agencies | AFM | Barabanki,45450AAHF00S,5,Pcs.,206.95,1034.75
2026-07-20,26-27/01763/Hero,Verma Auto Agencies | AFM | Barabanki,77236AAW000S,1,Pcs.,63.34,63.34
2026-07-20,26-27/01763/Hero,Verma Auto Agencies | AFM | Barabanki,77236AAW000S,1,Pcs.,68.98,68.98
2026-07-20,26-27/01763/Hero,Verma Auto Agencies | AFM | Barabanki,K40405KSTG950S,2,Pcs.,317.95,635.9
2026-07-20,26-27/01763/Hero,Verma Auto Agencies | AFM | Barabanki,46544AAHF00S,1,Pcs.,525.53,525.53
2026-07-20,26-27/01763/Hero,Verma Auto Agencies | AFM | Barabanki,46544AAHF00S,1,Pcs.,602.03,602.03
2026-07-20,26-27/01763/Hero,Verma Auto Agencies | AFM | Barabanki,20K450S,5,Pcs.,573.98,2869.9
2026-07-20,26-27/01764/Hero,Verma Auto Agencies | AFM | Barabanki,31120AAEB02S,1,Pcs.,768.22,768.22
2026-07-20,26-27/01764/Hero,Verma Auto Agencies | AFM | Barabanki,3365BAAJ101S,3,Pcs.,119.16,357.48
2026-07-20,26-27/01764/Hero,Verma Auto Agencies | AFM | Barabanki,35100AAC801S,1,Pcs.,335.51,335.51
2026-07-20,26-27/01764/Hero,Verma Auto Agencies | AFM | Barabanki,37100AAE30099S,1,Pcs.,915.6,915.6
2026-07-20,26-27/01764/Hero,Verma Auto Agencies | AFM | Barabanki,53100AAE110S,1,Pcs.,307.28,307.28
2026-07-20,26-27/01764/Hero,Verma Auto Agencies | AFM | Barabanki,61312AAE330S,1,Pcs.,75.25,75.25
2026-07-20,26-27/01764/Hero,Verma Auto Agencies | AFM | Barabanki,61314AAE710S,1,Pcs.,56.44,56.44
2026-07-20,26-27/01764/Hero,Verma Auto Agencies | AFM | Barabanki,77243AAW30099S,3,Pcs.,81.53,244.59
2026-07-20,26-27/01764/Hero,Verma Auto Agencies | AFM | Barabanki,83402AAE710S,2,Pcs.,188.04,376.08
2026-07-20,26-27/01764/Hero,Verma Auto Agencies | AFM | Barabanki,88110KZN900ZAS,1,Pcs.,172.63,172.63
2026-07-20,26-27/01764/Hero,Verma Auto Agencies | AFM | Barabanki,K12121ACKA000S,1,Pcs.,1802.97,1802.97
2026-07-20,26-27/01764/Hero,Verma Auto Agencies | AFM | Barabanki,K50505ACKH700S,12,Pcs.,112.88,1354.56
2026-07-20,26-27/01764/Hero,Verma Auto Agencies | AFM | Barabanki,77235AAG300RS,1,Pcs.,163.05,163.05
2026-07-20,26-27/01764/Hero,Verma Auto Agencies | AFM | Barabanki,6410AADG010S,1,Pcs.,244.58,244.58
2026-07-20,26-27/01764/Hero,Verma Auto Agencies | AFM | Barabanki,83410AAE930DS,1,Pcs.,680.42,680.42
2026-07-20,26-27/01764/Hero,Verma Auto Agencies | AFM | Barabanki,83410AAE930DS,1,Pcs.,680.42,680.42
2026-07-20,26-27/01764/Hero,Verma Auto Agencies | AFM | Barabanki,83400ACK011TS,1,Pcs.,438.98,438.98
2026-07-20,26-27/01764/Hero,Verma Auto Agencies | AFM | Barabanki,83400ACK011TS,1,Pcs.,438.98,438.98
2026-07-20,26-27/01764/Hero,Verma Auto Agencies | AFM | Barabanki,83600AAG500TS,1,Pcs.,939.42,939.42
2026-07-20,26-27/01764/Hero,Verma Auto Agencies | AFM | Barabanki,14430AAF400S,2,Pcs.,181.86,363.72
2026-07-20,26-27/01764/Hero,Verma Auto Agencies | AFM | Barabanki,14430ABF000S,1,Pcs.,235.79,235.79
2026-07-20,26-27/01764/Hero,Verma Auto Agencies | AFM | Barabanki,14430ABF000S,1,Pcs.,288.47,288.47
2026-07-20,26-27/01764/Hero,Verma Auto Agencies | AFM | Barabanki,14520AANB00S,2,Pcs.,191.27,382.54
2026-07-20,26-27/01764/Hero,Verma Auto Agencies | AFM | Barabanki,16700AAEL42S,2,Pcs.,2125.93,4251.86
2026-07-20,26-27/01764/Hero,Verma Auto Agencies | AFM | Barabanki,17208AAWD00S,1,Pcs.,228.9,228.9
2026-07-20,26-27/01764/Hero,Verma Auto Agencies | AFM | Barabanki,17253AAW000S,1,Pcs.,87.79,87.79
2026-07-20,26-27/01764/Hero,Verma Auto Agencies | AFM | Barabanki,22121ACL000S,1,Pcs.,235.17,235.17
2026-07-20,26-27/01764/Hero,Verma Auto Agencies | AFM | Barabanki,22350ACL000S,3,Pcs.,172.46,517.38
2026-07-20,26-27/01764/Hero,Verma Auto Agencies | AFM | Barabanki,31120ACK011S,1,Pcs.,752.54,752.54
2026-07-20,26-27/01764/Hero,Verma Auto Agencies | AFM | Barabanki,31120ACK012S,1,Pcs.,783.9,783.9
2026-07-20,26-27/01764/Hero,Verma Auto Agencies | AFM | Barabanki,31120ACLD01S,1,Pcs.,874.83,874.83
2026-07-20,26-27/01764/Hero,Verma Auto Agencies | AFM | Barabanki,31120ACLD02S,1,Pcs.,680.42,680.42
2026-07-20,26-27/01764/Hero,Verma Auto Agencies | AFM | Barabanki,31210ACK01099S,1,Pcs.,1674.4,1674.4
2026-07-20,26-27/01764/Hero,Verma Auto Agencies | AFM | Barabanki,3360BAAJ101S,1,Pcs.,137.97,137.97
2026-07-20,26-27/01764/Hero,Verma Auto Agencies | AFM | Barabanki,35200KTRA21S,2,Pcs.,316.7,633.4
2026-07-20,26-27/01764/Hero,Verma Auto Agencies | AFM | Barabanki,K22222KTRK000S,1,Pcs.,862.28,862.28
2026-07-20,26-27/01764/Hero,Verma Auto Agencies | AFM | Barabanki,K22222KTRK000S,6,Pcs.,877.97,5267.82
2026-07-20,26-27/01764/Hero,Verma Auto Agencies | AFM | Barabanki,14520AANB00S,1,Pcs.,191.27,191.27
2026-07-20,26-27/01764/Hero,Verma Auto Agencies | AFM | Barabanki,17681KWA940S,10,Pcs.,12.54,125.4
2026-07-20,26-27/01764/Hero,Verma Auto Agencies | AFM | Barabanki,22121AAHF01S,4,Pcs.,169.95,679.8
2026-07-20,26-27/01764/Hero,Verma Auto Agencies | AFM | Barabanki,22121ACL000S,2,Pcs.,250.84,501.68
2026-07-20,26-27/01764/Hero,Verma Auto Agencies | AFM | Barabanki,22131AAW300S,1,Pcs.,94.07,94.07
2026-07-20,26-27/01764/Hero,Verma Auto Agencies | AFM | Barabanki,31120AAC811S,1,Pcs.,896.78,896.78
2026-07-20,26-27/01764/Hero,Verma Auto Agencies | AFM | Barabanki,31120ACK011S,1,Pcs.,752.54,752.54
2026-07-20,26-27/01764/Hero,Verma Auto Agencies | AFM | Barabanki,35759AAC80099S,1,Pcs.,43.9,43.9
2026-07-20,26-27/01764/Hero,Verma Auto Agencies | AFM | Barabanki,37100AAE30099S,1,Pcs.,915.6,915.6
2026-07-20,26-27/01764/Hero,Verma Auto Agencies | AFM | Barabanki,51103AAC000S,1,Pcs.,294.75,294.75
2026-07-20,26-27/01764/Hero,Verma Auto Agencies | AFM | Barabanki,77250AAG300TS,1,Pcs.,348.05,348.05
2026-07-20,26-27/01764/Hero,Verma Auto Agencies | AFM | Barabanki,K12121ACKA000S,1,Pcs.,1802.97,1802.97
2026-07-20,26-27/01764/Hero,Verma Auto Agencies | AFM | Barabanki,K22222KTRK000S,4,Pcs.,877.97,3511.88
2026-07-20,26-27/01764/Hero,Verma Auto Agencies | AFM | Barabanki,K40405AAGRC00S,4,Pcs.,514.4,2057.6
2026-07-20,26-27/01765/Hero,Verma Auto Agencies | AFM | Barabanki,8340BAAGA00S,1,Pcs.,222.0,222.0
2026-07-20,26-27/01765/Hero,Verma Auto Agencies | AFM | Barabanki,8340BAAGA00S,1,Pcs.,222.0,222.0
2026-07-20,26-27/01765/Hero,Verma Auto Agencies | AFM | Barabanki,83402AAEB00S,1,Pcs.,225.76,225.76
2026-07-20,26-27/01765/Hero,Verma Auto Agencies | AFM | Barabanki,83402AAEB00S,1,Pcs.,225.76,225.76
2026-07-20,26-27/01765/Hero,Verma Auto Agencies | AFM | Barabanki,83402AAEB00S,1,Pcs.,225.76,225.76
2026-07-20,26-27/01765/Hero,Verma Auto Agencies | AFM | Barabanki,83402AAEB00S,1,Pcs.,225.76,225.76
2026-07-20,26-27/01765/Hero,Verma Auto Agencies | AFM | Barabanki,K44426AAEAH00S,1,Pcs.,3342.54,3342.54
2026-07-20,26-27/01765/Hero,Verma Auto Agencies | AFM | Barabanki,83402AAEB00S,1,Pcs.,225.76,225.76
2026-07-20,26-27/01765/Hero,Verma Auto Agencies | AFM | Barabanki,83402AAEB00S,1,Pcs.,225.76,225.76
2026-07-20,26-27/01765/Hero,Verma Auto Agencies | AFM | Barabanki,83402AAEB00S,1,Pcs.,225.76,225.76
2026-07-20,26-27/01765/Hero,Verma Auto Agencies | AFM | Barabanki,22201AAHA01S,224,Pcs.,43.64,9775.36
2026-07-20,26-27/01765/Hero,Verma Auto Agencies | AFM | Barabanki,22201AAHA01S,224,Pcs.,43.64,9775.36
2026-07-20,26-27/01765/Hero,Verma Auto Agencies | AFM | Barabanki,22201AAHA01S,224,Pcs.,43.64,9775.36
2026-07-20,26-27/01765/Hero,Verma Auto Agencies | AFM | Barabanki,22201AAHA01S,224,Pcs.,43.64,9775.36
2026-07-20,26-27/01765/Hero,Verma Auto Agencies | AFM | Barabanki,22201AAHA01S,224,Pcs.,43.64,9775.36
2026-07-20,26-27/01765/Hero,Verma Auto Agencies | AFM | Barabanki,35100AAE301S,6,Pcs.,360.6,2163.6
2026-07-20,26-27/01765/Hero,Verma Auto Agencies | AFM | Barabanki,35100AAE301S,6,Pcs.,310.42,1862.52
2026-07-20,26-27/01765/Hero,Verma Auto Agencies | AFM | Barabanki,35100AAE301S,6,Pcs.,360.6,2163.6
2026-07-20,26-27/01765/Hero,Verma Auto Agencies | AFM | Barabanki,K40405KWAG930S,2,Pcs.,329.24,658.48
2026-07-20,26-27/01765/Hero,Verma Auto Agencies | AFM | Barabanki,K41412AANNB00S,10,Pcs.,508.14,5081.4
2026-07-20,26-27/01765/Hero,Verma Auto Agencies | AFM | Barabanki,K41412AANNB00S,10,Pcs.,508.14,5081.4
2026-07-20,26-27/01765/Hero,Verma Auto Agencies | AFM | Barabanki,K41412AANNB00S,10,Pcs.,483.05,4830.5
2026-07-20,26-27/01765/Hero,Verma Auto Agencies | AFM | Barabanki,K41412AANNB00S,10,Pcs.,508.14,5081.4
2026-07-20,26-27/01765/Hero,Verma Auto Agencies | AFM | Barabanki,K41412AANNB00S,10,Pcs.,508.14,5081.4
2026-07-20,26-27/01765/Hero,Verma Auto Agencies | AFM | Barabanki,37800AAE30099S,10,Pcs.,297.88,2978.8
2026-07-20,26-27/01765/Hero,Verma Auto Agencies | AFM | Barabanki,45475AAT200S,12,Pcs.,100.34,1204.08
2026-07-20,26-27/01765/Hero,Verma Auto Agencies | AFM | Barabanki,1450AACK000S,8,Pcs.,78.39,627.12
2026-07-20,26-27/01765/Hero,Verma Auto Agencies | AFM | Barabanki,45475AAT200S,33,Pcs.,100.34,3311.22
2026-07-20,26-27/01765/Hero,Verma Auto Agencies | AFM | Barabanki,50530KST940S,26,Pcs.,84.66,2201.16
2026-07-20,26-27/01765/Hero,Verma Auto Agencies | AFM | Barabanki,1450AACK000S,2,Pcs.,78.39,156.78
2026-07-20,26-27/01765/Hero,Verma Auto Agencies | AFM | Barabanki,22201AAHA01S,44,Pcs.,43.64,1920.16
2026-07-20,26-27/01765/Hero,Verma Auto Agencies | AFM | Barabanki,31120AAC811S,1,Pcs.,896.78,896.78
2026-07-20,26-27/01765/Hero,Verma Auto Agencies | AFM | Barabanki,35100AAC701S,1,Pcs.,304.16,304.16
2026-07-20,26-27/01765/Hero,Verma Auto Agencies | AFM | Barabanki,35350KWA940S,10,Pcs.,47.03,470.3
2026-07-20,26-27/01765/Hero,Verma Auto Agencies | AFM | Barabanki,37200AAG101S,1,Pcs.,363.73,363.73
2026-07-20,26-27/01765/Hero,Verma Auto Agencies | AFM | Barabanki,37200AAG101S,1,Pcs.,404.49,404.49
2026-07-20,26-27/01765/Hero,Verma Auto Agencies | AFM | Barabanki,37200AAG101S,2,Pcs.,464.07,928.14
2026-07-20,26-27/01765/Hero,Verma Auto Agencies | AFM | Barabanki,37210ACK01099S,2,Pcs.,228.9,457.8
2026-07-20,26-27/01765/Hero,Verma Auto Agencies | AFM | Barabanki,37210ACK01099S,1,Pcs.,263.39,263.39
2026-07-20,26-27/01765/Hero,Verma Auto Agencies | AFM | Barabanki,37300AAE102S,2,Pcs.,144.24,288.48
2026-07-20,26-27/01765/Hero,Verma Auto Agencies | AFM | Barabanki,37800ACK00099S,6,Pcs.,225.76,1354.56
2026-07-20,26-27/01765/Hero,Verma Auto Agencies | AFM | Barabanki,45475AAT200S,8,Pcs.,100.34,802.72
2026-07-20,26-27/01765/Hero,Verma Auto Agencies | AFM | Barabanki,50530KST940S,4,Pcs.,84.66,338.64
2026-07-20,26-27/01765/Hero,Verma Auto Agencies | AFM | Barabanki,1450AACK000S,29,Pcs.,78.39,2273.31
2026-07-20,26-27/01765/Hero,Verma Auto Agencies | AFM | Barabanki,17620AAG501S,2,Pcs.,274.05,548.1
2026-07-20,26-27/01765/Hero,Verma Auto Agencies | AFM | Barabanki,17620AAG501S,1,Pcs.,326.1,326.1
2026-07-20,26-27/01765/Hero,Verma Auto Agencies | AFM | Barabanki,17910AAN500S,4,Pcs.,74.63,298.52
2026-07-20,26-27/01765/Hero,Verma Auto Agencies | AFM | Barabanki,17910AAN500S,1,Pcs.,81.53,81.53
2026-07-20,26-27/01765/Hero,Verma Auto Agencies | AFM | Barabanki,22121AAHF01S,3,Pcs.,169.95,509.85
2026-07-20,26-27/01765/Hero,Verma Auto Agencies | AFM | Barabanki,22201AAHA01S,12,Pcs.,43.64,523.68
2026-07-20,26-27/01765/Hero,Verma Auto Agencies | AFM | Barabanki,31120AAC811S,1,Pcs.,896.78,896.78
2026-07-20,26-27/01765/Hero,Verma Auto Agencies | AFM | Barabanki,31201AAT012S,10,Pcs.,34.49,344.9
2026-07-20,26-27/01765/Hero,Verma Auto Agencies | AFM | Barabanki,31600ACK001S,1,Pcs.,846.61,846.61
2026-07-20,26-27/01765/Hero,Verma Auto Agencies | AFM | Barabanki,35150AAC811S,29,Pcs.,92.48,2681.92
2026-07-20,26-27/01765/Hero,Verma Auto Agencies | AFM | Barabanki,45475AAT200S,1,Pcs.,92.19,92.19
2026-07-20,26-27/01765/Hero,Verma Auto Agencies | AFM | Barabanki,45475AAT200S,8,Pcs.,100.34,802.72
2026-07-20,26-27/01765/Hero,Verma Auto Agencies | AFM | Barabanki,45475AAT200S,7,Pcs.,106.61,746.27
2026-07-20,26-27/01765/Hero,Verma Auto Agencies | AFM | Barabanki,50530KST940S,3,Pcs.,84.66,253.98
2026-07-20,26-27/01765/Hero,Verma Auto Agencies | AFM | Barabanki,83516KTCA20S,1,Pcs.,75.25,75.25
2026-07-20,26-27/01765/Hero,Verma Auto Agencies | AFM | Barabanki,K86864AAHC100TS,1,Pcs.,116.02,116.02
2026-07-20,26-27/01765/Hero,Verma Auto Agencies | AFM | Barabanki,14430AANB00S,10,Pcs.,178.73,1787.3
2026-07-20,26-27/01765/Hero,Verma Auto Agencies | AFM | Barabanki,1450AACK000S,37,Pcs.,78.39,2900.43
2026-07-20,26-27/01765/Hero,Verma Auto Agencies | AFM | Barabanki,16424AAGA00S,1,Pcs.,125.42,125.42
2026-07-20,26-27/01765/Hero,Verma Auto Agencies | AFM | Barabanki,16700AAE300S,1,Pcs.,1903.3,1903.3
2026-07-20,26-27/01765/Hero,Verma Auto Agencies | AFM | Barabanki,16701AAE300S,2,Pcs.,106.61,213.22
2026-07-20,26-27/01765/Hero,Verma Auto Agencies | AFM | Barabanki,16701AAE300S,4,Pcs.,122.28,489.12
2026-07-20,26-27/01765/Hero,Verma Auto Agencies | AFM | Barabanki,16701AAF400S,1,Pcs.,75.25,75.25
2026-07-20,26-27/01765/Hero,Verma Auto Agencies | AFM | Barabanki,16701AAF400S,2,Pcs.,84.66,169.32
2026-07-20,26-27/01765/Hero,Verma Auto Agencies | AFM | Barabanki,16701AAF400S,12,Pcs.,87.79,1053.48
2026-07-20,26-27/01765/Hero,Verma Auto Agencies | AFM | Barabanki,17620AAG501S,2,Pcs.,326.1,652.2
2026-07-20,26-27/01765/Hero,Verma Auto Agencies | AFM | Barabanki,22121AAHF01S,2,Pcs.,169.95,339.9
2026-07-20,26-27/01765/Hero,Verma Auto Agencies | AFM | Barabanki,22201AAHA01S,16,Pcs.,43.64,698.24
2026-07-20,26-27/01765/Hero,Verma Auto Agencies | AFM | Barabanki,22311AAHA01S,18,Pcs.,27.96,503.28
2026-07-20,26-27/01765/Hero,Verma Auto Agencies | AFM | Barabanki,24211KTC900S,1,Pcs.,119.16,119.16
2026-07-20,26-27/01765/Hero,Verma Auto Agencies | AFM | Barabanki,24211KTC900S,1,Pcs.,137.97,137.97
2026-07-20,26-27/01765/Hero,Verma Auto Agencies | AFM | Barabanki,31120AAC811S,1,Pcs.,896.78,896.78
2026-07-20,26-27/01765/Hero,Verma Auto Agencies | AFM | Barabanki,31201AAT012S,10,Pcs.,34.49,344.9
2026-07-20,26-27/01765/Hero,Verma Auto Agencies | AFM | Barabanki,35150AAC811S,1,Pcs.,92.48,92.48
2026-07-20,26-27/01765/Hero,Verma Auto Agencies | AFM | Barabanki,37100AAHA1099S,1,Pcs.,906.19,906.19
2026-07-20,26-27/01765/Hero,Verma Auto Agencies | AFM | Barabanki,37200AAG101S,1,Pcs.,363.73,363.73
2026-07-20,26-27/01765/Hero,Verma Auto Agencies | AFM | Barabanki,37200AAG101S,1,Pcs.,404.49,404.49
2026-07-20,26-27/01765/Hero,Verma Auto Agencies | AFM | Barabanki,37210ACK01099S,1,Pcs.,228.9,228.9
2026-07-20,26-27/01765/Hero,Verma Auto Agencies | AFM | Barabanki,37300AAE102S,1,Pcs.,144.24,144.24
2026-07-20,26-27/01765/Hero,Verma Auto Agencies | AFM | Barabanki,45475AAT200S,1,Pcs.,100.34,100.34
2026-07-20,26-27/01765/Hero,Verma Auto Agencies | AFM | Barabanki,45475AAT200S,2,Pcs.,106.61,213.22
2026-07-20,26-27/01765/Hero,Verma Auto Agencies | AFM | Barabanki,50530KST940S,1,Pcs.,84.66,84.66
2026-07-20,26-27/01765/Hero,Verma Auto Agencies | AFM | Barabanki,K12121AAWA000S,1,Pcs.,1693.22,1693.22
2026-07-20,26-27/01765/Hero,Verma Auto Agencies | AFM | Barabanki,13011AANB0099S,1,Pcs.,191.27,191.27
2026-07-20,26-27/01765/Hero,Verma Auto Agencies | AFM | Barabanki,14430AANB00S,14,Pcs.,178.73,2502.22
2026-07-20,26-27/01765/Hero,Verma Auto Agencies | AFM | Barabanki,1450AACK000S,14,Pcs.,78.39,1097.46
2026-07-20,26-27/01765/Hero,Verma Auto Agencies | AFM | Barabanki,15100ACK401S,1,Pcs.,275.93,275.93
2026-07-20,26-27/01765/Hero,Verma Auto Agencies | AFM | Barabanki,16424AAGA00S,1,Pcs.,125.42,125.42
2026-07-20,26-27/01765/Hero,Verma Auto Agencies | AFM | Barabanki,16701AAE300S,2,Pcs.,106.61,213.22
2026-07-20,26-27/01765/Hero,Verma Auto Agencies | AFM | Barabanki,16701AAE300S,1,Pcs.,122.28,122.28
2026-07-20,26-27/01765/Hero,Verma Auto Agencies | AFM | Barabanki,16701AAF400S,10,Pcs.,87.79,877.9
2026-07-20,26-27/01765/Hero,Verma Auto Agencies | AFM | Barabanki,17910AAL600S,2,Pcs.,132.95,265.9
2026-07-20,26-27/01765/Hero,Verma Auto Agencies | AFM | Barabanki,22121AAHF01S,2,Pcs.,169.95,339.9
2026-07-20,26-27/01765/Hero,Verma Auto Agencies | AFM | Barabanki,22201AAHA01S,8,Pcs.,43.64,349.12
2026-07-20,26-27/01765/Hero,Verma Auto Agencies | AFM | Barabanki,22350AAHA01S,1,Pcs.,103.22,103.22
2026-07-20,26-27/01765/Hero,Verma Auto Agencies | AFM | Barabanki,22350AAHA01S,1,Pcs.,112.63,112.63
2026-07-20,26-27/01765/Hero,Verma Auto Agencies | AFM | Barabanki,24261121742S,60,Pcs.,3.14,188.4
2026-07-20,26-27/01765/Hero,Verma Auto Agencies | AFM | Barabanki,24701AANB00S,1,Pcs.,116.02,116.02
2026-07-20,26-27/01765/Hero,Verma Auto Agencies | AFM | Barabanki,28102ACK010S,5,Pcs.,14.8,74.0
2026-07-20,26-27/01765/Hero,Verma Auto Agencies | AFM | Barabanki,28103ACK010S,2,Pcs.,15.68,31.36
2026-07-20,26-27/01765/Hero,Verma Auto Agencies | AFM | Barabanki,28110ACK010S,3,Pcs.,326.1,978.3
2026-07-20,26-27/01765/Hero,Verma Auto Agencies | AFM | Barabanki,28110ACK010S,2,Pcs.,332.37,664.74
2026-07-20,26-27/01765/Hero,Verma Auto Agencies | AFM | Barabanki,31201AAT012S,8,Pcs.,34.49,275.92
2026-07-20,26-27/01765/Hero,Verma Auto Agencies | AFM | Barabanki,31202ACK012S,3,Pcs.,38.25,114.75
2026-07-20,26-27/01765/Hero,Verma Auto Agencies | AFM | Barabanki,31202ACK012S,9,Pcs.,43.9,395.1
2026-07-20,26-27/01765/Hero,Verma Auto Agencies | AFM | Barabanki,31210ACK01099S,1,Pcs.,1674.4,1674.4
2026-07-20,26-27/01765/Hero,Verma Auto Agencies | AFM | Barabanki,31600ACK001S,1,Pcs.,846.61,846.61
2026-07-20,26-27/01765/Hero,Verma Auto Agencies | AFM | Barabanki,35350KWA940S,10,Pcs.,47.03,470.3
2026-07-20,26-27/01765/Hero,Verma Auto Agencies | AFM | Barabanki,37300AAE102S,3,Pcs.,144.24,432.72
2026-07-20,26-27/01765/Hero,Verma Auto Agencies | AFM | Barabanki,45475AAT200S,3,Pcs.,100.34,301.02
2026-07-20,26-27/01765/Hero,Verma Auto Agencies | AFM | Barabanki,50530KST940S,6,Pcs.,84.66,507.96
2026-07-20,26-27/01765/Hero,Verma Auto Agencies | AFM | Barabanki,83516KTCA20S,3,Pcs.,75.25,225.75
2026-07-20,26-27/01765/Hero,Verma Auto Agencies | AFM | Barabanki,91443AAF400S,10,Pcs.,9.4,94.0
2026-07-20,26-27/01765/Hero,Verma Auto Agencies | AFM | Barabanki,K12121AAWA000S,1,Pcs.,1693.22,1693.22
2026-07-20,26-27/01765/Hero,Verma Auto Agencies | AFM | Barabanki,K86866AAGN500RS,1,Pcs.,101.73,101.73
2026-07-20,26-27/01765/Hero,Verma Auto Agencies | AFM | Barabanki,K86866AAGN500TS,7,Pcs.,106.61,746.27
2026-07-20,26-27/01766/Hero,Verma Auto Agencies | AFM | Barabanki,15650AACH00S,5,Pcs.,18.81,94.05
2026-07-20,26-27/01766/Hero,Verma Auto Agencies | AFM | Barabanki,16100KWH961S,1,Pcs.,1580.34,1580.34
2026-07-20,26-27/01766/Hero,Verma Auto Agencies | AFM | Barabanki,17212KTC900S,3,Pcs.,97.21,291.63
2026-07-20,26-27/01766/Hero,Verma Auto Agencies | AFM | Barabanki,17920KZN305S,2,Pcs.,164.05,328.1
2026-07-20,26-27/01766/Hero,Verma Auto Agencies | AFM | Barabanki,22870KWA910S,9,Pcs.,59.95,539.55
2026-07-20,26-27/01766/Hero,Verma Auto Agencies | AFM | Barabanki,22870KWA910S,1,Pcs.,65.59,65.59
2026-07-20,26-27/01766/Hero,Verma Auto Agencies | AFM | Barabanki,22870KWA910S,8,Pcs.,68.73,549.84
2026-07-20,26-27/01766/Hero,Verma Auto Agencies | AFM | Barabanki,30500AAFH00S,1,Pcs.,196.91,196.91
2026-07-20,26-27/01766/Hero,Verma Auto Agencies | AFM | Barabanki,30500AAFH00S,9,Pcs.,213.22,1918.98
2026-07-20,26-27/01766/Hero,Verma Auto Agencies | AFM | Barabanki,31110AAD011S,1,Pcs.,658.47,658.47
2026-07-20,26-27/01766/Hero,Verma Auto Agencies | AFM | Barabanki,3370BAAG30099S,1,Pcs.,225.76,225.76
2026-07-20,26-27/01766/Hero,Verma Auto Agencies | AFM | Barabanki,35010AAL000S,2,Pcs.,602.03,1204.06
2026-07-20,26-27/01766/Hero,Verma Auto Agencies | AFM | Barabanki,35130AAD00099S,45,Pcs.,37.63,1693.35
2026-07-20,26-27/01766/Hero,Verma Auto Agencies | AFM | Barabanki,44830AAD220S,1,Pcs.,63.08,63.08
2026-07-20,26-27/01766/Hero,Verma Auto Agencies | AFM | Barabanki,88120AANH01S,1,Pcs.,153.65,153.65
2026-07-20,26-27/01766/Hero,Verma Auto Agencies | AFM | Barabanki,88120AANH01S,2,Pcs.,178.73,357.46
2026-07-20,26-27/01766/Hero,Verma Auto Agencies | AFM | Barabanki,K53531HF100DS,10,Pcs.,37.63,376.3
2026-07-20,26-27/01766/Hero,Verma Auto Agencies | AFM | Barabanki,12341KWA900S,1,Pcs.,66.47,66.47
2026-07-20,26-27/01766/Hero,Verma Auto Agencies | AFM | Barabanki,12341KWA900S,3,Pcs.,81.53,244.59
2026-07-20,26-27/01766/Hero,Verma Auto Agencies | AFM | Barabanki,15650AACH00S,5,Pcs.,18.81,94.05
2026-07-20,26-27/01766/Hero,Verma Auto Agencies | AFM | Barabanki,17212KTC900S,1,Pcs.,97.21,97.21
2026-07-20,26-27/01766/Hero,Verma Auto Agencies | AFM | Barabanki,18805KPL900S,10,Pcs.,28.22,282.2
2026-07-20,26-27/01766/Hero,Verma Auto Agencies | AFM | Barabanki,22870KWA910S,1,Pcs.,59.95,59.95
2026-07-20,26-27/01766/Hero,Verma Auto Agencies | AFM | Barabanki,22870KWA910S,5,Pcs.,68.73,343.65
2026-07-20,26-27/01766/Hero,Verma Auto Agencies | AFM | Barabanki,30500AAFH00S,2,Pcs.,213.22,426.44
2026-07-20,26-27/01766/Hero,Verma Auto Agencies | AFM | Barabanki,52400KWP900S,1,Pcs.,513.15,513.15
2026-07-20,26-27/01766/Hero,Verma Auto Agencies | AFM | Barabanki,52400KWP900S,1,Pcs.,552.03,552.03
2026-07-20,26-27/01766/Hero,Verma Auto Agencies | AFM | Barabanki,88120AANH01S,1,Pcs.,153.65,153.65
2026-07-20,26-27/01766/Hero,Verma Auto Agencies | AFM | Barabanki,88120AANH01S,8,Pcs.,178.73,1429.84
2026-07-20,26-27/01766/Hero,Verma Auto Agencies | AFM | Barabanki,K53531HF100DS,18,Pcs.,37.63,677.34
2026-07-20,26-27/01766/Hero,Verma Auto Agencies | AFM | Barabanki,52400KTR841S,10,Pcs.,630.42,6304.2
2026-07-20,26-27/01766/Hero,Verma Auto Agencies | AFM | Barabanki,52400KTR841S,10,Pcs.,630.42,6304.2
2026-07-20,26-27/01766/Hero,Verma Auto Agencies | AFM | Barabanki,K44446AAFB000S,1,Pcs.,3070.3,3070.3
2026-07-20,26-27/01766/Hero,Verma Auto Agencies | AFM | Barabanki,18805KPL900S,20,Pcs.,25.09,501.8
2026-07-20,26-27/01766/Hero,Verma Auto Agencies | AFM | Barabanki,28101KWA940S,5,Pcs.,78.39,391.95
2026-07-20,26-27/01766/Hero,Verma Auto Agencies | AFM | Barabanki,31120KTRA01S,1,Pcs.,661.61,661.61
2026-07-20,26-27/01766/Hero,Verma Auto Agencies | AFM | Barabanki,31120KTRA01S,2,Pcs.,761.95,1523.9
2026-07-20,26-27/01766/Hero,Verma Auto Agencies | AFM | Barabanki,35010AAHA01S,20,Pcs.,605.17,12103.4
2026-07-20,26-27/01766/Hero,Verma Auto Agencies | AFM | Barabanki,06455AANE00S,2,Pcs.,216.35,432.7
2026-07-20,26-27/01766/Hero,Verma Auto Agencies | AFM | Barabanki,12341KWA900S,1,Pcs.,66.47,66.47
2026-07-20,26-27/01766/Hero,Verma Auto Agencies | AFM | Barabanki,12341KWA900S,5,Pcs.,81.53,407.65
2026-07-20,26-27/01766/Hero,Verma Auto Agencies | AFM | Barabanki,22870KWA910S,1,Pcs.,59.95,59.95
2026-07-20,26-27/01766/Hero,Verma Auto Agencies | AFM | Barabanki,22870KWA910S,4,Pcs.,68.73,274.92
2026-07-20,26-27/01766/Hero,Verma Auto Agencies | AFM | Barabanki,35130AAD00099S,5,Pcs.,37.63,188.15
2026-07-20,26-27/01766/Hero,Verma Auto Agencies | AFM | Barabanki,37800KWH962S,3,Pcs.,253.98,761.94
2026-07-20,26-27/01766/Hero,Verma Auto Agencies | AFM | Barabanki,37800KWH962S,4,Pcs.,291.61,1166.44
2026-07-20,26-27/01766/Hero,Verma Auto Agencies | AFM | Barabanki,40510KTCA20S,1,Pcs.,329.24,329.24
2026-07-20,26-27/01766/Hero,Verma Auto Agencies | AFM | Barabanki,40520KTCA20S,1,Pcs.,329.24,329.24
2026-07-20,26-27/01766/Hero,Verma Auto Agencies | AFM | Barabanki,42303KTR900S,24,Pcs.,47.03,1128.72
2026-07-20,26-27/01766/Hero,Verma Auto Agencies | AFM | Barabanki,44830AAD220S,2,Pcs.,63.08,126.16
2026-07-20,26-27/01766/Hero,Verma Auto Agencies | AFM | Barabanki,44830AAD220S,2,Pcs.,65.59,131.18
2026-07-20,26-27/01766/Hero,Verma Auto Agencies | AFM | Barabanki,50512AAHF00S,2,Pcs.,70.24,140.48
2026-07-20,26-27/01766/Hero,Verma Auto Agencies | AFM | Barabanki,61311AAC200S,1,Pcs.,187.51,187.51
2026-07-20,26-27/01766/Hero,Verma Auto Agencies | AFM | Barabanki,88120AAC201RS,2,Pcs.,191.27,382.54
2026-07-20,26-27/01766/Hero,Verma Auto Agencies | AFM | Barabanki,K53531HF100DS,8,Pcs.,37.63,301.04
2026-07-20,26-27/01766/Hero,Verma Auto Agencies | AFM | Barabanki,K91902HF100DS,9,Pcs.,42.02,378.18
2026-07-20,26-27/01766/Hero,Verma Auto Agencies | AFM | Barabanki,K91902HF100DS,1,Pcs.,47.03,47.03
2026-07-20,26-27/01766/Hero,Verma Auto Agencies | AFM | Barabanki,37800KWH962S,1,Pcs.,253.98,253.98
2026-07-20,26-27/01766/Hero,Verma Auto Agencies | AFM | Barabanki,K12121KSTG940S,2,Pcs.,1552.12,3104.24
2026-07-20,26-27/01766/Hero,Verma Auto Agencies | AFM | Barabanki,K12121KZAAW00S,2,Pcs.,1423.56,2847.12
2026-07-20,26-27/01766/Hero,Verma Auto Agencies | AFM | Barabanki,31120KTRA01S,1,Pcs.,661.61,661.61
2026-07-20,26-27/01766/Hero,Verma Auto Agencies | AFM | Barabanki,35010AAH001S,2,Pcs.,561.27,1122.54
2026-07-20,26-27/01766/Hero,Verma Auto Agencies | AFM | Barabanki,35150AAC00099S,5,Pcs.,132.32,661.6
2026-07-20,26-27/01766/Hero,Verma Auto Agencies | AFM | Barabanki,35150AAC00099S,4,Pcs.,172.46,689.84
2026-07-20,26-27/01766/Hero,Verma Auto Agencies | AFM | Barabanki,35200KTCA20S,4,Pcs.,294.75,1179.0
2026-07-20,26-27/01766/Hero,Verma Auto Agencies | AFM | Barabanki,35200KWA841S,7,Pcs.,288.47,2019.29
2026-07-20,26-27/01766/Hero,Verma Auto Agencies | AFM | Barabanki,35200KWA841S,1,Pcs.,310.42,310.42
2026-07-20,26-27/01766/Hero,Verma Auto Agencies | AFM | Barabanki,42303KTR900S,6,Pcs.,47.03,282.18
2026-07-20,26-27/01766/Hero,Verma Auto Agencies | AFM | Barabanki,43451AAHF00S,5,Pcs.,43.9,219.5
2026-07-20,26-27/01766/Hero,Verma Auto Agencies | AFM | Barabanki,46500KST940S,1,Pcs.,172.46,172.46
2026-07-20,26-27/01766/Hero,Verma Auto Agencies | AFM | Barabanki,53173KTRA20S,10,Pcs.,62.72,627.2
2026-07-20,26-27/01766/Hero,Verma Auto Agencies | AFM | Barabanki,61311AAC200S,1,Pcs.,187.51,187.51
2026-07-20,26-27/01766/Hero,Verma Auto Agencies | AFM | Barabanki,K22228HF100DS,15,Pcs.,47.03,705.45
2026-07-20,26-27/01766/Hero,Verma Auto Agencies | AFM | Barabanki,K53531HF100DS,1,Pcs.,37.63,37.63
2026-07-20,26-27/01766/Hero,Verma Auto Agencies | AFM | Barabanki,K90904HF100DS,4,Pcs.,65.84,263.36
2026-07-20,26-27/01766/Hero,Verma Auto Agencies | AFM | Barabanki,K91902HF100DS,22,Pcs.,42.02,924.44
2026-07-20,26-27/01766/Hero,Verma Auto Agencies | AFM | Barabanki,K91902HF100DS,8,Pcs.,43.9,351.2
2026-07-20,26-27/01766/Hero,Verma Auto Agencies | AFM | Barabanki,K91902HF100DS,38,Pcs.,47.03,1787.14
2026-07-20,26-27/01766/Hero,Verma Auto Agencies | AFM | Barabanki,K44426AACAH00S,1,Pcs.,2822.03,2822.03
2026-07-20,26-27/01766/Hero,Verma Auto Agencies | AFM | Barabanki,50400AAH700S,1,Pcs.,429.58,429.58
2026-07-20,26-27/01766/Hero,Verma Auto Agencies | AFM | Barabanki,50400AAH700S,1,Pcs.,375.65,375.65
2026-07-20,26-27/01766/Hero,Verma Auto Agencies | AFM | Barabanki,K91902HF100DS,200,Pcs.,47.03,9406.0
2026-07-20,26-27/01766/Hero,Verma Auto Agencies | AFM | Barabanki,28101KWA940S,40,Pcs.,78.39,3135.6
2026-07-20,26-27/01766/Hero,Verma Auto Agencies | AFM | Barabanki,31120KTRA01S,5,Pcs.,661.61,3308.05
2026-07-20,26-27/01766/Hero,Verma Auto Agencies | AFM | Barabanki,31120KTRA01S,1,Pcs.,761.95,761.95
2026-07-20,26-27/01766/Hero,Verma Auto Agencies | AFM | Barabanki,61100KTCA20ZES,1,Pcs.,730.6,730.6
2026-07-20,26-27/01766/Hero,Verma Auto Agencies | AFM | Barabanki,K91910KTCE900S,1,Pcs.,391.95,391.95
2026-07-20,26-27/01766/Hero,Verma Auto Agencies | AFM | Barabanki,K91910KTCE900S,17,Pcs.,417.03,7089.51
2026-07-20,26-27/01766/Hero,Verma Auto Agencies | AFM | Barabanki,17213AACA0099S,40,Pcs.,109.75,4390.0
2026-07-20,26-27/01766/Hero,Verma Auto Agencies | AFM | Barabanki,17213AACA0099S,20,Pcs.,109.75,2195.0
2026-07-20,26-27/01766/Hero,Verma Auto Agencies | AFM | Barabanki,17213AACA0099S,30,Pcs.,134.83,4044.9
2026-07-20,26-27/01766/Hero,Verma Auto Agencies | AFM | Barabanki,17213AACA0099S,50,Pcs.,109.75,5487.5
2026-07-20,26-27/01766/Hero,Verma Auto Agencies | AFM | Barabanki,17213AACA0099S,52,Pcs.,109.75,5707.0
2026-07-20,26-27/01766/Hero,Verma Auto Agencies | AFM | Barabanki,17213AACA0099S,8,Pcs.,109.75,878.0
2026-07-20,26-27/01766/Hero,Verma Auto Agencies | AFM | Barabanki,22870KWA910S,1,Pcs.,68.73,68.73
2026-07-20,26-27/01766/Hero,Verma Auto Agencies | AFM | Barabanki,52400AAH000RS,2,Pcs.,661.78,1323.56
2026-07-20,26-27/01766/Hero,Verma Auto Agencies | AFM | Barabanki,K53531HF100DS,3,Pcs.,37.63,112.89
2026-07-20,26-27/01766/Hero,Verma Auto Agencies | AFM | Barabanki,K91902HF100DS,9,Pcs.,42.02,378.18
2026-07-20,26-27/01766/Hero,Verma Auto Agencies | AFM | Barabanki,K91902HF100DS,1,Pcs.,43.9,43.9
2026-07-20,26-27/01766/Hero,Verma Auto Agencies | AFM | Barabanki,K91902HF100DS,12,Pcs.,47.03,564.36
2026-07-20,26-27/01766/Hero,Verma Auto Agencies | AFM | Barabanki,K91910KTCE900S,2,Pcs.,417.03,834.06
2026-07-20,26-27/01767/Hero,Verma Auto Agencies | AFM | Barabanki,17208AAT00099S,50,Pcs.,169.32,8466.0
2026-07-20,26-27/01767/Hero,Verma Auto Agencies | AFM | Barabanki,50500KTRA00S,5,Pcs.,269.66,1348.3
2026-07-20,26-27/01767/Hero,Verma Auto Agencies | AFM | Barabanki,50500KTRA00S,5,Pcs.,269.66,1348.3
2026-07-20,26-27/01767/Hero,Verma Auto Agencies | AFM | Barabanki,43120365H70S,100,Pcs.,56.44,5644.0
2026-07-20,26-27/01767/Hero,Verma Auto Agencies | AFM | Barabanki,43120365H70S,100,Pcs.,56.44,5644.0
2026-07-20,26-27/01767/Hero,Verma Auto Agencies | AFM | Barabanki,61100KTCA20ZAS,2,Pcs.,629.63,1259.26
2026-07-20,26-27/01767/Hero,Verma Auto Agencies | AFM | Barabanki,61100KTCA20ZAS,2,Pcs.,730.6,1461.2
2026-07-20,26-27/01767/Hero,Verma Auto Agencies | AFM | Barabanki,3310AAAGH20S,6,Pcs.,479.75,2878.5
2026-07-20,26-27/01767/Hero,Verma Auto Agencies | AFM | Barabanki,61311KWH970S,8,Pcs.,181.86,1454.88
2026-07-20,26-27/01767/Hero,Verma Auto Agencies | AFM | Barabanki,45010KTR700S,10,Pcs.,492.28,4922.8
2026-07-20,26-27/01767/Hero,Verma Auto Agencies | AFM | Barabanki,83402KWA830S,5,Pcs.,97.21,486.05
2026-07-20,26-27/01767/Hero,Verma Auto Agencies | AFM | Barabanki,35010AAEH00S,10,Pcs.,649.07,6490.7
2026-07-20,26-27/01767/Hero,Verma Auto Agencies | AFM | Barabanki,33703AAHA010099S,5,Pcs.,122.28,611.4
2026-07-20,26-27/01767/Hero,Verma Auto Agencies | AFM | Barabanki,33703AAHA010099S,5,Pcs.,122.28,611.4
2026-07-20,26-27/01767/Hero,Verma Auto Agencies | AFM | Barabanki,51104KST940S,10,Pcs.,116.02,1160.2
2026-07-20,26-27/01767/Hero,Verma Auto Agencies | AFM | Barabanki,35100AAEH00S,10,Pcs.,322.97,3229.7
2026-07-20,26-27/01767/Hero,Verma Auto Agencies | AFM | Barabanki,43120365H70S,100,Pcs.,56.44,5644.0
2026-07-20,26-27/01767/Hero,Verma Auto Agencies | AFM | Barabanki,43120365H70S,100,Pcs.,56.44,5644.0
2026-07-20,26-27/01767/Hero,Verma Auto Agencies | AFM | Barabanki,22870AANB00S,10,Pcs.,75.25,752.5
2026-07-20,26-27/01767/Hero,Verma Auto Agencies | AFM | Barabanki,22870AANB00S,10,Pcs.,75.25,752.5
2026-07-20,26-27/01767/Hero,Verma Auto Agencies | AFM | Barabanki,28120KWA942S,10,Pcs.,432.72,4327.2
2026-07-20,26-27/01767/Hero,Verma Auto Agencies | AFM | Barabanki,28120KWA942S,10,Pcs.,432.72,4327.2
2026-07-20,26-27/01767/Hero,Verma Auto Agencies | AFM | Barabanki,35100AADH00S,5,Pcs.,379.4,1897.0
2026-07-20,26-27/01767/Hero,Verma Auto Agencies | AFM | Barabanki,35100AADH00S,5,Pcs.,379.4,1897.0
2026-07-20,26-27/01767/Hero,Verma Auto Agencies | AFM | Barabanki,35100AAEH00S,10,Pcs.,322.97,3229.7
2026-07-20,26-27/01767/Hero,Verma Auto Agencies | AFM | Barabanki,17208AAT00099S,30,Pcs.,169.32,5079.6
2026-07-20,26-27/01767/Hero,Verma Auto Agencies | AFM | Barabanki,61311KTCA20S,3,Pcs.,228.9,686.7
2026-07-20,26-27/01767/Hero,Verma Auto Agencies | AFM | Barabanki,61311KWH970S,1,Pcs.,181.86,181.86
2026-07-20,26-27/01767/Hero,Verma Auto Agencies | AFM | Barabanki,17253KCC900S,4,Pcs.,55.19,220.76
2026-07-20,26-27/01767/Hero,Verma Auto Agencies | AFM | Barabanki,17253KCC900S,4,Pcs.,62.72,250.88
2026-07-20,26-27/01767/Hero,Verma Auto Agencies | AFM | Barabanki,51520KTC901S,2,Pcs.,555.0,1110.0
2026-07-20,26-27/01767/Hero,Verma Auto Agencies | AFM | Barabanki,61311KTCA20S,5,Pcs.,228.9,1144.5
2026-07-20,26-27/01767/Hero,Verma Auto Agencies | AFM | Barabanki,33702KCC830S,3,Pcs.,147.37,442.11
2026-07-20,26-27/01767/Hero,Verma Auto Agencies | AFM | Barabanki,42611KST940S,2,Pcs.,232.03,464.06
2026-07-20,26-27/01767/Hero,Verma Auto Agencies | AFM | Barabanki,42611KWA940S,1,Pcs.,291.61,291.61
2026-07-20,26-27/01767/Hero,Verma Auto Agencies | AFM | Barabanki,50803KWA940S,5,Pcs.,341.78,1708.9
2026-07-20,26-27/01767/Hero,Verma Auto Agencies | AFM | Barabanki,61311KWH970S,1,Pcs.,181.86,181.86
2026-07-20,26-27/01767/Hero,Verma Auto Agencies | AFM | Barabanki,14430KST940S,40,Pcs.,188.14,7525.6
2026-07-20,26-27/01767/Hero,Verma Auto Agencies | AFM | Barabanki,14510KWP900S,2,Pcs.,62.72,125.44
2026-07-20,26-27/01767/Hero,Verma Auto Agencies | AFM | Barabanki,14510KWP900S,3,Pcs.,65.84,197.52
2026-07-20,26-27/01767/Hero,Verma Auto Agencies | AFM | Barabanki,17253KCC900S,1,Pcs.,55.19,55.19
2026-07-20,26-27/01767/Hero,Verma Auto Agencies | AFM | Barabanki,17253KCC900S,1,Pcs.,62.72,62.72
2026-07-20,26-27/01767/Hero,Verma Auto Agencies | AFM | Barabanki,17570ACK00099S,1,Pcs.,279.07,279.07
2026-07-20,26-27/01767/Hero,Verma Auto Agencies | AFM | Barabanki,17570ACK00099S,1,Pcs.,285.34,285.34
2026-07-20,26-27/01767/Hero,Verma Auto Agencies | AFM | Barabanki,23461KTC901S,1,Pcs.,275.93,275.93
2026-07-20,26-27/01767/Hero,Verma Auto Agencies | AFM | Barabanki,23461KTC901S,3,Pcs.,288.47,865.41
2026-07-20,26-27/01767/Hero,Verma Auto Agencies | AFM | Barabanki,23471KTC902S,2,Pcs.,233.91,467.82
2026-07-20,26-27/01767/Hero,Verma Auto Agencies | AFM | Barabanki,23471KTC902S,1,Pcs.,260.25,260.25
2026-07-20,26-27/01767/Hero,Verma Auto Agencies | AFM | Barabanki,23471KTC902S,1,Pcs.,272.79,272.79
2026-07-20,26-27/01767/Hero,Verma Auto Agencies | AFM | Barabanki,28110AADH40S,1,Pcs.,302.9,302.9
2026-07-20,26-27/01767/Hero,Verma Auto Agencies | AFM | Barabanki,28110AADH40S,2,Pcs.,326.1,652.2
2026-07-20,26-27/01767/Hero,Verma Auto Agencies | AFM | Barabanki,28110AADH40S,1,Pcs.,332.37,332.37
2026-07-20,26-27/01767/Hero,Verma Auto Agencies | AFM | Barabanki,31120AAC201S,2,Pcs.,746.27,1492.54
2026-07-20,26-27/01767/Hero,Verma Auto Agencies | AFM | Barabanki,33702KCC830S,2,Pcs.,147.37,294.74
2026-07-20,26-27/01767/Hero,Verma Auto Agencies | AFM | Barabanki,33703AAF041S,4,Pcs.,145.49,581.96
2026-07-20,26-27/01767/Hero,Verma Auto Agencies | AFM | Barabanki,35200AAHA1099S,3,Pcs.,294.75,884.25
2026-07-20,26-27/01767/Hero,Verma Auto Agencies | AFM | Barabanki,35759KTRA01S,10,Pcs.,34.49,344.9
2026-07-20,26-27/01767/Hero,Verma Auto Agencies | AFM | Barabanki,52147KTC900S,20,Pcs.,31.35,627.0
2026-07-20,26-27/01767/Hero,Verma Auto Agencies | AFM | Barabanki,61311KTCA20S,2,Pcs.,228.9,457.8
2026-07-20,26-27/01767/Hero,Verma Auto Agencies | AFM | Barabanki,6410AAAGH20S,2,Pcs.,241.44,482.88
2026-07-20,26-27/01767/Hero,Verma Auto Agencies | AFM | Barabanki,64315KWA940S,10,Pcs.,62.72,627.2
2026-07-20,26-27/01767/Hero,Verma Auto Agencies | AFM | Barabanki,64316KWA940S,5,Pcs.,25.09,125.45
2026-07-20,26-27/01767/Hero,Verma Auto Agencies | AFM | Barabanki,90304159000S,10,Pcs.,37.63,376.3
2026-07-20,26-27/01767/Hero,Verma Auto Agencies | AFM | Barabanki,11321KWA940S,2,Pcs.,90.93,181.86
2026-07-20,26-27/01767/Hero,Verma Auto Agencies | AFM | Barabanki,11321KWA940S,16,Pcs.,94.07,1505.12
2026-07-20,26-27/01767/Hero,Verma Auto Agencies | AFM | Barabanki,13013GN5315LS,10,Pcs.,172.46,1724.6
2026-07-20,26-27/01767/Hero,Verma Auto Agencies | AFM | Barabanki,14520KTC902S,20,Pcs.,159.91,3198.2
2026-07-20,26-27/01767/Hero,Verma Auto Agencies | AFM | Barabanki,28120KTRA00AS,7,Pcs.,448.39,3138.73
2026-07-20,26-27/01767/Hero,Verma Auto Agencies | AFM | Barabanki,35150KWA841S,2,Pcs.,65.84,131.68
2026-07-20,26-27/01767/Hero,Verma Auto Agencies | AFM | Barabanki,35150KWA841S,9,Pcs.,72.12,649.08
2026-07-20,26-27/01767/Hero,Verma Auto Agencies | AFM | Barabanki,35150KWA841S,19,Pcs.,84.66,1608.54
2026-07-20,26-27/01767/Hero,Verma Auto Agencies | AFM | Barabanki,37800KTCA21S,4,Pcs.,288.47,1153.88
2026-07-20,26-27/01767/Hero,Verma Auto Agencies | AFM | Barabanki,91201GBG900S,50,Pcs.,37.63,1881.5
2026-07-20,26-27/01767/Hero,Verma Auto Agencies | AFM | Barabanki,18355KWH760S,5,Pcs.,203.45,1017.25
2026-07-20,26-27/01767/Hero,Verma Auto Agencies | AFM | Barabanki,18355KWH970S,2,Pcs.,242.7,485.4
2026-07-20,26-27/01767/Hero,Verma Auto Agencies | AFM | Barabanki,18355KWH970S,2,Pcs.,269.66,539.32
2026-07-20,26-27/01767/Hero,Verma Auto Agencies | AFM | Barabanki,6410AAAGH20S,5,Pcs.,241.44,1207.2
2026-07-20,26-27/01767/Hero,Verma Auto Agencies | AFM | Barabanki,13013GN5315LS,30,Pcs.,172.46,5173.8
2026-07-20,26-27/01767/Hero,Verma Auto Agencies | AFM | Barabanki,6410AAAGH20S,1,Pcs.,241.44,241.44
2026-07-20,26-27/01768/Hero,New Shiv Auto Spare | AFM | Bisalpur,83401KCC900SPROS,8,Pcs.,213.56,1708.48
2026-07-20,26-27/01768/Hero,New Shiv Auto Spare | AFM | Bisalpur,61100KST940ZAPROS,5,Pcs.,237.29,1186.45
2026-07-20,26-27/01768/Hero,New Shiv Auto Spare | AFM | Bisalpur,61100KST940ZAPROS,5,Pcs.,237.29,1186.45
2026-07-20,26-27/01768/Hero,New Shiv Auto Spare | AFM | Bisalpur,980565773800S,100,Pcs.,52.21,5221.0
2026-07-20,26-27/01769/Hero,Z R Auto Traders | AFM | Choupla,80100KWH970S,2,Pcs.,391.5,783.0
2026-07-20,26-27/01769/Hero,Z R Auto Traders | AFM | Choupla,20K450S,2,Pcs.,608.42,1216.84
2026-07-20,26-27/01769/Hero,Z R Auto Traders | AFM | Choupla,24K150LS,2,Pcs.,298.61,597.22
2026-07-20,26-27/01769/Hero,Z R Auto Traders | AFM | Choupla,33K131S,1,Pcs.,447.54,447.54
2026-07-20,26-27/01769/Hero,Z R Auto Traders | AFM | Choupla,33K131S,1,Pcs.,470.76,470.76
2026-07-20,26-27/01769/Hero,Z R Auto Traders | AFM | Choupla,33K132S,2,Pcs.,450.86,901.72
2026-07-20,26-27/01769/Hero,Z R Auto Traders | AFM | Choupla,43100153600HS,2,Pcs.,398.13,796.26
2026-07-20,26-27/01769/Hero,Z R Auto Traders | AFM | Choupla,K22222KTCE900S,2,Pcs.,416.1,832.2
2026-07-20,26-27/01769/Hero,Z R Auto Traders | AFM | Choupla,K22222KZAAW00VS,2,Pcs.,443.3,886.6
2026-07-20,26-27/01769/Hero,Z R Auto Traders | AFM | Choupla,53100AAE110S,3,Pcs.,338.41,1015.23
2026-07-20,26-27/01770/Hero,Shri Bala Ji Auto Parts | AFM | Aonla,53205ABS900RS,1,Pcs.,544.24,544.24
2026-07-20,26-27/01770/Hero,Shri Bala Ji Auto Parts | AFM | Aonla,61140ABS200S,1,Pcs.,154.58,154.58
2026-07-20,26-27/01770/Hero,Shri Bala Ji Auto Parts | AFM | Aonla,22110AAW300S,1,Pcs.,264.07,264.07
2026-07-20,26-27/01770/Hero,Shri Bala Ji Auto Parts | AFM | Aonla,22535AAW000S,1,Pcs.,508.81,508.81
2026-07-20,26-27/01770/Hero,Shri Bala Ji Auto Parts | AFM | Aonla,37213AAY001S,1,Pcs.,77.28,77.28
2026-07-20,26-27/01770/Hero,Shri Bala Ji Auto Parts | AFM | Aonla,45450AAY000S,1,Pcs.,112.72,112.72
2026-07-20,26-27/01770/Hero,Shri Bala Ji Auto Parts | AFM | Aonla,53172AALD00S,1,Pcs.,96.61,96.61
2026-07-20,26-27/01771/Hero,Pankaj Auto | AFM | Bisalpur,14401AAD00099S,10,Pcs.,94.07,940.7
2026-07-20,26-27/01771/Hero,Pankaj Auto | AFM | Bisalpur,14675178000S,10,Pcs.,40.76,407.6
2026-07-20,26-27/01771/Hero,Pankaj Auto | AFM | Bisalpur,15100KZAW00S,1,Pcs.,213.22,213.22
2026-07-20,26-27/01771/Hero,Pankaj Auto | AFM | Bisalpur,16100KWH762S,1,Pcs.,1411.02,1411.02
2026-07-20,26-27/01771/Hero,Pankaj Auto | AFM | Bisalpur,22870KCC900S,3,Pcs.,63.34,190.02
2026-07-20,26-27/01771/Hero,Pankaj Auto | AFM | Bisalpur,22870KCC900S,7,Pcs.,68.98,482.86
2026-07-20,26-27/01771/Hero,Pankaj Auto | AFM | Bisalpur,22K130LS,9,Pcs.,288.47,2596.23
2026-07-20,26-27/01771/Hero,Pankaj Auto | AFM | Bisalpur,22K130LS,2,Pcs.,313.56,627.12
2026-07-20,26-27/01771/Hero,Pankaj Auto | AFM | Bisalpur,23461GK4760S,3,Pcs.,282.21,846.63
2026-07-20,26-27/01771/Hero,Pankaj Auto | AFM | Bisalpur,24211GF6000RS,20,Pcs.,203.81,4076.2
2026-07-20,26-27/01771/Hero,Pankaj Auto | AFM | Bisalpur,24K150LS,4,Pcs.,282.21,1128.84
2026-07-20,26-27/01771/Hero,Pankaj Auto | AFM | Bisalpur,28110AADH40S,2,Pcs.,332.37,664.74
2026-07-20,26-27/01771/Hero,Pankaj Auto | AFM | Bisalpur,35130AAD00099S,5,Pcs.,37.63,188.15
2026-07-20,26-27/01771/Hero,Pankaj Auto | AFM | Bisalpur,35130ABH501S,5,Pcs.,47.03,235.15
2026-07-20,26-27/01771/Hero,Pankaj Auto | AFM | Bisalpur,35130ABH502S,1,Pcs.,43.9,43.9
2026-07-20,26-27/01771/Hero,Pankaj Auto | AFM | Bisalpur,35130ABH502S,2,Pcs.,47.03,94.06
2026-07-20,26-27/01771/Hero,Pankaj Auto | AFM | Bisalpur,50803KST940S,2,Pcs.,438.98,877.96
2026-07-20,26-27/01771/Hero,Pankaj Auto | AFM | Bisalpur,53178AAFH00S,20,Pcs.,62.72,1254.4
2026-07-20,26-27/01771/Hero,Pankaj Auto | AFM | Bisalpur,61311AAC200S,5,Pcs.,206.95,1034.75
2026-07-20,26-27/01771/Hero,Pankaj Auto | AFM | Bisalpur,91001GF6000S,10,Pcs.,125.42,1254.2
2026-07-20,26-27/01771/Hero,Pankaj Auto | AFM | Bisalpur,K10122HF100DS,1,Pcs.,159.28,159.28
2026-07-20,26-27/01771/Hero,Pankaj Auto | AFM | Bisalpur,K10122KSTG940DS,5,Pcs.,363.73,1818.65
2026-07-20,26-27/01771/Hero,Pankaj Auto | AFM | Bisalpur,K14147AATA000S,1,Pcs.,288.47,288.47
2026-07-20,26-27/01771/Hero,Pankaj Auto | AFM | Bisalpur,K14147AATA000S,2,Pcs.,310.42,620.84
2026-07-20,26-27/01771/Hero,Pankaj Auto | AFM | Bisalpur,K14147AATA000S,1,Pcs.,326.1,326.1
2026-07-20,26-27/01771/Hero,Pankaj Auto | AFM | Bisalpur,16100KSTA12S,1,Pcs.,1514.49,1514.49
2026-07-20,26-27/01771/Hero,Pankaj Auto | AFM | Bisalpur,16100KWH762S,4,Pcs.,1411.02,5644.08
2026-07-20,26-27/01771/Hero,Pankaj Auto | AFM | Bisalpur,22K130LS,8,Pcs.,288.47,2307.76
2026-07-20,26-27/01771/Hero,Pankaj Auto | AFM | Bisalpur,22K130LS,1,Pcs.,297.88,297.88
2026-07-20,26-27/01771/Hero,Pankaj Auto | AFM | Bisalpur,24K150LS,6,Pcs.,282.21,1693.26
2026-07-20,26-27/01771/Hero,Pankaj Auto | AFM | Bisalpur,50803KTC900S,1,Pcs.,460.93,460.93
2026-07-20,26-27/01771/Hero,Pankaj Auto | AFM | Bisalpur,K10122HF100DS,4,Pcs.,159.28,637.12
2026-07-20,26-27/01771/Hero,Pankaj Auto | AFM | Bisalpur,K14147AATA000S,1,Pcs.,310.42,310.42
2026-07-20,26-27/01771/Hero,Pankaj Auto | AFM | Bisalpur,K40405KCCA901S,1,Pcs.,338.02,338.02
2026-07-20,26-27/01771/Hero,Pankaj Auto | AFM | Bisalpur,K40405KCCA901S,2,Pcs.,354.32,708.64
2026-07-20,26-27/01771/Hero,Pankaj Auto | AFM | Bisalpur,50803KCC900S,2,Pcs.,401.35,802.7
2026-07-20,26-27/01771/Hero,Pankaj Auto | AFM | Bisalpur,50803KTC900S,1,Pcs.,460.93,460.93
2026-07-20,26-27/01771/Hero,Pankaj Auto | AFM | Bisalpur,50803KWA940S,1,Pcs.,341.78,341.78
2026-07-20,26-27/01771/Hero,Pankaj Auto | AFM | Bisalpur,51410KCC900S,10,Pcs.,536.19,5361.9
2026-07-20,26-27/01772/Hero,Dharamveer Auto Parts | AFM | Faridpur,61100KST940ZAPROS,5,Pcs.,228.81,1144.05
2026-07-20,26-27/01773/Hero,Sanjay Cycles | C B Ganj,20K710S,20,Pcs.,432.2,8644.0
2026-07-20,26-27/01774/Hero,Sartaz Auto Service | AFM | Choupla,14520KTC902S,1,Pcs.,156.16,156.16
2026-07-20,26-27/01774/Hero,Sartaz Auto Service | AFM | Choupla,14610086000RS,5,Pcs.,65.34,326.7
2026-07-20,26-27/01774/Hero,Sartaz Auto Service | AFM | Choupla,22810198000S,2,Pcs.,50.66,101.32
2026-07-20,26-27/01774/Hero,Sartaz Auto Service | AFM | Choupla,22870KWA940S,5,Pcs.,77.67,388.35
2026-07-20,26-27/01774/Hero,Sartaz Auto Service | AFM | Choupla,35100AAEH00S,1,Pcs.,336.5,336.5
2026-07-20,26-27/01774/Hero,Sartaz Auto Service | AFM | Choupla,35150AAC811S,5,Pcs.,101.31,506.55
2026-07-20,26-27/01774/Hero,Sartaz Auto Service | AFM | Choupla,38501AAW30099S,4,Pcs.,108.06,432.24
2026-07-20,26-27/01774/Hero,Sartaz Auto Service | AFM | Choupla,45451AAF400S,40,Pcs.,10.13,405.2
2026-07-20,26-27/01774/Hero,Sartaz Auto Service | AFM | Choupla,50701KWA830S,2,Pcs.,131.7,263.4
2026-07-20,26-27/01774/Hero,Sartaz Auto Service | AFM | Choupla,61102KZAW00S,2,Pcs.,54.04,108.08
2026-07-20,26-27/01774/Hero,Sartaz Auto Service | AFM | Choupla,64315AAC220S,10,Pcs.,10.13,101.3
2026-07-20,26-27/01774/Hero,Sartaz Auto Service | AFM | Choupla,50500KTRA00S,1,Pcs.,290.44,290.44
2026-07-20,26-27/01775/Hero,Aakash Auto Service | AFM | Chaupla,44701AACH00S,4,Pcs.,463.08,1852.32
2026-07-20,26-27/01775/Hero,Aakash Auto Service | AFM | Chaupla,50500KTRA00S,5,Pcs.,276.95,1384.75
2026-07-20,26-27/01775/Hero,Aakash Auto Service | AFM | Chaupla,42702KWP900S,1,Pcs.,418.65,418.65
2026-07-20,26-27/01775/Hero,Aakash Auto Service | AFM | Chaupla,42702KWP900S,1,Pcs.,418.65,418.65
2026-07-20,26-27/01775/Hero,Aakash Auto Service | AFM | Chaupla,42702KWP900S,1,Pcs.,418.65,418.65
2026-07-20,26-27/01775/Hero,Aakash Auto Service | AFM | Chaupla,42702KWP900S,1,Pcs.,457.28,457.28
2026-07-20,26-27/01775/Hero,Aakash Auto Service | AFM | Chaupla,53100KCC710S,3,Pcs.,312.38,937.14
2026-07-20,26-27/01775/Hero,Aakash Auto Service | AFM | Chaupla,12391AAW000S,3,Pcs.,170.68,512.04
2026-07-20,26-27/01775/Hero,Aakash Auto Service | AFM | Chaupla,12391KWP900S,2,Pcs.,54.74,109.48
2026-07-20,26-27/01775/Hero,Aakash Auto Service | AFM | Chaupla,22870KWA940S,3,Pcs.,77.28,231.84
2026-07-20,26-27/01775/Hero,Aakash Auto Service | AFM | Chaupla,24K150LS,4,Pcs.,289.83,1159.32
2026-07-20,26-27/01775/Hero,Aakash Auto Service | AFM | Chaupla,24K160S,1,Pcs.,276.95,276.95
2026-07-20,26-27/01775/Hero,Aakash Auto Service | AFM | Chaupla,3340BAAW00099S,2,Pcs.,190.0,380.0
2026-07-20,26-27/01775/Hero,Aakash Auto Service | AFM | Chaupla,3345BAAW00099S,2,Pcs.,144.92,289.84
2026-07-20,26-27/01775/Hero,Aakash Auto Service | AFM | Chaupla,35130AAD00099S,2,Pcs.,26.41,52.82
2026-07-20,26-27/01775/Hero,Aakash Auto Service | AFM | Chaupla,44830KST940S,4,Pcs.,65.05,260.2
2026-07-20,26-27/01775/Hero,Aakash Auto Service | AFM | Chaupla,44830KWA830S,1,Pcs.,59.26,59.26
2026-07-20,26-27/01775/Hero,Aakash Auto Service | AFM | Chaupla,44830KWA830S,4,Pcs.,64.41,257.64
2026-07-20,26-27/01775/Hero,Aakash Auto Service | AFM | Chaupla,45010KTR700S,2,Pcs.,505.59,1011.18
2026-07-20,26-27/01775/Hero,Aakash Auto Service | AFM | Chaupla,45450KCC900S,10,Pcs.,90.17,901.7
2026-07-20,26-27/01775/Hero,Aakash Auto Service | AFM | Chaupla,51410KCC900S,2,Pcs.,550.68,1101.36
2026-07-20,26-27/01775/Hero,Aakash Auto Service | AFM | Chaupla,52400KWA90099S,2,Pcs.,689.15,1378.3
2026-07-20,26-27/01775/Hero,Aakash Auto Service | AFM | Chaupla,61102KZAW00S,3,Pcs.,51.53,154.59
2026-07-20,26-27/01775/Hero,Aakash Auto Service | AFM | Chaupla,12391AAW000S,2,Pcs.,170.68,341.36
2026-07-20,26-27/01775/Hero,Aakash Auto Service | AFM | Chaupla,12391KWP900S,8,Pcs.,54.74,437.92
2026-07-20,26-27/01775/Hero,Aakash Auto Service | AFM | Chaupla,14430KST940S,1,Pcs.,159.73,159.73
2026-07-20,26-27/01775/Hero,Aakash Auto Service | AFM | Chaupla,14430KST940S,1,Pcs.,173.89,173.89
2026-07-20,26-27/01775/Hero,Aakash Auto Service | AFM | Chaupla,14430KST940S,4,Pcs.,193.22,772.88
2026-07-20,26-27/01775/Hero,Aakash Auto Service | AFM | Chaupla,20K710S,5,Pcs.,466.97,2334.85
2026-07-20,26-27/01775/Hero,Aakash Auto Service | AFM | Chaupla,22870KWA940S,12,Pcs.,77.28,927.36
2026-07-20,26-27/01775/Hero,Aakash Auto Service | AFM | Chaupla,24K150LS,6,Pcs.,289.83,1738.98
2026-07-20,26-27/01775/Hero,Aakash Auto Service | AFM | Chaupla,24K160S,1,Pcs.,280.17,280.17
2026-07-20,26-27/01775/Hero,Aakash Auto Service | AFM | Chaupla,24K160S,1,Pcs.,276.95,276.95
2026-07-20,26-27/01775/Hero,Aakash Auto Service | AFM | Chaupla,44830KST940S,16,Pcs.,65.05,1040.8
2026-07-20,26-27/01775/Hero,Aakash Auto Service | AFM | Chaupla,50530KST940S,5,Pcs.,86.95,434.75
2026-07-20,26-27/01775/Hero,Aakash Auto Service | AFM | Chaupla,K50505ACKH700S,5,Pcs.,115.93,579.65
2026-07-20,26-27/01775/Hero,Aakash Auto Service | AFM | Chaupla,20K710S,10,Pcs.,466.97,4669.7
2026-07-21,26-27/01776/Hero,Ramesh Auto Service | AFM | Aonla,20K710S,10,Pcs.,462.0,4620.0
2026-07-21,26-27/01776/Hero,Ramesh Auto Service | AFM | Aonla,20K710S,10,Pcs.,444.0,4440.0
2026-07-21,26-27/01776/Hero,Ramesh Auto Service | AFM | Aonla,33K111S,10,Pcs.,427.64,4276.4
2026-07-21,26-27/01776/Hero,Ramesh Auto Service | AFM | Aonla,33K112S,10,Pcs.,437.59,4375.9
2026-07-21,26-27/01776/Hero,Ramesh Auto Service | AFM | Aonla,22201GF6000S,8,Pcs.,62.97,503.76
2026-07-21,26-27/01776/Hero,Ramesh Auto Service | AFM | Aonla,31120ACK012S,1,Pcs.,829.45,829.45
2026-07-21,26-27/01776/Hero,Ramesh Auto Service | AFM | Aonla,3310BKCC710AS,2,Pcs.,371.6,743.2
2026-07-21,26-27/01776/Hero,Ramesh Auto Service | AFM | Aonla,35010AAGH20S,2,Pcs.,700.06,1400.12
2026-07-21,26-27/01776/Hero,Ramesh Auto Service | AFM | Aonla,35100AACH01S,5,Pcs.,348.37,1741.85
2026-07-21,26-27/01776/Hero,Ramesh Auto Service | AFM | Aonla,35100AAEH00S,1,Pcs.,362.46,362.46
2026-07-21,26-27/01776/Hero,Ramesh Auto Service | AFM | Aonla,37610AAH102S,4,Pcs.,106.17,424.68
2026-07-21,26-27/01776/Hero,Ramesh Auto Service | AFM | Aonla,K22222KTNA900S,5,Pcs.,1053.77,5268.85
2026-07-21,26-27/01776/Hero,Ramesh Auto Service | AFM | Aonla,14502086000RS,15,Pcs.,57.74,866.1
2026-07-21,26-27/01776/Hero,Ramesh Auto Service | AFM | Aonla,14510AANB00S,1,Pcs.,49.77,49.77
2026-07-21,26-27/01776/Hero,Ramesh Auto Service | AFM | Aonla,14610AANB00S,5,Pcs.,39.82,199.1
2026-07-21,26-27/01776/Hero,Ramesh Auto Service | AFM | Aonla,22121198900S,13,Pcs.,195.66,2543.58
2026-07-21,26-27/01776/Hero,Ramesh Auto Service | AFM | Aonla,22201GF6000S,192,Pcs.,62.97,12090.24
2026-07-21,26-27/01776/Hero,Ramesh Auto Service | AFM | Aonla,22870KWA940S,20,Pcs.,76.24,1524.8
2026-07-21,26-27/01776/Hero,Ramesh Auto Service | AFM | Aonla,24K150LS,2,Pcs.,298.61,597.22
2026-07-21,26-27/01776/Hero,Ramesh Auto Service | AFM | Aonla,29K210S,30,Pcs.,38.49,1154.7
2026-07-21,26-27/01776/Hero,Ramesh Auto Service | AFM | Aonla,33K151S,2,Pcs.,424.32,848.64
2026-07-21,26-27/01776/Hero,Ramesh Auto Service | AFM | Aonla,33K152S,2,Pcs.,398.44,796.88
2026-07-21,26-27/01776/Hero,Ramesh Auto Service | AFM | Aonla,36532ACK001S,1,Pcs.,756.46,756.46
2026-07-21,26-27/01776/Hero,Ramesh Auto Service | AFM | Aonla,42301ABA000S,5,Pcs.,72.99,364.95
2026-07-21,26-27/01776/Hero,Ramesh Auto Service | AFM | Aonla,52101KTC900S,4,Pcs.,53.09,212.36
2026-07-21,26-27/01776/Hero,Ramesh Auto Service | AFM | Aonla,53178AAFH00S,10,Pcs.,66.36,663.6
2026-07-21,26-27/01776/Hero,Ramesh Auto Service | AFM | Aonla,90801035000S,30,Pcs.,9.95,298.5
2026-07-21,26-27/01776/Hero,Ramesh Auto Service | AFM | Aonla,12209GB4685S,100,Pcs.,33.18,3318.0
2026-07-21,26-27/01776/Hero,Ramesh Auto Service | AFM | Aonla,14401KCW851S,3,Pcs.,233.69,701.07
2026-07-21,26-27/01776/Hero,Ramesh Auto Service | AFM | Aonla,14401KTE910S,5,Pcs.,110.36,551.8
2026-07-21,26-27/01776/Hero,Ramesh Auto Service | AFM | Aonla,14502086000RS,15,Pcs.,57.74,866.1
2026-07-21,26-27/01776/Hero,Ramesh Auto Service | AFM | Aonla,14510AANB00S,1,Pcs.,46.45,46.45
2026-07-21,26-27/01776/Hero,Ramesh Auto Service | AFM | Aonla,14510AANB00S,3,Pcs.,49.77,149.31
2026-07-21,26-27/01776/Hero,Ramesh Auto Service | AFM | Aonla,14566086030S,40,Pcs.,6.41,256.4
2026-07-21,26-27/01776/Hero,Ramesh Auto Service | AFM | Aonla,14610086000RS,25,Pcs.,57.74,1443.5
2026-07-21,26-27/01776/Hero,Ramesh Auto Service | AFM | Aonla,14610086000RS,25,Pcs.,64.16,1604.0
2026-07-21,26-27/01776/Hero,Ramesh Auto Service | AFM | Aonla,14670035030LS,20,Pcs.,69.67,1393.4
2026-07-21,26-27/01776/Hero,Ramesh Auto Service | AFM | Aonla,22121198900S,12,Pcs.,195.66,2347.92
2026-07-21,26-27/01776/Hero,Ramesh Auto Service | AFM | Aonla,22121AAHF01S,4,Pcs.,179.82,719.28
2026-07-21,26-27/01776/Hero,Ramesh Auto Service | AFM | Aonla,22121AAHF01S,1,Pcs.,209.02,209.02
2026-07-21,26-27/01776/Hero,Ramesh Auto Service | AFM | Aonla,22350AAF400S,5,Pcs.,119.37,596.85
2026-07-21,26-27/01776/Hero,Ramesh Auto Service | AFM | Aonla,24211GF6000RS,5,Pcs.,208.49,1042.45
2026-07-21,26-27/01776/Hero,Ramesh Auto Service | AFM | Aonla,24K150LS,8,Pcs.,298.61,2388.88
2026-07-21,26-27/01776/Hero,Ramesh Auto Service | AFM | Aonla,31120ACK011S,1,Pcs.,796.27,796.27
2026-07-21,26-27/01776/Hero,Ramesh Auto Service | AFM | Aonla,33K153S,1,Pcs.,437.59,437.59
2026-07-21,26-27/01776/Hero,Ramesh Auto Service | AFM | Aonla,35100AAEH00S,1,Pcs.,362.46,362.46
2026-07-21,26-27/01776/Hero,Ramesh Auto Service | AFM | Aonla,36532ACK001S,1,Pcs.,756.46,756.46
2026-07-21,26-27/01776/Hero,Ramesh Auto Service | AFM | Aonla,37610AAH102S,1,Pcs.,109.49,109.49
2026-07-21,26-27/01776/Hero,Ramesh Auto Service | AFM | Aonla,52101KTC900S,1,Pcs.,53.09,53.09
2026-07-21,26-27/01776/Hero,Ramesh Auto Service | AFM | Aonla,90801035000S,10,Pcs.,9.95,99.5
2026-07-21,26-27/01777/Hero,Rajeev Auto Mobile | AFM | Choupla,61100KST940ZAS,2,Pcs.,616.52,1233.04
2026-07-21,26-27/01777/Hero,Rajeev Auto Mobile | AFM | Choupla,83401KCC900SS,5,Pcs.,371.82,1859.1
2026-07-21,26-27/01777/Hero,Rajeev Auto Mobile | AFM | Choupla,45450AAF400S,6,Pcs.,157.63,945.78
2026-07-21,26-27/01777/Hero,Rajeev Auto Mobile | AFM | Choupla,61100KST940ZAS,2,Pcs.,616.52,1233.04
2026-07-21,26-27/01777/Hero,Rajeev Auto Mobile | AFM | Choupla,1450AACK000S,2,Pcs.,76.27,152.54
2026-07-21,26-27/01777/Hero,Rajeev Auto Mobile | AFM | Choupla,1450AACK000S,18,Pcs.,79.45,1430.1
2026-07-21,26-27/01777/Hero,Rajeev Auto Mobile | AFM | Choupla,14550GB0910RS,20,Pcs.,69.91,1398.2
2026-07-21,26-27/01777/Hero,Rajeev Auto Mobile | AFM | Choupla,28110ACK010S,2,Pcs.,336.86,673.72
2026-07-21,26-27/01777/Hero,Rajeev Auto Mobile | AFM | Choupla,28120KWA942S,1,Pcs.,413.14,413.14
2026-07-21,26-27/01777/Hero,Rajeev Auto Mobile | AFM | Choupla,28120KWA942S,4,Pcs.,438.56,1754.24
2026-07-21,26-27/01777/Hero,Rajeev Auto Mobile | AFM | Choupla,30700ACK00099S,20,Pcs.,69.91,1398.2
2026-07-21,26-27/01777/Hero,Rajeev Auto Mobile | AFM | Choupla,45450AAF400S,4,Pcs.,157.63,630.52
2026-07-21,26-27/01777/Hero,Rajeev Auto Mobile | AFM | Choupla,50400ADH800DS,1,Pcs.,702.33,702.33
2026-07-21,26-27/01777/Hero,Rajeev Auto Mobile | AFM | Choupla,K41412AANNB00S,5,Pcs.,533.89,2669.45
2026-07-21,26-27/01777/Hero,Rajeev Auto Mobile | AFM | Choupla,45450AAJ100S,20,Pcs.,98.52,1970.4
2026-07-21,26-27/01777/Hero,Rajeev Auto Mobile | AFM | Choupla,22870KWA940S,50,Pcs.,76.27,3813.5
2026-07-21,26-27/01778/Hero,Sushil Auto Parts | AFM | Choupla,14430KST940S,4,Pcs.,202.63,810.52
2026-07-21,26-27/01778/Hero,Sushil Auto Parts | AFM | Choupla,17211KWF950S,10,Pcs.,128.33,1283.3
2026-07-21,26-27/01778/Hero,Sushil Auto Parts | AFM | Choupla,17211KWP900S,2,Pcs.,135.08,270.16
2026-07-21,26-27/01778/Hero,Sushil Auto Parts | AFM | Choupla,17211KWP900S,3,Pcs.,168.85,506.55
2026-07-21,26-27/01778/Hero,Sushil Auto Parts | AFM | Choupla,23441GB4770S,2,Pcs.,418.76,837.52
2026-07-21,26-27/01778/Hero,Sushil Auto Parts | AFM | Choupla,23461GK4760S,2,Pcs.,303.94,607.88
2026-07-21,26-27/01778/Hero,Sushil Auto Parts | AFM | Choupla,24K150LS,5,Pcs.,303.94,1519.7
2026-07-21,26-27/01778/Hero,Sushil Auto Parts | AFM | Choupla,25K180S,1,Pcs.,284.24,284.24
2026-07-21,26-27/01778/Hero,Sushil Auto Parts | AFM | Choupla,25K180S,3,Pcs.,290.85,872.55
2026-07-21,26-27/01778/Hero,Sushil Auto Parts | AFM | Choupla,30700ACK00099S,1,Pcs.,67.55,67.55
2026-07-21,26-27/01778/Hero,Sushil Auto Parts | AFM | Choupla,30700ACK00099S,9,Pcs.,74.3,668.7
2026-07-21,26-27/01778/Hero,Sushil Auto Parts | AFM | Choupla,31600KZN901S,2,Pcs.,324.2,648.4
2026-07-21,26-27/01778/Hero,Sushil Auto Parts | AFM | Choupla,35850KR3870S,4,Pcs.,192.5,770.0
2026-07-21,26-27/01778/Hero,Sushil Auto Parts | AFM | Choupla,37800ACK00099S,1,Pcs.,243.15,243.15
2026-07-21,26-27/01778/Hero,Sushil Auto Parts | AFM | Choupla,41241KTC900S,20,Pcs.,19.6,392.0
2026-07-21,26-27/01778/Hero,Sushil Auto Parts | AFM | Choupla,42303KTR900S,10,Pcs.,50.66,506.6
2026-07-21,26-27/01778/Hero,Sushil Auto Parts | AFM | Choupla,45132KCC841S,10,Pcs.,10.13,101.3
2026-07-21,26-27/01778/Hero,Sushil Auto Parts | AFM | Choupla,45133KCC841S,30,Pcs.,10.13,303.9
2026-07-21,26-27/01778/Hero,Sushil Auto Parts | AFM | Choupla,53178AAFH00S,2,Pcs.,62.14,124.28
2026-07-21,26-27/01778/Hero,Sushil Auto Parts | AFM | Choupla,53178AAFH00S,3,Pcs.,67.55,202.65
2026-07-21,26-27/01778/Hero,Sushil Auto Parts | AFM | Choupla,K91902HF100DS,10,Pcs.,50.66,506.6
2026-07-21,26-27/01778/Hero,Sushil Auto Parts | AFM | Choupla,14431035020RS,2,Pcs.,161.77,323.54
2026-07-21,26-27/01778/Hero,Sushil Auto Parts | AFM | Choupla,17213AACA0099S,10,Pcs.,145.21,1452.1
2026-07-21,26-27/01779/Hero,L K Auto Traders | AFM | Stadium Road,14500KBB900S,1,Pcs.,120.77,120.77
2026-07-21,26-27/01779/Hero,L K Auto Traders | AFM | Stadium Road,24261121742S,20,Pcs.,3.18,63.6
2026-07-21,26-27/01779/Hero,L K Auto Traders | AFM | Stadium Road,35130ABH502S,1,Pcs.,44.49,44.49
2026-07-21,26-27/01779/Hero,L K Auto Traders | AFM | Stadium Road,35130ABH502S,13,Pcs.,47.67,619.71
2026-07-21,26-27/01779/Hero,L K Auto Traders | AFM | Stadium Road,35130ABH502S,6,Pcs.,54.02,324.12
2026-07-21,26-27/01780/Hero,Pramod Service Center | AFM | Ballia,61301AAC800S,1,Pcs.,347.84,347.84
2026-07-21,26-27/01780/Hero,Pramod Service Center | AFM | Ballia,61323AAC800ZS,1,Pcs.,253.29,253.29
2026-07-21,26-27/01780/Hero,Pramod Service Center | AFM | Ballia,64100AAC800S,1,Pcs.,246.53,246.53
2026-07-21,26-27/01780/Hero,Pramod Service Center | AFM | Ballia,61322AAC800US,1,Pcs.,217.49,217.49
2026-07-21,26-27/01780/Hero,Pramod Service Center | AFM | Ballia,61000AAC800US,1,Pcs.,786.87,786.87
2026-07-21,26-27/01780/Hero,Pramod Service Center | AFM | Ballia,32100AAC810S,1,Pcs.,2026.27,2026.27
2026-07-21,26-27/01780/Hero,Pramod Service Center | AFM | Ballia,61325AAC800S,1,Pcs.,121.57,121.57
2026-07-21,26-27/01780/Hero,Pramod Service Center | AFM | Ballia,8340BAAC800S,1,Pcs.,189.8,189.8
2026-07-21,26-27/01781/Hero,Jai Hanuman Autoparts | AFM | Aonla,14610086000RS,10,Pcs.,65.34,653.4
2026-07-21,26-27/01781/Hero,Jai Hanuman Autoparts | AFM | Aonla,14670035030LS,15,Pcs.,67.55,1013.25
2026-07-21,26-27/01781/Hero,Jai Hanuman Autoparts | AFM | Aonla,45125KCCH00S,6,Pcs.,64.17,385.02
2026-07-21,26-27/01781/Hero,Jai Hanuman Autoparts | AFM | Aonla,45125KCCH00S,4,Pcs.,67.55,270.2
2026-07-21,26-27/01782/Hero,Pramod Service Center | AFM | Ballia,17208AAT00099S,15,Pcs.,182.36,2735.4
2026-07-21,26-27/01782/Hero,Pramod Service Center | AFM | Ballia,88110AAEH31S,10,Pcs.,118.2,1182.0
2026-07-21,26-27/01782/Hero,Pramod Service Center | AFM | Ballia,88120AAHH00S,10,Pcs.,108.06,1080.6
2026-07-21,26-27/01782/Hero,Pramod Service Center | AFM | Ballia,33K112S,1,Pcs.,445.72,445.72
2026-07-21,26-27/01782/Hero,Pramod Service Center | AFM | Ballia,38110KWA93099S,5,Pcs.,165.48,827.4
2026-07-21,26-27/01782/Hero,Pramod Service Center | AFM | Ballia,43125KST940S,12,Pcs.,94.56,1134.72
2026-07-21,26-27/01782/Hero,Pramod Service Center | AFM | Ballia,43451AAHF00S,5,Pcs.,47.28,236.4
2026-07-21,26-27/01782/Hero,Pramod Service Center | AFM | Ballia,77340AAE1000S,1,Pcs.,189.12,189.12
2026-07-21,26-27/01782/Hero,Pramod Service Center | AFM | Ballia,77350AAE1000S,1,Pcs.,175.61,175.61
2026-07-21,26-27/01782/Hero,Pramod Service Center | AFM | Ballia,77350AAE1000S,3,Pcs.,178.99,536.97
2026-07-21,26-27/01782/Hero,Pramod Service Center | AFM | Ballia,16100AAC701S,1,Pcs.,1702.06,1702.06
2026-07-21,26-27/01782/Hero,Pramod Service Center | AFM | Ballia,17620KWA930HS,3,Pcs.,229.65,688.95
2026-07-21,26-27/01782/Hero,Pramod Service Center | AFM | Ballia,30700AAE30099S,10,Pcs.,64.17,641.7
2026-07-21,26-27/01782/Hero,Pramod Service Center | AFM | Ballia,32100AAHA00S,1,Pcs.,749.72,749.72
2026-07-21,26-27/01782/Hero,Pramod Service Center | AFM | Ballia,33K112S,1,Pcs.,397.08,397.08
2026-07-21,26-27/01782/Hero,Pramod Service Center | AFM | Ballia,33K112S,1,Pcs.,445.72,445.72
2026-07-21,26-27/01782/Hero,Pramod Service Center | AFM | Ballia,42301ABA000S,5,Pcs.,74.3,371.5
2026-07-21,26-27/01782/Hero,Pramod Service Center | AFM | Ballia,43125KST940S,6,Pcs.,94.56,567.36
2026-07-21,26-27/01782/Hero,Pramod Service Center | AFM | Ballia,43125KST940S,2,Pcs.,87.13,174.26
2026-07-21,26-27/01783/Hero,Shri Bala Ji Auto Parts | AFM | Aonla,14401AAW00099S,2,Pcs.,157.8,315.6
2026-07-21,26-27/01783/Hero,Shri Bala Ji Auto Parts | AFM | Aonla,14675178000S,10,Pcs.,41.86,418.6
2026-07-21,26-27/01783/Hero,Shri Bala Ji Auto Parts | AFM | Aonla,17910AAGA00S,5,Pcs.,93.39,466.95
2026-07-21,26-27/01783/Hero,Shri Bala Ji Auto Parts | AFM | Aonla,22121198900S,5,Pcs.,209.32,1046.6
2026-07-21,26-27/01783/Hero,Shri Bala Ji Auto Parts | AFM | Aonla,22K130LS,10,Pcs.,322.04,3220.4
2026-07-21,26-27/01783/Hero,Shri Bala Ji Auto Parts | AFM | Aonla,24610KST940S,1,Pcs.,196.44,196.44
2026-07-21,26-27/01783/Hero,Shri Bala Ji Auto Parts | AFM | Aonla,3370BAAHA010099S,2,Pcs.,260.85,521.7
2026-07-21,26-27/01783/Hero,Shri Bala Ji Auto Parts | AFM | Aonla,37300AAE102S,1,Pcs.,115.93,115.93
2026-07-21,26-27/01783/Hero,Shri Bala Ji Auto Parts | AFM | Aonla,37300AAE102S,1,Pcs.,128.81,128.81
2026-07-21,26-27/01783/Hero,Shri Bala Ji Auto Parts | AFM | Aonla,37800AAE30099S,1,Pcs.,305.93,305.93
2026-07-21,26-27/01783/Hero,Shri Bala Ji Auto Parts | AFM | Aonla,43100153600HS,2,Pcs.,431.53,863.06
2026-07-21,26-27/01783/Hero,Shri Bala Ji Auto Parts | AFM | Aonla,43120365H70S,2,Pcs.,51.53,103.06
2026-07-21,26-27/01783/Hero,Shri Bala Ji Auto Parts | AFM | Aonla,43120365H70S,2,Pcs.,53.14,106.28
2026-07-21,26-27/01783/Hero,Shri Bala Ji Auto Parts | AFM | Aonla,43120365H70S,6,Pcs.,54.74,328.44
2026-07-21,26-27/01783/Hero,Shri Bala Ji Auto Parts | AFM | Aonla,45125AAHF0099S,2,Pcs.,94.68,189.36
2026-07-21,26-27/01783/Hero,Shri Bala Ji Auto Parts | AFM | Aonla,45125AAHF0099S,2,Pcs.,103.05,206.1
2026-07-21,26-27/01783/Hero,Shri Bala Ji Auto Parts | AFM | Aonla,45125KCCH00S,2,Pcs.,59.58,119.16
2026-07-21,26-27/01783/Hero,Shri Bala Ji Auto Parts | AFM | Aonla,45125KCCH00S,6,Pcs.,61.19,367.14
2026-07-21,26-27/01783/Hero,Shri Bala Ji Auto Parts | AFM | Aonla,45125KCCH00S,2,Pcs.,52.81,105.62
2026-07-21,26-27/01783/Hero,Shri Bala Ji Auto Parts | AFM | Aonla,61311KTCA20S,2,Pcs.,235.08,470.16
2026-07-21,26-27/01784/Hero,Surendr Cycle | AFM | C B Ganj,88110AAEH31S,20,Pcs.,112.72,2254.4
2026-07-21,26-27/01784/Hero,Surendr Cycle | AFM | C B Ganj,80102KCC900S,25,Pcs.,35.42,885.5
2026-07-21,26-27/01784/Hero,Surendr Cycle | AFM | C B Ganj,80102KCC900S,2,Pcs.,35.42,70.84
2026-07-21,26-27/01784/Hero,Surendr Cycle | AFM | C B Ganj,83402AAE710S,3,Pcs.,196.44,589.32
2026-07-21,26-27/01784/Hero,Surendr Cycle | AFM | C B Ganj,83402KTCA20S,1,Pcs.,72.78,72.78
2026-07-21,26-27/01784/Hero,Surendr Cycle | AFM | C B Ganj,83402KTCA20S,1,Pcs.,83.73,83.73
2026-07-21,26-27/01784/Hero,Surendr Cycle | AFM | C B Ganj,83402KTCA20S,3,Pcs.,86.95,260.85
2026-07-21,26-27/01784/Hero,Surendr Cycle | AFM | C B Ganj,14401AAG00099S,4,Pcs.,199.66,798.64
2026-07-21,26-27/01784/Hero,Surendr Cycle | AFM | C B Ganj,14510AANB00S,1,Pcs.,42.51,42.51
2026-07-21,26-27/01784/Hero,Surendr Cycle | AFM | C B Ganj,14510AANB00S,1,Pcs.,45.08,45.08
2026-07-21,26-27/01784/Hero,Surendr Cycle | AFM | C B Ganj,14510AANB00S,4,Pcs.,48.31,193.24
2026-07-21,26-27/01784/Hero,Surendr Cycle | AFM | C B Ganj,14510KTC901S,4,Pcs.,51.53,206.12
2026-07-21,26-27/01784/Hero,Surendr Cycle | AFM | C B Ganj,14610086000RS,5,Pcs.,61.19,305.95
2026-07-21,26-27/01784/Hero,Surendr Cycle | AFM | C B Ganj,15100KTC900S,1,Pcs.,354.24,354.24
2026-07-21,26-27/01784/Hero,Surendr Cycle | AFM | C B Ganj,17620AAH100S,1,Pcs.,260.85,260.85
2026-07-21,26-27/01784/Hero,Surendr Cycle | AFM | C B Ganj,17620AAH100S,2,Pcs.,296.27,592.54
2026-07-21,26-27/01784/Hero,Surendr Cycle | AFM | C B Ganj,22201AAHA01S,200,Pcs.,48.31,9662.0
2026-07-21,26-27/01784/Hero,Surendr Cycle | AFM | C B Ganj,22311107000S,15,Pcs.,35.42,531.3
2026-07-21,26-27/01784/Hero,Surendr Cycle | AFM | C B Ganj,22311AAHA01S,6,Pcs.,32.2,193.2
2026-07-21,26-27/01784/Hero,Surendr Cycle | AFM | C B Ganj,22321AAG501S,4,Pcs.,38.65,154.6
2026-07-21,26-27/01784/Hero,Surendr Cycle | AFM | C B Ganj,24430KST900S,15,Pcs.,54.74,821.1
2026-07-21,26-27/01784/Hero,Surendr Cycle | AFM | C B Ganj,24610KST940S,1,Pcs.,196.44,196.44
2026-07-21,26-27/01784/Hero,Surendr Cycle | AFM | C B Ganj,24610KTR940S,1,Pcs.,144.92,144.92
2026-07-21,26-27/01784/Hero,Surendr Cycle | AFM | C B Ganj,28261198000S,10,Pcs.,28.99,289.9
2026-07-21,26-27/01784/Hero,Surendr Cycle | AFM | C B Ganj,28281KPH900S,5,Pcs.,22.54,112.7
2026-07-21,26-27/01784/Hero,Surendr Cycle | AFM | C B Ganj,28302KAG900S,10,Pcs.,77.28,772.8
2026-07-21,26-27/01784/Hero,Surendr Cycle | AFM | C B Ganj,31120AAEB01S,1,Pcs.,721.35,721.35
2026-07-21,26-27/01784/Hero,Surendr Cycle | AFM | C B Ganj,31120ACK011S,1,Pcs.,772.88,772.88
2026-07-21,26-27/01784/Hero,Surendr Cycle | AFM | C B Ganj,37800AAE30099S,2,Pcs.,305.93,611.86
2026-07-21,26-27/01784/Hero,Surendr Cycle | AFM | C B Ganj,37800ACK00099S,2,Pcs.,231.86,463.72
2026-07-21,26-27/01784/Hero,Surendr Cycle | AFM | C B Ganj,52147KTC900S,7,Pcs.,32.2,225.4
2026-07-21,26-27/01784/Hero,Surendr Cycle | AFM | C B Ganj,80102KCC900S,1,Pcs.,35.42,35.42
2026-07-21,26-27/01784/Hero,Surendr Cycle | AFM | C B Ganj,14401AAF40099S,5,Pcs.,103.05,515.25
2026-07-21,26-27/01784/Hero,Surendr Cycle | AFM | C B Ganj,14401AAG00099S,5,Pcs.,190.0,950.0
2026-07-21,26-27/01784/Hero,Surendr Cycle | AFM | C B Ganj,14401AAG00099S,1,Pcs.,199.66,199.66
2026-07-21,26-27/01784/Hero,Surendr Cycle | AFM | C B Ganj,14502086000RS,10,Pcs.,57.96,579.6
2026-07-21,26-27/01784/Hero,Surendr Cycle | AFM | C B Ganj,1450AACK000S,1,Pcs.,77.28,77.28
2026-07-21,26-27/01784/Hero,Surendr Cycle | AFM | C B Ganj,14510AANB00S,2,Pcs.,45.08,90.16
2026-07-21,26-27/01784/Hero,Surendr Cycle | AFM | C B Ganj,14510AANB00S,2,Pcs.,48.31,96.62
2026-07-21,26-27/01784/Hero,Surendr Cycle | AFM | C B Ganj,14510KTC901S,1,Pcs.,51.53,51.53
2026-07-21,26-27/01784/Hero,Surendr Cycle | AFM | C B Ganj,14610086000RS,5,Pcs.,57.96,289.8
2026-07-21,26-27/01784/Hero,Surendr Cycle | AFM | C B Ganj,14610086000RS,20,Pcs.,64.41,1288.2
2026-07-21,26-27/01784/Hero,Surendr Cycle | AFM | C B Ganj,14610AANB00S,10,Pcs.,38.65,386.5
2026-07-21,26-27/01784/Hero,Surendr Cycle | AFM | C B Ganj,14610KPH900S,5,Pcs.,22.54,112.7
2026-07-21,26-27/01784/Hero,Surendr Cycle | AFM | C B Ganj,15100KTC900S,1,Pcs.,354.24,354.24
2026-07-21,26-27/01784/Hero,Surendr Cycle | AFM | C B Ganj,22321AAG501S,4,Pcs.,38.65,154.6
2026-07-21,26-27/01784/Hero,Surendr Cycle | AFM | C B Ganj,22355KRM840S,2,Pcs.,106.27,212.54
2026-07-21,26-27/01784/Hero,Surendr Cycle | AFM | C B Ganj,23123KGH900S,4,Pcs.,218.99,875.96
2026-07-21,26-27/01784/Hero,Surendr Cycle | AFM | C B Ganj,24430KST900S,5,Pcs.,54.74,273.7
2026-07-21,26-27/01784/Hero,Surendr Cycle | AFM | C B Ganj,2461AGF6000S,2,Pcs.,202.88,405.76
2026-07-21,26-27/01784/Hero,Surendr Cycle | AFM | C B Ganj,31120ACK011S,1,Pcs.,772.88,772.88
2026-07-21,26-27/01784/Hero,Surendr Cycle | AFM | C B Ganj,52147KTC900S,3,Pcs.,28.99,86.97
2026-07-21,26-27/01784/Hero,Surendr Cycle | AFM | C B Ganj,52181001300S,10,Pcs.,27.05,270.5
2026-07-21,26-27/01784/Hero,Surendr Cycle | AFM | C B Ganj,80102KCC900S,2,Pcs.,35.42,70.84
2026-07-21,26-27/01784/Hero,Surendr Cycle | AFM | C B Ganj,83402AAE710S,1,Pcs.,196.44,196.44
2026-07-21,26-27/01784/Hero,Surendr Cycle | AFM | C B Ganj,23123KGH900S,1,Pcs.,218.99,218.99
2026-07-21,26-27/01784/Hero,Surendr Cycle | AFM | C B Ganj,37210AAE30099S,2,Pcs.,373.56,747.12
2026-07-21,26-27/01784/Hero,Surendr Cycle | AFM | C B Ganj,83402AAE710S,1,Pcs.,196.44,196.44
2026-07-21,26-27/01784/Hero,Surendr Cycle | AFM | C B Ganj,88120AAEH31S,10,Pcs.,112.72,1127.2
2026-07-21,26-27/01784/Hero,Surendr Cycle | AFM | C B Ganj,K40405KWAG930S,1,Pcs.,338.14,338.14
2026-07-21,26-27/01785/Hero,Umesh Automobile | AFM | Aonla,20K710S,5,Pcs.,466.57,2332.85
2026-07-21,26-27/01785/Hero,Umesh Automobile | AFM | Aonla,22201AAHA01S,40,Pcs.,47.27,1890.8
2026-07-21,26-27/01786/Hero,Aakash Auto Service | AFM | Chaupla,17208AABA00S,5,Pcs.,122.38,611.9
2026-07-21,26-27/01786/Hero,Aakash Auto Service | AFM | Chaupla,17208AAT00099S,5,Pcs.,173.89,869.45
2026-07-21,26-27/01786/Hero,Aakash Auto Service | AFM | Chaupla,17211KWP900S,1,Pcs.,128.81,128.81
2026-07-21,26-27/01786/Hero,Aakash Auto Service | AFM | Chaupla,17211KWP900S,4,Pcs.,161.01,644.04
2026-07-21,26-27/01786/Hero,Aakash Auto Service | AFM | Chaupla,22350AAF400S,3,Pcs.,119.15,357.45
2026-07-21,26-27/01786/Hero,Aakash Auto Service | AFM | Chaupla,35010AAHH60S,2,Pcs.,586.11,1172.22
2026-07-21,26-27/01786/Hero,Aakash Auto Service | AFM | Chaupla,35010KZN900S,1,Pcs.,653.73,653.73
2026-07-21,26-27/01786/Hero,Aakash Auto Service | AFM | Chaupla,35100AACH01S,5,Pcs.,328.47,1642.35
2026-07-21,26-27/01786/Hero,Aakash Auto Service | AFM | Chaupla,35100AAHH50S,3,Pcs.,341.35,1024.05
2026-07-21,26-27/01786/Hero,Aakash Auto Service | AFM | Chaupla,37800AAGA0099S,3,Pcs.,312.38,937.14
2026-07-21,26-27/01786/Hero,Aakash Auto Service | AFM | Chaupla,37800AAH102S,3,Pcs.,241.53,724.59
2026-07-21,26-27/01786/Hero,Aakash Auto Service | AFM | Chaupla,41241KTC900S,32,Pcs.,19.32,618.24
2026-07-21,26-27/01786/Hero,Aakash Auto Service | AFM | Chaupla,90201AAHA00S,10,Pcs.,6.44,64.4
2026-07-21,26-27/01786/Hero,Aakash Auto Service | AFM | Chaupla,22120KWS901S,1,Pcs.,148.14,148.14
2026-07-21,26-27/01786/Hero,Aakash Auto Service | AFM | Chaupla,37800AAC801S,2,Pcs.,190.0,380.0
2026-07-21,26-27/01786/Hero,Aakash Auto Service | AFM | Chaupla,37800AAC801S,1,Pcs.,215.76,215.76
2026-07-21,26-27/01786/Hero,Aakash Auto Service | AFM | Chaupla,37800AAE30099S,3,Pcs.,267.28,801.84
2026-07-21,26-27/01786/Hero,Aakash Auto Service | AFM | Chaupla,37800KTCA21S,3,Pcs.,296.27,888.81
2026-07-21,26-27/01786/Hero,Aakash Auto Service | AFM | Chaupla,37800KWA930S,3,Pcs.,264.07,792.21
2026-07-21,26-27/01786/Hero,Aakash Auto Service | AFM | Chaupla,41241KSP900S,20,Pcs.,25.76,515.2
2026-07-21,26-27/01786/Hero,Aakash Auto Service | AFM | Chaupla,41241KTC900S,8,Pcs.,19.32,154.56
2026-07-21,26-27/01786/Hero,Aakash Auto Service | AFM | Chaupla,22120KWS901S,4,Pcs.,148.14,592.56
2026-07-21,26-27/01786/Hero,Aakash Auto Service | AFM | Chaupla,22121198900S,10,Pcs.,209.32,2093.2
2026-07-21,26-27/01786/Hero,Aakash Auto Service | AFM | Chaupla,22355KWS901S,5,Pcs.,109.49,547.45
2026-07-21,26-27/01786/Hero,Aakash Auto Service | AFM | Chaupla,35010AAG301S,2,Pcs.,801.86,1603.72
2026-07-21,26-27/01786/Hero,Aakash Auto Service | AFM | Chaupla,35010AAJH00S,2,Pcs.,554.54,1109.08
2026-07-21,26-27/01786/Hero,Aakash Auto Service | AFM | Chaupla,35010AAL601S,1,Pcs.,415.42,415.42
2026-07-21,26-27/01786/Hero,Aakash Auto Service | AFM | Chaupla,35010AAY001S,1,Pcs.,618.31,618.31
2026-07-21,26-27/01786/Hero,Aakash Auto Service | AFM | Chaupla,35010AAY301S,1,Pcs.,450.85,450.85
2026-07-21,26-27/01786/Hero,Aakash Auto Service | AFM | Chaupla,35100AAE102S,3,Pcs.,344.58,1033.74
2026-07-21,26-27/01786/Hero,Aakash Auto Service | AFM | Chaupla,35100AAE301S,4,Pcs.,318.81,1275.24
2026-07-21,26-27/01786/Hero,Aakash Auto Service | AFM | Chaupla,35100AAE301S,1,Pcs.,370.34,370.34
2026-07-21,26-27/01786/Hero,Aakash Auto Service | AFM | Chaupla,35100ACK00099S,1,Pcs.,328.47,328.47
2026-07-21,26-27/01786/Hero,Aakash Auto Service | AFM | Chaupla,35100ACK00099S,1,Pcs.,354.24,354.24
2026-07-21,26-27/01786/Hero,Aakash Auto Service | AFM | Chaupla,22120KRM840S,2,Pcs.,193.22,386.44
2026-07-21,26-27/01786/Hero,Aakash Auto Service | AFM | Chaupla,22120KRM840S,3,Pcs.,206.11,618.33
2026-07-21,26-27/01786/Hero,Aakash Auto Service | AFM | Chaupla,41241KST941S,36,Pcs.,17.72,637.92
2026-07-21,26-27/01786/Hero,Aakash Auto Service | AFM | Chaupla,41241KST941S,4,Pcs.,19.32,77.28
2026-07-21,26-27/01787/Hero,Bareilly Auto Parts | AFM | Aonla,14401AAG00099S,2,Pcs.,204.91,409.82
2026-07-21,26-27/01787/Hero,Bareilly Auto Parts | AFM | Aonla,15384178000S,5,Pcs.,27.02,135.1
2026-07-21,26-27/01787/Hero,Bareilly Auto Parts | AFM | Aonla,21K160S,1,Pcs.,2131.78,2131.78
2026-07-21,26-27/01787/Hero,Bareilly Auto Parts | AFM | Aonla,21K201S,2,Pcs.,2035.93,4071.86
2026-07-21,26-27/01787/Hero,Bareilly Auto Parts | AFM | Aonla,33K111S,5,Pcs.,435.59,2177.95
2026-07-21,26-27/01787/Hero,Bareilly Auto Parts | AFM | Aonla,33K131S,2,Pcs.,455.85,911.7
2026-07-21,26-27/01787/Hero,Bareilly Auto Parts | AFM | Aonla,33K131S,1,Pcs.,479.49,479.49
2026-07-21,26-27/01788/Hero,New Punjab Auto Spares | AFM | Islamia,61301AAM000S,1,Pcs.,273.55,273.55
2026-07-21,26-27/01788/Hero,New Punjab Auto Spares | AFM | Islamia,61322AAM000RS,1,Pcs.,199.25,199.25
2026-07-21,26-27/01788/Hero,New Punjab Auto Spares | AFM | Islamia,61323AAM000RS,1,Pcs.,206.0,206.0
2026-07-21,26-27/01788/Hero,New Punjab Auto Spares | AFM | Islamia,18355KWH760S,2,Pcs.,222.89,445.78
2026-07-21,26-27/01788/Hero,New Punjab Auto Spares | AFM | Islamia,21K260S,1,Pcs.,2568.05,2568.05
2026-07-21,26-27/01788/Hero,New Punjab Auto Spares | AFM | Islamia,22201AAHA01S,20,Pcs.,47.27,945.4
2026-07-21,26-27/01788/Hero,New Punjab Auto Spares | AFM | Islamia,22201GF6000S,20,Pcs.,64.16,1283.2
2026-07-21,26-27/01788/Hero,New Punjab Auto Spares | AFM | Islamia,35100AADA01S,1,Pcs.,324.2,324.2
2026-07-21,26-27/01788/Hero,New Punjab Auto Spares | AFM | Islamia,41241KTC900S,20,Pcs.,19.6,392.0
2026-07-21,26-27/01788/Hero,New Punjab Auto Spares | AFM | Islamia,64140AAM000S,1,Pcs.,199.25,199.25
2026-07-21,26-27/01789/Hero,Aakash Auto Service | AFM | Chaupla,16155KST901S,5,Pcs.,106.27,531.35
2026-07-21,26-27/01789/Hero,Aakash Auto Service | AFM | Chaupla,18355ACK000S,2,Pcs.,373.56,747.12
2026-07-21,26-27/01789/Hero,Aakash Auto Service | AFM | Chaupla,18355KWH760S,2,Pcs.,212.54,425.08
2026-07-21,26-27/01789/Hero,Aakash Auto Service | AFM | Chaupla,18355KWH970S,2,Pcs.,249.26,498.52
2026-07-21,26-27/01789/Hero,Aakash Auto Service | AFM | Chaupla,21K130LS,1,Pcs.,1320.34,1320.34
2026-07-21,26-27/01789/Hero,Aakash Auto Service | AFM | Chaupla,21K135LS,1,Pcs.,1335.8,1335.8
2026-07-21,26-27/01789/Hero,Aakash Auto Service | AFM | Chaupla,21K270S,1,Pcs.,1732.54,1732.54
2026-07-21,26-27/01789/Hero,Aakash Auto Service | AFM | Chaupla,29K210S,20,Pcs.,38.65,773.0
2026-07-21,26-27/01789/Hero,Aakash Auto Service | AFM | Chaupla,33K112S,2,Pcs.,441.19,882.38
2026-07-21,26-27/01789/Hero,Aakash Auto Service | AFM | Chaupla,33K131S,1,Pcs.,450.85,450.85
2026-07-21,26-27/01789/Hero,Aakash Auto Service | AFM | Chaupla,33K131S,2,Pcs.,473.39,946.78
2026-07-21,26-27/01789/Hero,Aakash Auto Service | AFM | Chaupla,33K132S,2,Pcs.,454.07,908.14
2026-07-21,26-27/01789/Hero,Aakash Auto Service | AFM | Chaupla,33K132S,1,Pcs.,476.61,476.61
2026-07-21,26-27/01789/Hero,Aakash Auto Service | AFM | Chaupla,44800KVE901S,5,Pcs.,157.15,785.75
2026-07-21,26-27/01789/Hero,Aakash Auto Service | AFM | Chaupla,K12121KZNA900S,1,Pcs.,1903.22,1903.22
2026-07-21,26-27/01789/Hero,Aakash Auto Service | AFM | Chaupla,K44448KTPF900S,5,Pcs.,35.42,177.1
2026-07-21,26-27/01790/Hero,Verma Auto Agencies | AFM | Barabanki,12341KST870S,1,Pcs.,64.6,64.6
2026-07-21,26-27/01790/Hero,Verma Auto Agencies | AFM | Barabanki,12341KST870S,5,Pcs.,75.25,376.25
2026-07-21,26-27/01790/Hero,Verma Auto Agencies | AFM | Barabanki,16700AAEL42S,1,Pcs.,2125.93,2125.93
2026-07-21,26-27/01790/Hero,Verma Auto Agencies | AFM | Barabanki,24701KTRA00S,2,Pcs.,144.24,288.48
2026-07-21,26-27/01790/Hero,Verma Auto Agencies | AFM | Barabanki,31210AAZ011S,1,Pcs.,1100.6,1100.6
2026-07-21,26-27/01790/Hero,Verma Auto Agencies | AFM | Barabanki,35100AAN601S,8,Pcs.,263.39,2107.12
2026-07-21,26-27/01790/Hero,Verma Auto Agencies | AFM | Barabanki,37300AAG601S,6,Pcs.,169.32,1015.92
2026-07-21,26-27/01790/Hero,Verma Auto Agencies | AFM | Barabanki,37800AAGA0099S,1,Pcs.,304.16,304.16
2026-07-21,26-27/01790/Hero,Verma Auto Agencies | AFM | Barabanki,38770AAE341S,1,Pcs.,2809.49,2809.49
2026-07-21,26-27/01790/Hero,Verma Auto Agencies | AFM | Barabanki,45450ACK000S,1,Pcs.,241.44,241.44
2026-07-21,26-27/01790/Hero,Verma Auto Agencies | AFM | Barabanki,45475AAHF00S,16,Pcs.,109.75,1756.0
2026-07-21,26-27/01790/Hero,Verma Auto Agencies | AFM | Barabanki,52170KST940S,1,Pcs.,59.58,59.58
2026-07-21,26-27/01790/Hero,Verma Auto Agencies | AFM | Barabanki,K12121AAEE300S,1,Pcs.,1668.14,1668.14
2026-07-21,26-27/01790/Hero,Verma Auto Agencies | AFM | Barabanki,K22222KTRK000S,1,Pcs.,862.28,862.28
2026-07-21,26-27/01790/Hero,Verma Auto Agencies | AFM | Barabanki,K50505ACKH700S,20,Pcs.,112.88,2257.6
2026-07-21,26-27/01790/Hero,Verma Auto Agencies | AFM | Barabanki,83402AAE940S,1,Pcs.,185.0,185.0
2026-07-21,26-27/01790/Hero,Verma Auto Agencies | AFM | Barabanki,83400ACK011TS,1,Pcs.,438.98,438.98
2026-07-21,26-27/01790/Hero,Verma Auto Agencies | AFM | Barabanki,K22222KTRK000S,10,Pcs.,877.97,8779.7
2026-07-21,26-27/01790/Hero,Verma Auto Agencies | AFM | Barabanki,4052AAAF400S,2,Pcs.,150.51,301.02
2026-07-21,26-27/01790/Hero,Verma Auto Agencies | AFM | Barabanki,40510AAF400S,2,Pcs.,134.83,269.66
2026-07-21,26-27/01790/Hero,Verma Auto Agencies | AFM | Barabanki,40510AAF400S,1,Pcs.,153.65,153.65
2026-07-21,26-27/01790/Hero,Verma Auto Agencies | AFM | Barabanki,4052AAAF400S,1,Pcs.,150.51,150.51
2026-07-21,26-27/01790/Hero,Verma Auto Agencies | AFM | Barabanki,K50505ACKH700S,15,Pcs.,112.88,1693.2
2026-07-21,26-27/01791/Hero,G B Auto Care | AFM | Chaupla,14550GB0910RS,10,Pcs.,74.3,743.0
2026-07-21,26-27/01791/Hero,G B Auto Care | AFM | Chaupla,14566086030S,20,Pcs.,6.53,130.6
2026-07-21,26-27/01791/Hero,G B Auto Care | AFM | Chaupla,20K710S,5,Pcs.,466.57,2332.85
2026-07-21,26-27/01791/Hero,G B Auto Care | AFM | Chaupla,22201GF6000S,40,Pcs.,64.16,2566.4
2026-07-21,26-27/01791/Hero,G B Auto Care | AFM | Chaupla,24211GF6000RS,4,Pcs.,212.35,849.4
2026-07-21,26-27/01791/Hero,G B Auto Care | AFM | Chaupla,43120365H70S,16,Pcs.,49.65,794.4
2026-07-21,26-27/01791/Hero,G B Auto Care | AFM | Chaupla,43120365H70S,4,Pcs.,57.41,229.64
2026-07-21,26-27/01791/Hero,G B Auto Care | AFM | Chaupla,45125AAHF0099S,10,Pcs.,108.06,1080.6
2026-07-21,26-27/01791/Hero,G B Auto Care | AFM | Chaupla,45125KCCH00S,20,Pcs.,67.55,1351.0
2026-07-21,26-27/01792/Hero,Verma Auto Agencies | AFM | Barabanki,7723AK06600ZCS,1,Pcs.,655.34,655.34
2026-07-21,26-27/01792/Hero,Verma Auto Agencies | AFM | Barabanki,83600AAHF20TS,1,Pcs.,423.3,423.3
2026-07-21,26-27/01792/Hero,Verma Auto Agencies | AFM | Barabanki,83600AAHF20TS,1,Pcs.,423.3,423.3
2026-07-21,26-27/01792/Hero,Verma Auto Agencies | AFM | Barabanki,33702AANB0099S,1,Pcs.,329.24,329.24
2026-07-21,26-27/01792/Hero,Verma Auto Agencies | AFM | Barabanki,15135KVY900S,5,Pcs.,28.22,141.1
2026-07-21,26-27/01792/Hero,Verma Auto Agencies | AFM | Barabanki,16198KST901S,5,Pcs.,18.81,94.05
2026-07-21,26-27/01792/Hero,Verma Auto Agencies | AFM | Barabanki,17410AAHA0099S,1,Pcs.,188.14,188.14
2026-07-21,26-27/01792/Hero,Verma Auto Agencies | AFM | Barabanki,22105KWP900S,2,Pcs.,78.39,156.78
2026-07-21,26-27/01792/Hero,Verma Auto Agencies | AFM | Barabanki,22115KPGT00S,1,Pcs.,28.22,28.22
2026-07-21,26-27/01792/Hero,Verma Auto Agencies | AFM | Barabanki,24301KTC900S,1,Pcs.,326.1,326.1
2026-07-21,26-27/01792/Hero,Verma Auto Agencies | AFM | Barabanki,31120KTE911S,1,Pcs.,567.54,567.54
2026-07-21,26-27/01792/Hero,Verma Auto Agencies | AFM | Barabanki,3365AKVN901S,2,Pcs.,150.51,301.02
2026-07-21,26-27/01792/Hero,Verma Auto Agencies | AFM | Barabanki,50160AAN410S,1,Pcs.,109.75,109.75
2026-07-21,26-27/01792/Hero,Verma Auto Agencies | AFM | Barabanki,86780AAGA00RS,5,Pcs.,6.9,34.5
2026-07-21,26-27/01792/Hero,Verma Auto Agencies | AFM | Barabanki,86780AAGA00SS,5,Pcs.,9.4,47.0
2026-07-21,26-27/01792/Hero,Verma Auto Agencies | AFM | Barabanki,86880AAGA00RS,10,Pcs.,6.27,62.7
2026-07-21,26-27/01792/Hero,Verma Auto Agencies | AFM | Barabanki,86880AAGA00SS,5,Pcs.,6.9,34.5
2026-07-21,26-27/01792/Hero,Verma Auto Agencies | AFM | Barabanki,90032KPL900S,2,Pcs.,40.76,81.52
2026-07-21,26-27/01792/Hero,Verma Auto Agencies | AFM | Barabanki,91204KWB601S,40,Pcs.,12.54,501.6
2026-07-21,26-27/01792/Hero,Verma Auto Agencies | AFM | Barabanki,91211KWP901S,20,Pcs.,34.49,689.8
2026-07-21,26-27/01793/Hero,Amardeep | AFM | Choupla,13012AAF00099S,2,Pcs.,215.76,431.52
2026-07-21,26-27/01793/Hero,Amardeep | AFM | Choupla,22355KRM840S,2,Pcs.,122.38,244.76
2026-07-21,26-27/01793/Hero,Amardeep | AFM | Choupla,22K130LS,10,Pcs.,322.04,3220.4
2026-07-21,26-27/01793/Hero,Amardeep | AFM | Choupla,83450AALD20TS,1,Pcs.,943.56,943.56
2026-07-21,26-27/01794/Hero,Verma Auto Agencies | AFM | Barabanki,83410AAH100RS,6,Pcs.,429.58,2577.48
2026-07-21,26-27/01794/Hero,Verma Auto Agencies | AFM | Barabanki,80100AAE300S,1,Pcs.,730.6,730.6
2026-07-21,26-27/01794/Hero,Verma Auto Agencies | AFM | Barabanki,64310AAW300RS,1,Pcs.,1604.17,1604.17
2026-07-21,26-27/01794/Hero,Verma Auto Agencies | AFM | Barabanki,64310AAW300RS,1,Pcs.,1604.17,1604.17
2026-07-21,26-27/01794/Hero,Verma Auto Agencies | AFM | Barabanki,64300AAY300VS,1,Pcs.,674.16,674.16
2026-07-21,26-27/01794/Hero,Verma Auto Agencies | AFM | Barabanki,83600ACK010RS,1,Pcs.,363.73,363.73
2026-07-21,26-27/01794/Hero,Verma Auto Agencies | AFM | Barabanki,61140AAY000WS,1,Pcs.,545.6,545.6
2026-07-21,26-27/01794/Hero,Verma Auto Agencies | AFM | Barabanki,61140AAY000WS,1,Pcs.,545.6,545.6
2026-07-21,26-27/01794/Hero,Verma Auto Agencies | AFM | Barabanki,K42426AAEAH00S,1,Pcs.,3433.47,3433.47
2026-07-21,26-27/01794/Hero,Verma Auto Agencies | AFM | Barabanki,24610KST940S,10,Pcs.,191.27,1912.7
2026-07-21,26-27/01794/Hero,Verma Auto Agencies | AFM | Barabanki,22201AAHA01S,224,Pcs.,43.64,9775.36
2026-07-21,26-27/01794/Hero,Verma Auto Agencies | AFM | Barabanki,61000AAHF00RS,1,Pcs.,633.39,633.39
2026-07-21,26-27/01794/Hero,Verma Auto Agencies | AFM | Barabanki,61000AAHF00RS,1,Pcs.,633.39,633.39
2026-07-21,26-27/01794/Hero,Verma Auto Agencies | AFM | Barabanki,3370BAAL501S,1,Pcs.,501.07,501.07
2026-07-21,26-27/01794/Hero,Verma Auto Agencies | AFM | Barabanki,K41412AANNB00S,10,Pcs.,508.14,5081.4
2026-07-21,26-27/01794/Hero,Verma Auto Agencies | AFM | Barabanki,K22222HF100DS,10,Pcs.,555.76,5557.6
2026-07-21,26-27/01794/Hero,Verma Auto Agencies | AFM | Barabanki,K22222HF100DS,10,Pcs.,555.76,5557.6
2026-07-21,26-27/01794/Hero,Verma Auto Agencies | AFM | Barabanki,33110AAGH01S,1,Pcs.,323.68,323.68
2026-07-21,26-27/01794/Hero,Verma Auto Agencies | AFM | Barabanki,33110AAGH01S,2,Pcs.,357.59,715.18
2026-07-21,26-27/01794/Hero,Verma Auto Agencies | AFM | Barabanki,33110AAGH01S,3,Pcs.,416.15,1248.45
2026-07-21,26-27/01794/Hero,Verma Auto Agencies | AFM | Barabanki,3370AAAGH21S,1,Pcs.,225.76,225.76
2026-07-21,26-27/01794/Hero,Verma Auto Agencies | AFM | Barabanki,37610AAH102S,3,Pcs.,100.34,301.02
2026-07-21,26-27/01794/Hero,Verma Auto Agencies | AFM | Barabanki,3340BAAL001S,1,Pcs.,163.05,163.05
2026-07-21,26-27/01794/Hero,Verma Auto Agencies | AFM | Barabanki,3370AAAGH21S,3,Pcs.,225.76,677.28
2026-07-21,26-27/01794/Hero,Verma Auto Agencies | AFM | Barabanki,37610AAH102S,1,Pcs.,100.34,100.34
2026-07-21,26-27/01794/Hero,Verma Auto Agencies | AFM | Barabanki,45475AAT200S,15,Pcs.,92.19,1382.85
2026-07-21,26-27/01794/Hero,Verma Auto Agencies | AFM | Barabanki,46544AAEB00S,2,Pcs.,614.58,1229.16
2026-07-21,26-27/01794/Hero,Verma Auto Agencies | AFM | Barabanki,51103AAG100S,2,Pcs.,300.39,600.78
2026-07-21,26-27/01794/Hero,Verma Auto Agencies | AFM | Barabanki,06455ABG010S,3,Pcs.,190.65,571.95
2026-07-21,26-27/01794/Hero,Verma Auto Agencies | AFM | Barabanki,14430AANB00S,8,Pcs.,178.73,1429.84
2026-07-21,26-27/01794/Hero,Verma Auto Agencies | AFM | Barabanki,14510AAF400S,2,Pcs.,47.03,94.06
2026-07-21,26-27/01794/Hero,Verma Auto Agencies | AFM | Barabanki,22121AANB01S,1,Pcs.,219.49,219.49
2026-07-21,26-27/01794/Hero,Verma Auto Agencies | AFM | Barabanki,22350AAF400S,5,Pcs.,112.63,563.15
2026-07-21,26-27/01794/Hero,Verma Auto Agencies | AFM | Barabanki,22350AAG501S,2,Pcs.,131.44,262.88
2026-07-21,26-27/01794/Hero,Verma Auto Agencies | AFM | Barabanki,22350AAG501S,8,Pcs.,140.85,1126.8
2026-07-21,26-27/01794/Hero,Verma Auto Agencies | AFM | Barabanki,33740AAB000S,5,Pcs.,18.81,94.05
2026-07-21,26-27/01794/Hero,Verma Auto Agencies | AFM | Barabanki,44830AAY001S,2,Pcs.,81.27,162.54
2026-07-21,26-27/01794/Hero,Verma Auto Agencies | AFM | Barabanki,45125AAHF0099S,80,Pcs.,100.34,8027.2
2026-07-21,26-27/01794/Hero,Verma Auto Agencies | AFM | Barabanki,45450AAG900S,5,Pcs.,201.93,1009.65
2026-07-21,26-27/01794/Hero,Verma Auto Agencies | AFM | Barabanki,77240AAY000S,2,Pcs.,83.4,166.8
2026-07-21,26-27/01794/Hero,Verma Auto Agencies | AFM | Barabanki,90113KST940S,10,Pcs.,6.27,62.7
2026-07-21,26-27/01794/Hero,Verma Auto Agencies | AFM | Barabanki,91255ABZ000S,4,Pcs.,68.98,275.92
2026-07-21,26-27/01794/Hero,Verma Auto Agencies | AFM | Barabanki,K14144AACK000S,15,Pcs.,301.02,4515.3
2026-07-21,26-27/01794/Hero,Verma Auto Agencies | AFM | Barabanki,14430AANB00S,8,Pcs.,178.73,1429.84
2026-07-21,26-27/01794/Hero,Verma Auto Agencies | AFM | Barabanki,14451AANB00S,5,Pcs.,37.63,188.15
2026-07-21,26-27/01794/Hero,Verma Auto Agencies | AFM | Barabanki,14510AAF400S,3,Pcs.,47.03,141.09
2026-07-21,26-27/01794/Hero,Verma Auto Agencies | AFM | Barabanki,16701AAF400S,2,Pcs.,87.79,175.58
2026-07-21,26-27/01794/Hero,Verma Auto Agencies | AFM | Barabanki,22121AANB01S,1,Pcs.,219.49,219.49
2026-07-21,26-27/01794/Hero,Verma Auto Agencies | AFM | Barabanki,22201AAG501S,10,Pcs.,100.08,1000.8
2026-07-21,26-27/01794/Hero,Verma Auto Agencies | AFM | Barabanki,22201AAHA01S,4,Pcs.,36.9,147.6
2026-07-21,26-27/01794/Hero,Verma Auto Agencies | AFM | Barabanki,22201AAHA01S,72,Pcs.,43.64,3142.08
2026-07-21,26-27/01794/Hero,Verma Auto Agencies | AFM | Barabanki,22205AAG501S,18,Pcs.,103.22,1857.96
2026-07-21,26-27/01794/Hero,Verma Auto Agencies | AFM | Barabanki,22321AAG501S,16,Pcs.,37.63,602.08
2026-07-21,26-27/01794/Hero,Verma Auto Agencies | AFM | Barabanki,30410AAD501S,1,Pcs.,1307.54,1307.54
2026-07-21,26-27/01794/Hero,Verma Auto Agencies | AFM | Barabanki,33400KCC710S,8,Pcs.,172.46,1379.68
2026-07-21,26-27/01794/Hero,Verma Auto Agencies | AFM | Barabanki,3345BAAF40099S,1,Pcs.,116.02,116.02
2026-07-21,26-27/01794/Hero,Verma Auto Agencies | AFM | Barabanki,3360BAAN40099S,2,Pcs.,112.88,225.76
2026-07-21,26-27/01794/Hero,Verma Auto Agencies | AFM | Barabanki,3365BAAN40099S,1,Pcs.,112.88,112.88
2026-07-21,26-27/01794/Hero,Verma Auto Agencies | AFM | Barabanki,35010ACK00099S,2,Pcs.,623.98,1247.96
2026-07-21,26-27/01794/Hero,Verma Auto Agencies | AFM | Barabanki,9390335380S,100,Pcs.,1.25,125.0
2026-07-21,26-27/01795/Hero,Aakash Auto Service | AFM | Chaupla,12209GB4685S,10,Pcs.,28.99,289.9
2026-07-21,26-27/01795/Hero,Aakash Auto Service | AFM | Chaupla,14541GB4681S,20,Pcs.,3.22,64.4
2026-07-21,26-27/01795/Hero,Aakash Auto Service | AFM | Chaupla,14550GB0910RS,5,Pcs.,67.62,338.1
2026-07-21,26-27/01795/Hero,Aakash Auto Service | AFM | Chaupla,14550KWS900S,1,Pcs.,36.07,36.07
2026-07-21,26-27/01795/Hero,Aakash Auto Service | AFM | Chaupla,14610086000RS,5,Pcs.,64.41,322.05
2026-07-21,26-27/01795/Hero,Aakash Auto Service | AFM | Chaupla,14670035030LS,5,Pcs.,64.41,322.05
2026-07-21,26-27/01795/Hero,Aakash Auto Service | AFM | Chaupla,22201AAHA01S,24,Pcs.,48.31,1159.44
2026-07-21,26-27/01795/Hero,Aakash Auto Service | AFM | Chaupla,22K130LS,4,Pcs.,296.27,1185.08
2026-07-21,26-27/01795/Hero,Aakash Auto Service | AFM | Chaupla,22K130LS,1,Pcs.,305.93,305.93
2026-07-21,26-27/01795/Hero,Aakash Auto Service | AFM | Chaupla,22K130LS,1,Pcs.,322.04,322.04
2026-07-21,26-27/01795/Hero,Aakash Auto Service | AFM | Chaupla,25K170S,3,Pcs.,305.93,917.79
2026-07-21,26-27/01795/Hero,Aakash Auto Service | AFM | Chaupla,28150KPL900S,10,Pcs.,52.81,528.1
2026-07-21,26-27/01795/Hero,Aakash Auto Service | AFM | Chaupla,35010AACH00S,2,Pcs.,721.35,1442.7
2026-07-21,26-27/01795/Hero,Aakash Auto Service | AFM | Chaupla,35010AADH00S,1,Pcs.,618.31,618.31
2026-07-21,26-27/01795/Hero,Aakash Auto Service | AFM | Chaupla,35010AAEH00S,2,Pcs.,618.31,1236.62
2026-07-21,26-27/01795/Hero,Aakash Auto Service | AFM | Chaupla,35010KCCH30S,1,Pcs.,528.14,528.14
2026-07-21,26-27/01795/Hero,Aakash Auto Service | AFM | Chaupla,35850KR3870S,4,Pcs.,183.56,734.24
2026-07-21,26-27/01795/Hero,Aakash Auto Service | AFM | Chaupla,38501AAW30099S,10,Pcs.,103.05,1030.5
2026-07-21,26-27/01795/Hero,Aakash Auto Service | AFM | Chaupla,42303KZAW00S,2,Pcs.,64.41,128.82
2026-07-21,26-27/01795/Hero,Aakash Auto Service | AFM | Chaupla,53172KTC920S,10,Pcs.,70.85,708.5
2026-07-21,26-27/01795/Hero,Aakash Auto Service | AFM | Chaupla,53173KTRA20S,10,Pcs.,64.41,644.1
2026-07-21,26-27/01795/Hero,Aakash Auto Service | AFM | Chaupla,53175AAFH00S,10,Pcs.,70.85,708.5
2026-07-21,26-27/01795/Hero,Aakash Auto Service | AFM | Chaupla,53175KSP900S,1,Pcs.,90.17,90.17
2026-07-21,26-27/01795/Hero,Aakash Auto Service | AFM | Chaupla,53175KZN910S,3,Pcs.,66.99,200.97
2026-07-21,26-27/01795/Hero,Aakash Auto Service | AFM | Chaupla,53178AAFH00S,4,Pcs.,59.26,237.04
2026-07-21,26-27/01795/Hero,Aakash Auto Service | AFM | Chaupla,53178ABV000S,2,Pcs.,115.93,231.86
2026-07-21,26-27/01795/Hero,Aakash Auto Service | AFM | Chaupla,53178ACL000S,5,Pcs.,109.49,547.45
2026-07-21,26-27/01795/Hero,Aakash Auto Service | AFM | Chaupla,83402AACK00S,1,Pcs.,225.42,225.42
2026-07-21,26-27/01795/Hero,Aakash Auto Service | AFM | Chaupla,K42423KCCZ600S,5,Pcs.,54.74,273.7
2026-07-21,26-27/01795/Hero,Aakash Auto Service | AFM | Chaupla,12209GB4685S,10,Pcs.,28.99,289.9
2026-07-21,26-27/01795/Hero,Aakash Auto Service | AFM | Chaupla,14502086000RS,5,Pcs.,57.96,289.8
2026-07-21,26-27/01795/Hero,Aakash Auto Service | AFM | Chaupla,14520KTC902S,1,Pcs.,164.24,164.24
2026-07-21,26-27/01795/Hero,Aakash Auto Service | AFM | Chaupla,14520KTC902S,4,Pcs.,173.89,695.56
2026-07-21,26-27/01795/Hero,Aakash Auto Service | AFM | Chaupla,14541GB4681S,30,Pcs.,3.22,96.6
2026-07-21,26-27/01795/Hero,Aakash Auto Service | AFM | Chaupla,14550KWS900S,4,Pcs.,36.07,144.28
2026-07-21,26-27/01795/Hero,Aakash Auto Service | AFM | Chaupla,14610086000RS,5,Pcs.,64.41,322.05
2026-07-21,26-27/01795/Hero,Aakash Auto Service | AFM | Chaupla,14670ACK000S,5,Pcs.,32.2,161.0
2026-07-21,26-27/01795/Hero,Aakash Auto Service | AFM | Chaupla,15421035010S,5,Pcs.,38.65,193.25
2026-07-21,26-27/01795/Hero,Aakash Auto Service | AFM | Chaupla,22201AAHA01S,16,Pcs.,48.31,772.96
2026-07-21,26-27/01795/Hero,Aakash Auto Service | AFM | Chaupla,22K130LS,3,Pcs.,296.27,888.81
2026-07-21,26-27/01795/Hero,Aakash Auto Service | AFM | Chaupla,22K130LS,1,Pcs.,322.04,322.04
2026-07-21,26-27/01795/Hero,Aakash Auto Service | AFM | Chaupla,25K170S,7,Pcs.,305.93,2141.51
2026-07-21,26-27/01795/Hero,Aakash Auto Service | AFM | Chaupla,35010AACH00S,1,Pcs.,721.35,721.35
2026-07-21,26-27/01795/Hero,Aakash Auto Service | AFM | Chaupla,35010AADH00S,2,Pcs.,618.31,1236.62
2026-07-21,26-27/01795/Hero,Aakash Auto Service | AFM | Chaupla,35010AAE301S,3,Pcs.,550.68,1652.04
2026-07-21,26-27/01795/Hero,Aakash Auto Service | AFM | Chaupla,35010KCCH30S,1,Pcs.,528.14,528.14
2026-07-21,26-27/01795/Hero,Aakash Auto Service | AFM | Chaupla,35850KR3870S,1,Pcs.,183.56,183.56
2026-07-21,26-27/01795/Hero,Aakash Auto Service | AFM | Chaupla,42303KWF900S,5,Pcs.,51.53,257.65
2026-07-21,26-27/01795/Hero,Aakash Auto Service | AFM | Chaupla,42303KZAW00S,3,Pcs.,64.41,193.23
2026-07-21,26-27/01795/Hero,Aakash Auto Service | AFM | Chaupla,53175ABV000S,5,Pcs.,90.17,450.85
2026-07-21,26-27/01795/Hero,Aakash Auto Service | AFM | Chaupla,53175KSP900S,4,Pcs.,90.17,360.68
2026-07-21,26-27/01795/Hero,Aakash Auto Service | AFM | Chaupla,53175KZN910S,2,Pcs.,66.99,133.98
2026-07-21,26-27/01795/Hero,Aakash Auto Service | AFM | Chaupla,53175KZN910S,4,Pcs.,72.78,291.12
2026-07-21,26-27/01795/Hero,Aakash Auto Service | AFM | Chaupla,53178AAFH00S,6,Pcs.,59.26,355.56
2026-07-21,26-27/01795/Hero,Aakash Auto Service | AFM | Chaupla,53178ABV000S,1,Pcs.,103.05,103.05
2026-07-21,26-27/01795/Hero,Aakash Auto Service | AFM | Chaupla,53178ABV000S,2,Pcs.,115.93,231.86
2026-07-21,26-27/01795/Hero,Aakash Auto Service | AFM | Chaupla,K55912P30D850S,5,Pcs.,135.26,676.3
2026-07-21,26-27/01796/Hero,Verma Auto Agencies | AFM | Barabanki,3310BAAH10099S,6,Pcs.,329.24,1975.44
2026-07-21,26-27/01796/Hero,Verma Auto Agencies | AFM | Barabanki,3310BAAH10099S,6,Pcs.,329.24,1975.44
2026-07-21,26-27/01796/Hero,Verma Auto Agencies | AFM | Barabanki,3310BAAH10099S,6,Pcs.,329.24,1975.44
2026-07-21,26-27/01796/Hero,Verma Auto Agencies | AFM | Barabanki,22870KCC900S,50,Pcs.,68.73,3436.5
2026-07-21,26-27/01796/Hero,Verma Auto Agencies | AFM | Barabanki,22870KCC900S,50,Pcs.,68.73,3436.5
2026-07-21,26-27/01796/Hero,Verma Auto Agencies | AFM | Barabanki,3310BAAH10099S,6,Pcs.,329.24,1975.44
2026-07-21,26-27/01796/Hero,Verma Auto Agencies | AFM | Barabanki,3310BAAH10099S,6,Pcs.,329.24,1975.44
2026-07-21,26-27/01796/Hero,Verma Auto Agencies | AFM | Barabanki,45010KTC900S,5,Pcs.,468.56,2342.8
2026-07-21,26-27/01796/Hero,Verma Auto Agencies | AFM | Barabanki,45010KTC900S,5,Pcs.,389.03,1945.15
2026-07-21,26-27/01796/Hero,Verma Auto Agencies | AFM | Barabanki,17910KTC900S,50,Pcs.,50.34,2517.0
2026-07-21,26-27/01796/Hero,Verma Auto Agencies | AFM | Barabanki,17910KTC900S,50,Pcs.,50.34,2517.0
2026-07-21,26-27/01796/Hero,Verma Auto Agencies | AFM | Barabanki,35100AAHH50S,10,Pcs.,373.14,3731.4
2026-07-21,26-27/01796/Hero,Verma Auto Agencies | AFM | Barabanki,35100AAHH50S,10,Pcs.,373.14,3731.4
2026-07-21,26-27/01796/Hero,Verma Auto Agencies | AFM | Barabanki,35100AAHH50S,10,Pcs.,344.91,3449.1
2026-07-21,26-27/01796/Hero,Verma Auto Agencies | AFM | Barabanki,35340KCC900S,100,Pcs.,37.63,3763.0
2026-07-21,26-27/01796/Hero,Verma Auto Agencies | AFM | Barabanki,15100KCC900S,20,Pcs.,241.44,4828.8
2026-07-21,26-27/01796/Hero,Verma Auto Agencies | AFM | Barabanki,15100KCC900S,20,Pcs.,241.44,4828.8
2026-07-21,26-27/01796/Hero,Verma Auto Agencies | AFM | Barabanki,14401AAD00099S,120,Pcs.,94.07,11288.4
2026-07-21,26-27/01796/Hero,Verma Auto Agencies | AFM | Barabanki,14401AAD00099S,120,Pcs.,94.07,11288.4
2026-07-21,26-27/01796/Hero,Verma Auto Agencies | AFM | Barabanki,14401AAD00099S,120,Pcs.,94.07,11288.4
2026-07-21,26-27/01796/Hero,Verma Auto Agencies | AFM | Barabanki,14401AAD00099S,120,Pcs.,94.07,11288.4
2026-07-21,26-27/01796/Hero,Verma Auto Agencies | AFM | Barabanki,14401AAD00099S,120,Pcs.,94.07,11288.4
2026-07-21,26-27/01796/Hero,Verma Auto Agencies | AFM | Barabanki,14401AAD00099S,120,Pcs.,94.07,11288.4
2026-07-21,26-27/01796/Hero,Verma Auto Agencies | AFM | Barabanki,44830KST940S,50,Pcs.,75.0,3750.0
2026-07-21,26-27/01796/Hero,Verma Auto Agencies | AFM | Barabanki,44830KST940S,50,Pcs.,75.0,3750.0
2026-07-21,26-27/01796/Hero,Verma Auto Agencies | AFM | Barabanki,44830KST940S,50,Pcs.,75.0,3750.0
2026-07-21,26-27/01796/Hero,Verma Auto Agencies | AFM | Barabanki,44701AACH50S,4,Pcs.,457.63,1830.52
2026-07-21,26-27/01796/Hero,Verma Auto Agencies | AFM | Barabanki,44701AACH50S,4,Pcs.,476.45,1905.8
2026-07-21,26-27/01796/Hero,Verma Auto Agencies | AFM | Barabanki,44701AACH50S,4,Pcs.,457.63,1830.52
2026-07-21,26-27/01796/Hero,Verma Auto Agencies | AFM | Barabanki,44701AACH50S,4,Pcs.,476.45,1905.8
2026-07-21,26-27/01796/Hero,Verma Auto Agencies | AFM | Barabanki,44701AACH50S,4,Pcs.,476.45,1905.8
2026-07-21,26-27/01796/Hero,Verma Auto Agencies | AFM | Barabanki,44701AACH50S,4,Pcs.,476.45,1905.8
2026-07-21,26-27/01796/Hero,Verma Auto Agencies | AFM | Barabanki,44701AACH50S,4,Pcs.,476.45,1905.8
2026-07-21,26-27/01796/Hero,Verma Auto Agencies | AFM | Barabanki,52400KCC905ZBS,10,Pcs.,570.85,5708.5
2026-07-21,26-27/01796/Hero,Verma Auto Agencies | AFM | Barabanki,50803KCC900S,10,Pcs.,401.35,4013.5
2026-07-21,26-27/01796/Hero,Verma Auto Agencies | AFM | Barabanki,50803KCC900S,10,Pcs.,401.35,4013.5
2026-07-21,26-27/01796/Hero,Verma Auto Agencies | AFM | Barabanki,23123KGH900S,20,Pcs.,213.22,4264.4
2026-07-21,26-27/01796/Hero,Verma Auto Agencies | AFM | Barabanki,23123KGH900S,20,Pcs.,213.22,4264.4
2026-07-21,26-27/01796/Hero,Verma Auto Agencies | AFM | Barabanki,23123KGH900S,20,Pcs.,213.22,4264.4
2026-07-21,26-27/01796/Hero,Verma Auto Agencies | AFM | Barabanki,23123KGH900S,20,Pcs.,213.22,4264.4
2026-07-21,26-27/01796/Hero,Verma Auto Agencies | AFM | Barabanki,53140KTC900S,50,Pcs.,40.76,2038.0
2026-07-21,26-27/01796/Hero,Verma Auto Agencies | AFM | Barabanki,53140KTC900S,50,Pcs.,40.76,2038.0
2026-07-21,26-27/01796/Hero,Verma Auto Agencies | AFM | Barabanki,51410KCC900S,10,Pcs.,536.19,5361.9
2026-07-21,26-27/01796/Hero,Verma Auto Agencies | AFM | Barabanki,51410KCC900S,10,Pcs.,536.19,5361.9
2026-07-21,26-27/01796/Hero,Verma Auto Agencies | AFM | Barabanki,53200KCC690S,4,Pcs.,589.49,2357.96
2026-07-21,26-27/01796/Hero,Verma Auto Agencies | AFM | Barabanki,22870KCC900S,50,Pcs.,59.95,2997.5
2026-07-21,26-27/01796/Hero,Verma Auto Agencies | AFM | Barabanki,22870KCC900S,50,Pcs.,68.73,3436.5
2026-07-21,26-27/01796/Hero,Verma Auto Agencies | AFM | Barabanki,33120AADH00S,1,Pcs.,228.9,228.9
2026-07-21,26-27/01796/Hero,Verma Auto Agencies | AFM | Barabanki,33120AADH00S,6,Pcs.,266.53,1599.18
2026-07-21,26-27/01796/Hero,Verma Auto Agencies | AFM | Barabanki,61311KST950S,8,Pcs.,191.27,1530.16
2026-07-21,26-27/01796/Hero,Verma Auto Agencies | AFM | Barabanki,33120AADH00S,5,Pcs.,266.53,1332.65
2026-07-21,26-27/01796/Hero,Verma Auto Agencies | AFM | Barabanki,44830KST940S,30,Pcs.,75.0,2250.0
2026-07-21,26-27/01796/Hero,Verma Auto Agencies | AFM | Barabanki,61311KCC840S,6,Pcs.,109.75,658.5
2026-07-21,26-27/01796/Hero,Verma Auto Agencies | AFM | Barabanki,61311KST950S,2,Pcs.,191.27,382.54
2026-07-21,26-27/01796/Hero,Verma Auto Agencies | AFM | Barabanki,83402KCC900S,10,Pcs.,40.76,407.6
2026-07-21,26-27/01796/Hero,Verma Auto Agencies | AFM | Barabanki,53140KTC900S,14,Pcs.,31.35,438.9
2026-07-21,26-27/01796/Hero,Verma Auto Agencies | AFM | Barabanki,53140KTC900S,6,Pcs.,34.49,206.94
2026-07-21,26-27/01796/Hero,Verma Auto Agencies | AFM | Barabanki,53166KTC900S,40,Pcs.,40.76,1630.4
2026-07-21,26-27/01796/Hero,Verma Auto Agencies | AFM | Barabanki,K22222KTCE900S,20,Pcs.,417.79,8355.8
2026-07-21,26-27/01796/Hero,Verma Auto Agencies | AFM | Barabanki,K40405KCCA901S,4,Pcs.,354.32,1417.28
2026-07-21,26-27/01796/Hero,Verma Auto Agencies | AFM | Barabanki,K40405KCCA901S,4,Pcs.,354.32,1417.28
2026-07-21,26-27/01796/Hero,Verma Auto Agencies | AFM | Barabanki,K40405KCCA901S,4,Pcs.,354.32,1417.28
2026-07-21,26-27/01796/Hero,Verma Auto Agencies | AFM | Barabanki,K40405KCCA901S,4,Pcs.,354.32,1417.28
2026-07-21,26-27/01796/Hero,Verma Auto Agencies | AFM | Barabanki,K40405KCCA901S,4,Pcs.,354.32,1417.28
2026-07-21,26-27/01796/Hero,Verma Auto Agencies | AFM | Barabanki,40591KCC900S,30,Pcs.,18.81,564.3
2026-07-21,26-27/01796/Hero,Verma Auto Agencies | AFM | Barabanki,80102KCC900S,17,Pcs.,31.35,532.95
2026-07-21,26-27/01796/Hero,Verma Auto Agencies | AFM | Barabanki,80102KCC900S,13,Pcs.,34.49,448.37
2026-07-21,26-27/01796/Hero,Verma Auto Agencies | AFM | Barabanki,12301GB6911S,20,Pcs.,47.03,940.6
2026-07-21,26-27/01796/Hero,Verma Auto Agencies | AFM | Barabanki,17910KCC900S,40,Pcs.,50.34,2013.6
2026-07-21,26-27/01796/Hero,Verma Auto Agencies | AFM | Barabanki,22100KTC902RS,2,Pcs.,950.09,1900.18
2026-07-21,26-27/01796/Hero,Verma Auto Agencies | AFM | Barabanki,35010KSTH00S,1,Pcs.,548.9,548.9
2026-07-21,26-27/01796/Hero,Verma Auto Agencies | AFM | Barabanki,35010KSTH00S,1,Pcs.,627.29,627.29
2026-07-21,26-27/01796/Hero,Verma Auto Agencies | AFM | Barabanki,35150AAGH20S,20,Pcs.,62.72,1254.4
2026-07-21,26-27/01796/Hero,Verma Auto Agencies | AFM | Barabanki,35200KCC710S,1,Pcs.,250.84,250.84
2026-07-21,26-27/01796/Hero,Verma Auto Agencies | AFM | Barabanki,50512KTC900S,10,Pcs.,78.39,783.9
2026-07-21,26-27/01796/Hero,Verma Auto Agencies | AFM | Barabanki,50702KCC870S,2,Pcs.,106.61,213.22
2026-07-21,26-27/01796/Hero,Verma Auto Agencies | AFM | Barabanki,53230KCC900S,1,Pcs.,166.19,166.19
2026-07-21,26-27/01796/Hero,Verma Auto Agencies | AFM | Barabanki,61313KCC900S,10,Pcs.,31.35,313.5
2026-07-21,26-27/01796/Hero,Verma Auto Agencies | AFM | Barabanki,61314KCC900S,8,Pcs.,34.49,275.92
2026-07-21,26-27/01796/Hero,Verma Auto Agencies | AFM | Barabanki,64311KCC860S,10,Pcs.,25.09,250.9
2026-07-21,26-27/01796/Hero,Verma Auto Agencies | AFM | Barabanki,12361035000S,50,Pcs.,18.81,940.5
2026-07-21,26-27/01796/Hero,Verma Auto Agencies | AFM | Barabanki,13012KCC305LS,5,Pcs.,203.81,1019.05
2026-07-21,26-27/01796/Hero,Verma Auto Agencies | AFM | Barabanki,15100KTC900S,4,Pcs.,344.91,1379.64
2026-07-21,26-27/01796/Hero,Verma Auto Agencies | AFM | Barabanki,15611KTC900S,10,Pcs.,9.4,94.0
2026-07-21,26-27/01796/Hero,Verma Auto Agencies | AFM | Barabanki,17511KCC905ZBS,5,Pcs.,178.73,893.65
2026-07-21,26-27/01796/Hero,Verma Auto Agencies | AFM | Barabanki,17512KCC900S,40,Pcs.,3.14,125.6
2026-07-21,26-27/01796/Hero,Verma Auto Agencies | AFM | Barabanki,22321KE8000S,84,Pcs.,40.51,3402.84
2026-07-21,26-27/01796/Hero,Verma Auto Agencies | AFM | Barabanki,23801178000S,10,Pcs.,51.42,514.2
2026-07-21,26-27/01796/Hero,Verma Auto Agencies | AFM | Barabanki,2830AKAG900S,10,Pcs.,301.02,3010.2
2026-07-21,26-27/01796/Hero,Verma Auto Agencies | AFM | Barabanki,35150AAGH20S,10,Pcs.,56.44,564.4
2026-07-21,26-27/01796/Hero,Verma Auto Agencies | AFM | Barabanki,35150AAGH20S,10,Pcs.,62.72,627.2
2026-07-21,26-27/01796/Hero,Verma Auto Agencies | AFM | Barabanki,35150AAGH20S,10,Pcs.,72.12,721.2
2026-07-21,26-27/01796/Hero,Verma Auto Agencies | AFM | Barabanki,35200KCC710S,3,Pcs.,250.84,752.52
2026-07-21,26-27/01796/Hero,Verma Auto Agencies | AFM | Barabanki,53230KCC900S,1,Pcs.,166.19,166.19
2026-07-21,26-27/01796/Hero,Verma Auto Agencies | AFM | Barabanki,61314KCC900S,2,Pcs.,34.49,68.98
2026-07-21,26-27/01796/Hero,Verma Auto Agencies | AFM | Barabanki,77220KY6000S,20,Pcs.,59.58,1191.6
2026-07-21,26-27/01797/Hero,Shri Bala Ji Auto Parts | AFM | Aonla,53205ABS900RS,1,Pcs.,544.24,544.24
2026-07-21,26-27/01797/Hero,Shri Bala Ji Auto Parts | AFM | Aonla,61140ABS200S,1,Pcs.,154.58,154.58
2026-07-21,26-27/01797/Hero,Shri Bala Ji Auto Parts | AFM | Aonla,22110AAW300S,1,Pcs.,264.07,264.07
2026-07-21,26-27/01797/Hero,Shri Bala Ji Auto Parts | AFM | Aonla,22535AAW000S,1,Pcs.,508.81,508.81
2026-07-21,26-27/01797/Hero,Shri Bala Ji Auto Parts | AFM | Aonla,37213AAY001S,1,Pcs.,77.28,77.28
2026-07-21,26-27/01797/Hero,Shri Bala Ji Auto Parts | AFM | Aonla,45450AAY000S,1,Pcs.,112.72,112.72
2026-07-21,26-27/01797/Hero,Shri Bala Ji Auto Parts | AFM | Aonla,53172AALD00S,1,Pcs.,96.61,96.61
2026-07-21,26-27/01798/Hero,Pal Automobile | AFM | Aonla,14610086000RS,5,Pcs.,65.34,326.7
2026-07-21,26-27/01798/Hero,Pal Automobile | AFM | Aonla,22201GF6000S,20,Pcs.,64.16,1283.2
2026-07-21,26-27/01798/Hero,Pal Automobile | AFM | Aonla,22311107000S,27,Pcs.,33.76,911.52
2026-07-21,26-27/01798/Hero,Pal Automobile | AFM | Aonla,22870KCC900S,2,Pcs.,64.82,129.64
2026-07-21,26-27/01798/Hero,Pal Automobile | AFM | Aonla,22870KCC900S,1,Pcs.,70.91,70.91
2026-07-21,26-27/01798/Hero,Pal Automobile | AFM | Aonla,22870KTC900S,10,Pcs.,64.16,641.6
2026-07-21,26-27/01798/Hero,Pal Automobile | AFM | Aonla,35100AAE301S,3,Pcs.,388.37,1165.11
2026-07-21,26-27/01798/Hero,Pal Automobile | AFM | Aonla,53178AAFH00S,2,Pcs.,60.79,121.58
2026-07-21,26-27/01798/Hero,Pal Automobile | AFM | Aonla,53178AAFH00S,7,Pcs.,62.14,434.98
2026-07-21,26-27/01798/Hero,Pal Automobile | AFM | Aonla,53178AAFH00S,1,Pcs.,67.55,67.55
2026-07-21,26-27/01798/Hero,Pal Automobile | AFM | Aonla,88110AAEH31S,10,Pcs.,118.2,1182.0
2026-07-21,26-27/01798/Hero,Pal Automobile | AFM | Aonla,88120AAEH31S,10,Pcs.,118.2,1182.0
2026-07-21,26-27/01798/Hero,Pal Automobile | AFM | Aonla,20K710S,5,Pcs.,466.57,2332.85
2026-07-21,26-27/01798/Hero,Pal Automobile | AFM | Aonla,22311107000S,3,Pcs.,33.76,101.28
2026-07-21,26-27/01798/Hero,Pal Automobile | AFM | Aonla,22870KCC900S,3,Pcs.,64.82,194.46
2026-07-21,26-27/01798/Hero,Pal Automobile | AFM | Aonla,22870KCC900S,3,Pcs.,70.91,212.73
2026-07-21,26-27/01798/Hero,Pal Automobile | AFM | Aonla,22870KCC900S,1,Pcs.,64.82,64.82
2026-07-21,26-27/01798/Hero,Pal Automobile | AFM | Aonla,14502086000RS,10,Pcs.,58.8,588.0
2026-07-21,26-27/01798/Hero,Pal Automobile | AFM | Aonla,14610086000RS,5,Pcs.,65.34,326.7
2026-07-21,26-27/01798/Hero,Pal Automobile | AFM | Aonla,14670035030LS,5,Pcs.,67.55,337.75
2026-07-21,26-27/01798/Hero,Pal Automobile | AFM | Aonla,14670035030LS,5,Pcs.,70.92,354.6
2026-07-21,26-27/01799/Hero,Sushil Auto Parts | AFM | Choupla,61100KST940ZAPROS,10,Pcs.,228.81,2288.1
2026-07-21,26-27/01800/Hero,Amardeep | AFM | Choupla,12209GB4685S,40,Pcs.,32.2,1288.0
2026-07-21,26-27/01800/Hero,Amardeep | AFM | Choupla,14550GB0910RS,5,Pcs.,70.85,354.25
2026-07-21,26-27/01800/Hero,Amardeep | AFM | Choupla,14670035030LS,5,Pcs.,67.62,338.1
2026-07-21,26-27/01800/Hero,Amardeep | AFM | Choupla,14670ACK000S,5,Pcs.,32.2,161.0
2026-07-21,26-27/01800/Hero,Amardeep | AFM | Choupla,22102AAW000S,1,Pcs.,331.69,331.69
2026-07-21,26-27/01800/Hero,Amardeep | AFM | Choupla,22311107000S,30,Pcs.,35.42,1062.6
2026-07-21,26-27/01800/Hero,Amardeep | AFM | Choupla,24610KST940S,2,Pcs.,196.44,392.88
2026-07-21,26-27/01800/Hero,Amardeep | AFM | Choupla,24K150LS,1,Pcs.,289.83,289.83
2026-07-21,26-27/01800/Hero,Amardeep | AFM | Choupla,3345AKWA931S,1,Pcs.,122.38,122.38
2026-07-21,26-27/01800/Hero,Amardeep | AFM | Choupla,35010KZN900S,2,Pcs.,653.73,1307.46
2026-07-21,26-27/01800/Hero,Amardeep | AFM | Choupla,35100AAHH50S,1,Pcs.,341.35,341.35
2026-07-21,26-27/01800/Hero,Amardeep | AFM | Choupla,35160AAW001S,4,Pcs.,38.65,154.6
2026-07-21,26-27/01800/Hero,Amardeep | AFM | Choupla,37610KCC900S,2,Pcs.,119.15,238.3
2026-07-21,26-27/01800/Hero,Amardeep | AFM | Choupla,38501AAGD0099S,1,Pcs.,119.15,119.15
2026-07-21,26-27/01800/Hero,Amardeep | AFM | Choupla,38501AAW30099S,1,Pcs.,103.05,103.05
2026-07-21,26-27/01800/Hero,Amardeep | AFM | Choupla,45010KTR700S,1,Pcs.,505.59,505.59
2026-07-21,26-27/01800/Hero,Amardeep | AFM | Choupla,53200KCC690S,1,Pcs.,605.42,605.42
2026-07-21,26-27/01800/Hero,Amardeep | AFM | Choupla,88110AAEH31S,3,Pcs.,112.72,338.16
2026-07-21,26-27/01800/Hero,Amardeep | AFM | Choupla,K91902HF100DS,45,Pcs.,48.31,2173.95
2026-07-21,26-27/01800/Hero,Amardeep | AFM | Choupla,14100KVE900S,1,Pcs.,627.96,627.96
2026-07-21,26-27/01800/Hero,Amardeep | AFM | Choupla,14550GB0910RS,10,Pcs.,70.85,708.5
2026-07-21,26-27/01800/Hero,Amardeep | AFM | Choupla,14670035030LS,15,Pcs.,67.62,1014.3
2026-07-21,26-27/01800/Hero,Amardeep | AFM | Choupla,14670ACK000S,25,Pcs.,32.2,805.0
2026-07-21,26-27/01800/Hero,Amardeep | AFM | Choupla,15100KCC900S,5,Pcs.,247.96,1239.8
2026-07-21,26-27/01800/Hero,Amardeep | AFM | Choupla,16100KTCA21S,1,Pcs.,1503.89,1503.89
2026-07-21,26-27/01800/Hero,Amardeep | AFM | Choupla,17208AAT00099S,1,Pcs.,173.89,173.89
2026-07-21,26-27/01800/Hero,Amardeep | AFM | Choupla,23100AAW001S,1,Pcs.,283.39,283.39
2026-07-21,26-27/01800/Hero,Amardeep | AFM | Choupla,23431GN5910S,2,Pcs.,463.73,927.46
2026-07-21,26-27/01800/Hero,Amardeep | AFM | Choupla,24211GF6000RS,15,Pcs.,209.32,3139.8
2026-07-21,26-27/01800/Hero,Amardeep | AFM | Choupla,24K150LS,3,Pcs.,289.83,869.49
2026-07-21,26-27/01800/Hero,Amardeep | AFM | Choupla,28120AAHA11S,1,Pcs.,489.49,489.49
2026-07-21,26-27/01800/Hero,Amardeep | AFM | Choupla,28120KWA942S,1,Pcs.,444.41,444.41
2026-07-21,26-27/01800/Hero,Amardeep | AFM | Choupla,31120AAC811S,1,Pcs.,921.01,921.01
2026-07-21,26-27/01800/Hero,Amardeep | AFM | Choupla,3310BAACH00S,1,Pcs.,541.01,541.01
2026-07-21,26-27/01800/Hero,Amardeep | AFM | Choupla,3340AKWA931S,1,Pcs.,157.8,157.8
2026-07-21,26-27/01800/Hero,Amardeep | AFM | Choupla,3345AKWA931S,1,Pcs.,122.38,122.38
2026-07-21,26-27/01800/Hero,Amardeep | AFM | Choupla,33K112S,1,Pcs.,441.19,441.19
2026-07-21,26-27/01800/Hero,Amardeep | AFM | Choupla,35100AAE301S,2,Pcs.,296.27,592.54
2026-07-21,26-27/01800/Hero,Amardeep | AFM | Choupla,35100AAHH50S,1,Pcs.,341.35,341.35
2026-07-21,26-27/01800/Hero,Amardeep | AFM | Choupla,35160AAW001S,1,Pcs.,38.65,38.65
2026-07-21,26-27/01800/Hero,Amardeep | AFM | Choupla,38501AAGD0099S,4,Pcs.,119.15,476.6
2026-07-21,26-27/01800/Hero,Amardeep | AFM | Choupla,51401KST941S,3,Pcs.,57.96,173.88
2026-07-21,26-27/01800/Hero,Amardeep | AFM | Choupla,53172KTC920S,2,Pcs.,70.85,141.7
2026-07-21,26-27/01800/Hero,Amardeep | AFM | Choupla,88110AAEH31S,2,Pcs.,112.72,225.44
2026-07-21,26-27/01800/Hero,Amardeep | AFM | Choupla,K12121AATA001S,1,Pcs.,1810.47,1810.47
2026-07-21,26-27/01800/Hero,Amardeep | AFM | Choupla,K91902HF100DS,15,Pcs.,48.31,724.65
2026-07-21,26-27/01800/Hero,Amardeep | AFM | Choupla,17208AAT00099S,2,Pcs.,173.89,347.78
2026-07-21,26-27/01800/Hero,Amardeep | AFM | Choupla,22535KPL901S,1,Pcs.,476.61,476.61
2026-07-21,26-27/01800/Hero,Amardeep | AFM | Choupla,28120KWA942S,1,Pcs.,444.41,444.41
2026-07-21,26-27/01800/Hero,Amardeep | AFM | Choupla,3340AKWA931S,1,Pcs.,157.8,157.8
2026-07-21,26-27/01800/Hero,Amardeep | AFM | Choupla,33K111S,1,Pcs.,391.59,391.59
2026-07-21,26-27/01800/Hero,Amardeep | AFM | Choupla,33K111S,1,Pcs.,412.2,412.2
2026-07-21,26-27/01800/Hero,Amardeep | AFM | Choupla,33K112S,1,Pcs.,441.19,441.19
2026-07-21,26-27/01800/Hero,Amardeep | AFM | Choupla,45450AAHF00S,4,Pcs.,225.42,901.68
2026-07-21,26-27/01800/Hero,Amardeep | AFM | Choupla,50500KZAW00S,1,Pcs.,418.65,418.65
2026-07-21,26-27/01800/Hero,Amardeep | AFM | Choupla,80100KST940S,1,Pcs.,405.76,405.76
2026-07-21,26-27/01800/Hero,Amardeep | AFM | Choupla,81131KZN900S,2,Pcs.,290.47,580.94
2026-07-21,26-27/01800/Hero,Amardeep | AFM | Choupla,61100KST940ZAPROS,5,Pcs.,225.42,1127.1
2026-07-21,26-27/01801/Hero,Verma Auto Agencies | AFM | Barabanki,2461AGF6000S,10,Pcs.,197.54,1975.4
2026-07-21,26-27/01801/Hero,Verma Auto Agencies | AFM | Barabanki,2461AGF6000S,10,Pcs.,197.54,1975.4
2026-07-21,26-27/01801/Hero,Verma Auto Agencies | AFM | Barabanki,2461AGF6000S,10,Pcs.,197.54,1975.4
2026-07-21,26-27/01801/Hero,Verma Auto Agencies | AFM | Barabanki,2461AGF6000S,10,Pcs.,197.54,1975.4
2026-07-21,26-27/01801/Hero,Verma Auto Agencies | AFM | Barabanki,2461AGF6000S,10,Pcs.,197.54,1975.4
2026-07-21,26-27/01801/Hero,Verma Auto Agencies | AFM | Barabanki,83600AAHF20RS,1,Pcs.,432.72,432.72
2026-07-21,26-27/01801/Hero,Verma Auto Agencies | AFM | Barabanki,12341KTRH80S,8,Pcs.,109.75,878.0
2026-07-21,26-27/01801/Hero,Verma Auto Agencies | AFM | Barabanki,13021KRM305S,2,Pcs.,188.14,376.28
2026-07-21,26-27/01801/Hero,Verma Auto Agencies | AFM | Barabanki,3360BAAE941S,1,Pcs.,109.75,109.75
2026-07-21,26-27/01801/Hero,Verma Auto Agencies | AFM | Barabanki,3360BAAE941S,1,Pcs.,144.24,144.24
2026-07-21,26-27/01801/Hero,Verma Auto Agencies | AFM | Barabanki,3365AKVH760S,3,Pcs.,97.21,291.63
2026-07-21,26-27/01801/Hero,Verma Auto Agencies | AFM | Barabanki,3365BAAE941S,1,Pcs.,125.42,125.42
2026-07-21,26-27/01801/Hero,Verma Auto Agencies | AFM | Barabanki,3365BAAE941S,1,Pcs.,144.24,144.24
2026-07-21,26-27/01801/Hero,Verma Auto Agencies | AFM | Barabanki,33K130S,5,Pcs.,440.84,2204.2
2026-07-21,26-27/01801/Hero,Verma Auto Agencies | AFM | Barabanki,37100AAN201S,2,Pcs.,2436.35,4872.7
2026-07-21,26-27/01801/Hero,Verma Auto Agencies | AFM | Barabanki,37312AAG00099S,10,Pcs.,6.27,62.7
2026-07-21,26-27/01801/Hero,Verma Auto Agencies | AFM | Barabanki,90123KAG900S,30,Pcs.,31.35,940.5
2026-07-21,26-27/01802/Hero,Verma Auto Agencies | AFM | Barabanki,83600AAH100RS,1,Pcs.,370.0,370.0
2026-07-21,26-27/01802/Hero,Verma Auto Agencies | AFM | Barabanki,50400AAH700S,1,Pcs.,429.58,429.58
2026-07-21,26-27/01802/Hero,Verma Auto Agencies | AFM | Barabanki,35010AACH00S,10,Pcs.,702.37,7023.7
2026-07-21,26-27/01802/Hero,Verma Auto Agencies | AFM | Barabanki,6410AAAGH20S,5,Pcs.,241.44,1207.2
2026-07-21,26-27/01802/Hero,Verma Auto Agencies | AFM | Barabanki,64311KST950S,10,Pcs.,59.58,595.8
2026-07-21,26-27/01802/Hero,Verma Auto Agencies | AFM | Barabanki,35010KTCH00S,2,Pcs.,552.03,1104.06
2026-07-21,26-27/01802/Hero,Verma Auto Agencies | AFM | Barabanki,37800KWH962S,2,Pcs.,291.61,583.22
2026-07-21,26-27/01802/Hero,Verma Auto Agencies | AFM | Barabanki,40510KWA940S,1,Pcs.,197.54,197.54
2026-07-21,26-27/01802/Hero,Verma Auto Agencies | AFM | Barabanki,40510KWA940S,1,Pcs.,200.68,200.68
2026-07-21,26-27/01802/Hero,Verma Auto Agencies | AFM | Barabanki,40520KWA940S,1,Pcs.,188.14,188.14
2026-07-21,26-27/01802/Hero,Verma Auto Agencies | AFM | Barabanki,64100AAC200S,2,Pcs.,148.63,297.26
2026-07-21,26-27/01802/Hero,Verma Auto Agencies | AFM | Barabanki,90116KAG900S,50,Pcs.,9.4,470.0
2026-07-21,26-27/01802/Hero,Verma Auto Agencies | AFM | Barabanki,90311MT3000S,20,Pcs.,6.27,125.4
2026-07-21,26-27/01802/Hero,Verma Auto Agencies | AFM | Barabanki,29K210S,50,Pcs.,37.63,1881.5
2026-07-21,26-27/01802/Hero,Verma Auto Agencies | AFM | Barabanki,33120AAW00099S,1,Pcs.,351.19,351.19
2026-07-21,26-27/01802/Hero,Verma Auto Agencies | AFM | Barabanki,33120AAW00099S,1,Pcs.,407.63,407.63
2026-07-21,26-27/01802/Hero,Verma Auto Agencies | AFM | Barabanki,3370BAAG30099S,2,Pcs.,225.76,451.52
2026-07-21,26-27/01802/Hero,Verma Auto Agencies | AFM | Barabanki,37100AAH10099S,1,Pcs.,959.49,959.49
2026-07-21,26-27/01802/Hero,Verma Auto Agencies | AFM | Barabanki,90109SB6000S,200,Pcs.,1.25,250.0
2026-07-21,26-27/01802/Hero,Verma Auto Agencies | AFM | Barabanki,51400KWH900AS,1,Pcs.,1570.93,1570.93
2026-07-21,26-27/01802/Hero,Verma Auto Agencies | AFM | Barabanki,81131AAL000S,1,Pcs.,285.97,285.97
2026-07-21,26-27/01802/Hero,Verma Auto Agencies | AFM | Barabanki,17253KTC900S,1,Pcs.,81.53,81.53
2026-07-21,26-27/01802/Hero,Verma Auto Agencies | AFM | Barabanki,17681KTC900S,10,Pcs.,12.54,125.4
2026-07-21,26-27/01802/Hero,Verma Auto Agencies | AFM | Barabanki,22870KVE860S,1,Pcs.,71.24,71.24
2026-07-21,26-27/01802/Hero,Verma Auto Agencies | AFM | Barabanki,28101KWA940S,10,Pcs.,78.39,783.9
2026-07-21,26-27/01802/Hero,Verma Auto Agencies | AFM | Barabanki,35160KTP890S,3,Pcs.,40.76,122.28
2026-07-21,26-27/01802/Hero,Verma Auto Agencies | AFM | Barabanki,35200KTCA20S,2,Pcs.,272.79,545.58
2026-07-21,26-27/01802/Hero,Verma Auto Agencies | AFM | Barabanki,35200KWA841S,1,Pcs.,310.42,310.42
2026-07-21,26-27/01802/Hero,Verma Auto Agencies | AFM | Barabanki,42303KTR900S,8,Pcs.,47.03,376.24
2026-07-21,26-27/01802/Hero,Verma Auto Agencies | AFM | Barabanki,45451AAF400S,40,Pcs.,9.4,376.0
2026-07-21,26-27/01802/Hero,Verma Auto Agencies | AFM | Barabanki,45530KCC841S,5,Pcs.,194.4,972.0
2026-07-21,26-27/01802/Hero,Verma Auto Agencies | AFM | Barabanki,50803KST940S,1,Pcs.,431.57,431.57
2026-07-21,26-27/01802/Hero,Verma Auto Agencies | AFM | Barabanki,53175KSP900S,2,Pcs.,87.79,175.58
2026-07-21,26-27/01802/Hero,Verma Auto Agencies | AFM | Barabanki,6410AAAGH20S,1,Pcs.,241.44,241.44
2026-07-21,26-27/01802/Hero,Verma Auto Agencies | AFM | Barabanki,91001KTN900S,2,Pcs.,335.51,671.02
2026-07-21,26-27/01802/Hero,Verma Auto Agencies | AFM | Barabanki,91001KTN900S,2,Pcs.,289.73,579.46
2026-07-21,26-27/01802/Hero,Verma Auto Agencies | AFM | Barabanki,91002KSP911S,4,Pcs.,181.86,727.44
2026-07-21,26-27/01802/Hero,Verma Auto Agencies | AFM | Barabanki,K06431KTNA701S,6,Pcs.,200.68,1204.08
2026-07-21,26-27/01802/Hero,Verma Auto Agencies | AFM | Barabanki,K12121KSTG940S,2,Pcs.,1552.12,3104.24
2026-07-21,26-27/01802/Hero,Verma Auto Agencies | AFM | Barabanki,K50506KTCF900LS,1,Pcs.,147.37,147.37
2026-07-21,26-27/01802/Hero,Verma Auto Agencies | AFM | Barabanki,K50506KTCF900RS,1,Pcs.,144.24,144.24
2026-07-21,26-27/01802/Hero,Verma Auto Agencies | AFM | Barabanki,16100AAC701S,2,Pcs.,1580.34,3160.68
2026-07-21,26-27/01802/Hero,Verma Auto Agencies | AFM | Barabanki,17211KWP900S,5,Pcs.,125.42,627.1
2026-07-21,26-27/01802/Hero,Verma Auto Agencies | AFM | Barabanki,17253KTC900S,4,Pcs.,81.53,326.12
2026-07-21,26-27/01802/Hero,Verma Auto Agencies | AFM | Barabanki,17681KTC900S,10,Pcs.,12.54,125.4
2026-07-21,26-27/01802/Hero,Verma Auto Agencies | AFM | Barabanki,17684KPL840S,1,Pcs.,63.97,63.97
2026-07-21,26-27/01802/Hero,Verma Auto Agencies | AFM | Barabanki,22121KTP900S,12,Pcs.,31.35,376.2
2026-07-21,26-27/01802/Hero,Verma Auto Agencies | AFM | Barabanki,22132KPL900S,18,Pcs.,28.84,519.12
2026-07-21,26-27/01802/Hero,Verma Auto Agencies | AFM | Barabanki,22870KVE860S,1,Pcs.,71.24,71.24
2026-07-21,26-27/01802/Hero,Verma Auto Agencies | AFM | Barabanki,31120KTRA01S,1,Pcs.,615.21,615.21
2026-07-21,26-27/01802/Hero,Verma Auto Agencies | AFM | Barabanki,31120KTRA01S,1,Pcs.,661.61,661.61
2026-07-21,26-27/01802/Hero,Verma Auto Agencies | AFM | Barabanki,31201KG8004S,10,Pcs.,166.19,1661.9
2026-07-21,26-27/01802/Hero,Verma Auto Agencies | AFM | Barabanki,35160KTP890S,7,Pcs.,40.76,285.32
2026-07-21,26-27/01802/Hero,Verma Auto Agencies | AFM | Barabanki,35200KTCA20S,1,Pcs.,272.79,272.79
2026-07-21,26-27/01802/Hero,Verma Auto Agencies | AFM | Barabanki,35200KTCA20S,1,Pcs.,294.75,294.75
2026-07-21,26-27/01802/Hero,Verma Auto Agencies | AFM | Barabanki,42303KTR900S,2,Pcs.,47.03,94.06
2026-07-21,26-27/01802/Hero,Verma Auto Agencies | AFM | Barabanki,45451AAF400S,60,Pcs.,9.4,564.0
2026-07-21,26-27/01802/Hero,Verma Auto Agencies | AFM | Barabanki,K06431KTNA701S,4,Pcs.,200.68,802.72
2026-07-21,26-27/01803/Hero,Verma Auto Agencies | AFM | Barabanki,15650AACH00S,5,Pcs.,18.81,94.05
2026-07-21,26-27/01803/Hero,Verma Auto Agencies | AFM | Barabanki,16100KWH961S,1,Pcs.,1580.34,1580.34
2026-07-21,26-27/01803/Hero,Verma Auto Agencies | AFM | Barabanki,17212KTC900S,3,Pcs.,97.21,291.63
2026-07-21,26-27/01803/Hero,Verma Auto Agencies | AFM | Barabanki,17920KZN305S,2,Pcs.,164.05,328.1
2026-07-21,26-27/01803/Hero,Verma Auto Agencies | AFM | Barabanki,22870KWA910S,9,Pcs.,59.95,539.55
2026-07-21,26-27/01803/Hero,Verma Auto Agencies | AFM | Barabanki,22870KWA910S,1,Pcs.,65.59,65.59
2026-07-21,26-27/01803/Hero,Verma Auto Agencies | AFM | Barabanki,22870KWA910S,8,Pcs.,68.73,549.84
2026-07-21,26-27/01803/Hero,Verma Auto Agencies | AFM | Barabanki,30500AAFH00S,1,Pcs.,196.91,196.91
2026-07-21,26-27/01803/Hero,Verma Auto Agencies | AFM | Barabanki,30500AAFH00S,9,Pcs.,213.22,1918.98
2026-07-21,26-27/01803/Hero,Verma Auto Agencies | AFM | Barabanki,31110AAD011S,1,Pcs.,658.47,658.47
2026-07-21,26-27/01803/Hero,Verma Auto Agencies | AFM | Barabanki,3370BAAG30099S,1,Pcs.,225.76,225.76
2026-07-21,26-27/01803/Hero,Verma Auto Agencies | AFM | Barabanki,35010AAL000S,2,Pcs.,602.03,1204.06
2026-07-21,26-27/01803/Hero,Verma Auto Agencies | AFM | Barabanki,35130AAD00099S,45,Pcs.,37.63,1693.35
2026-07-21,26-27/01803/Hero,Verma Auto Agencies | AFM | Barabanki,44830AAD220S,1,Pcs.,63.08,63.08
2026-07-21,26-27/01803/Hero,Verma Auto Agencies | AFM | Barabanki,88120AANH01S,1,Pcs.,153.65,153.65
2026-07-21,26-27/01803/Hero,Verma Auto Agencies | AFM | Barabanki,88120AANH01S,2,Pcs.,178.73,357.46
2026-07-21,26-27/01803/Hero,Verma Auto Agencies | AFM | Barabanki,K53531HF100DS,10,Pcs.,37.63,376.3
2026-07-21,26-27/01803/Hero,Verma Auto Agencies | AFM | Barabanki,12341KWA900S,1,Pcs.,66.47,66.47
2026-07-21,26-27/01803/Hero,Verma Auto Agencies | AFM | Barabanki,12341KWA900S,3,Pcs.,81.53,244.59
2026-07-21,26-27/01803/Hero,Verma Auto Agencies | AFM | Barabanki,15650AACH00S,5,Pcs.,18.81,94.05
2026-07-21,26-27/01803/Hero,Verma Auto Agencies | AFM | Barabanki,17212KTC900S,1,Pcs.,97.21,97.21
2026-07-21,26-27/01803/Hero,Verma Auto Agencies | AFM | Barabanki,18805KPL900S,10,Pcs.,28.22,282.2
2026-07-21,26-27/01803/Hero,Verma Auto Agencies | AFM | Barabanki,22870KWA910S,1,Pcs.,59.95,59.95
2026-07-21,26-27/01803/Hero,Verma Auto Agencies | AFM | Barabanki,22870KWA910S,5,Pcs.,68.73,343.65
2026-07-21,26-27/01803/Hero,Verma Auto Agencies | AFM | Barabanki,30500AAFH00S,2,Pcs.,213.22,426.44
2026-07-21,26-27/01803/Hero,Verma Auto Agencies | AFM | Barabanki,52400KWP900S,1,Pcs.,513.15,513.15
2026-07-21,26-27/01803/Hero,Verma Auto Agencies | AFM | Barabanki,52400KWP900S,1,Pcs.,552.03,552.03
2026-07-21,26-27/01803/Hero,Verma Auto Agencies | AFM | Barabanki,88120AANH01S,1,Pcs.,153.65,153.65
2026-07-21,26-27/01803/Hero,Verma Auto Agencies | AFM | Barabanki,88120AANH01S,8,Pcs.,178.73,1429.84
2026-07-21,26-27/01803/Hero,Verma Auto Agencies | AFM | Barabanki,K53531HF100DS,18,Pcs.,37.63,677.34
2026-07-21,26-27/01803/Hero,Verma Auto Agencies | AFM | Barabanki,52400KTR841S,10,Pcs.,630.42,6304.2
2026-07-21,26-27/01803/Hero,Verma Auto Agencies | AFM | Barabanki,52400KTR841S,10,Pcs.,630.42,6304.2
2026-07-21,26-27/01803/Hero,Verma Auto Agencies | AFM | Barabanki,K44446AAFB000S,1,Pcs.,3070.3,3070.3
2026-07-21,26-27/01803/Hero,Verma Auto Agencies | AFM | Barabanki,18805KPL900S,20,Pcs.,25.09,501.8
2026-07-21,26-27/01803/Hero,Verma Auto Agencies | AFM | Barabanki,28101KWA940S,5,Pcs.,78.39,391.95
2026-07-21,26-27/01803/Hero,Verma Auto Agencies | AFM | Barabanki,31120KTRA01S,1,Pcs.,661.61,661.61
2026-07-21,26-27/01803/Hero,Verma Auto Agencies | AFM | Barabanki,31120KTRA01S,2,Pcs.,761.95,1523.9
2026-07-21,26-27/01803/Hero,Verma Auto Agencies | AFM | Barabanki,35010AAHA01S,20,Pcs.,605.17,12103.4
2026-07-21,26-27/01803/Hero,Verma Auto Agencies | AFM | Barabanki,06455AANE00S,2,Pcs.,216.35,432.7
2026-07-21,26-27/01803/Hero,Verma Auto Agencies | AFM | Barabanki,12341KWA900S,1,Pcs.,66.47,66.47
2026-07-21,26-27/01803/Hero,Verma Auto Agencies | AFM | Barabanki,12341KWA900S,5,Pcs.,81.53,407.65
2026-07-21,26-27/01803/Hero,Verma Auto Agencies | AFM | Barabanki,22870KWA910S,1,Pcs.,59.95,59.95
2026-07-21,26-27/01803/Hero,Verma Auto Agencies | AFM | Barabanki,22870KWA910S,4,Pcs.,68.73,274.92
2026-07-21,26-27/01803/Hero,Verma Auto Agencies | AFM | Barabanki,35130AAD00099S,5,Pcs.,37.63,188.15
2026-07-21,26-27/01803/Hero,Verma Auto Agencies | AFM | Barabanki,37800KWH962S,3,Pcs.,253.98,761.94
2026-07-21,26-27/01803/Hero,Verma Auto Agencies | AFM | Barabanki,37800KWH962S,4,Pcs.,291.61,1166.44
2026-07-21,26-27/01803/Hero,Verma Auto Agencies | AFM | Barabanki,40510KTCA20S,1,Pcs.,329.24,329.24
2026-07-21,26-27/01803/Hero,Verma Auto Agencies | AFM | Barabanki,40520KTCA20S,1,Pcs.,329.24,329.24
2026-07-21,26-27/01803/Hero,Verma Auto Agencies | AFM | Barabanki,42303KTR900S,24,Pcs.,47.03,1128.72
2026-07-21,26-27/01803/Hero,Verma Auto Agencies | AFM | Barabanki,44830AAD220S,2,Pcs.,63.08,126.16
2026-07-21,26-27/01803/Hero,Verma Auto Agencies | AFM | Barabanki,44830AAD220S,2,Pcs.,65.59,131.18
2026-07-21,26-27/01803/Hero,Verma Auto Agencies | AFM | Barabanki,50512AAHF00S,2,Pcs.,70.24,140.48
2026-07-21,26-27/01803/Hero,Verma Auto Agencies | AFM | Barabanki,61311AAC200S,1,Pcs.,187.51,187.51
2026-07-21,26-27/01803/Hero,Verma Auto Agencies | AFM | Barabanki,88120AAC201RS,2,Pcs.,191.27,382.54
2026-07-21,26-27/01803/Hero,Verma Auto Agencies | AFM | Barabanki,K53531HF100DS,8,Pcs.,37.63,301.04
2026-07-21,26-27/01803/Hero,Verma Auto Agencies | AFM | Barabanki,K91902HF100DS,9,Pcs.,42.02,378.18
2026-07-21,26-27/01803/Hero,Verma Auto Agencies | AFM | Barabanki,K91902HF100DS,1,Pcs.,47.03,47.03
2026-07-21,26-27/01803/Hero,Verma Auto Agencies | AFM | Barabanki,37800KWH962S,1,Pcs.,253.98,253.98
2026-07-21,26-27/01803/Hero,Verma Auto Agencies | AFM | Barabanki,K12121KSTG940S,2,Pcs.,1552.12,3104.24
2026-07-21,26-27/01803/Hero,Verma Auto Agencies | AFM | Barabanki,K12121KZAAW00S,2,Pcs.,1423.56,2847.12
2026-07-21,26-27/01803/Hero,Verma Auto Agencies | AFM | Barabanki,31120KTRA01S,1,Pcs.,661.61,661.61
2026-07-21,26-27/01803/Hero,Verma Auto Agencies | AFM | Barabanki,35010AAH001S,2,Pcs.,561.27,1122.54
2026-07-21,26-27/01803/Hero,Verma Auto Agencies | AFM | Barabanki,35150AAC00099S,5,Pcs.,132.32,661.6
2026-07-21,26-27/01803/Hero,Verma Auto Agencies | AFM | Barabanki,35150AAC00099S,4,Pcs.,172.46,689.84
2026-07-21,26-27/01803/Hero,Verma Auto Agencies | AFM | Barabanki,35200KTCA20S,4,Pcs.,294.75,1179.0
2026-07-21,26-27/01803/Hero,Verma Auto Agencies | AFM | Barabanki,35200KWA841S,7,Pcs.,288.47,2019.29
2026-07-21,26-27/01803/Hero,Verma Auto Agencies | AFM | Barabanki,35200KWA841S,1,Pcs.,310.42,310.42
2026-07-21,26-27/01803/Hero,Verma Auto Agencies | AFM | Barabanki,42303KTR900S,6,Pcs.,47.03,282.18
2026-07-21,26-27/01803/Hero,Verma Auto Agencies | AFM | Barabanki,43451AAHF00S,5,Pcs.,43.9,219.5
2026-07-21,26-27/01803/Hero,Verma Auto Agencies | AFM | Barabanki,46500KST940S,1,Pcs.,172.46,172.46
2026-07-21,26-27/01803/Hero,Verma Auto Agencies | AFM | Barabanki,53173KTRA20S,10,Pcs.,62.72,627.2
2026-07-21,26-27/01803/Hero,Verma Auto Agencies | AFM | Barabanki,61311AAC200S,1,Pcs.,187.51,187.51
2026-07-21,26-27/01803/Hero,Verma Auto Agencies | AFM | Barabanki,K22228HF100DS,15,Pcs.,47.03,705.45
2026-07-21,26-27/01803/Hero,Verma Auto Agencies | AFM | Barabanki,K53531HF100DS,1,Pcs.,37.63,37.63
2026-07-21,26-27/01803/Hero,Verma Auto Agencies | AFM | Barabanki,K90904HF100DS,4,Pcs.,65.84,263.36
2026-07-21,26-27/01803/Hero,Verma Auto Agencies | AFM | Barabanki,K91902HF100DS,22,Pcs.,42.02,924.44
2026-07-21,26-27/01803/Hero,Verma Auto Agencies | AFM | Barabanki,K91902HF100DS,8,Pcs.,43.9,351.2
2026-07-21,26-27/01803/Hero,Verma Auto Agencies | AFM | Barabanki,K91902HF100DS,38,Pcs.,47.03,1787.14
2026-07-21,26-27/01803/Hero,Verma Auto Agencies | AFM | Barabanki,K44426AACAH00S,1,Pcs.,2822.03,2822.03
2026-07-21,26-27/01803/Hero,Verma Auto Agencies | AFM | Barabanki,50400AAH700S,1,Pcs.,429.58,429.58
2026-07-21,26-27/01803/Hero,Verma Auto Agencies | AFM | Barabanki,50400AAH700S,1,Pcs.,375.65,375.65
2026-07-21,26-27/01803/Hero,Verma Auto Agencies | AFM | Barabanki,K91902HF100DS,200,Pcs.,47.03,9406.0
2026-07-21,26-27/01803/Hero,Verma Auto Agencies | AFM | Barabanki,28101KWA940S,40,Pcs.,78.39,3135.6
2026-07-21,26-27/01803/Hero,Verma Auto Agencies | AFM | Barabanki,31120KTRA01S,5,Pcs.,661.61,3308.05
2026-07-21,26-27/01803/Hero,Verma Auto Agencies | AFM | Barabanki,31120KTRA01S,1,Pcs.,761.95,761.95
2026-07-21,26-27/01803/Hero,Verma Auto Agencies | AFM | Barabanki,61100KTCA20ZES,1,Pcs.,730.6,730.6
2026-07-21,26-27/01803/Hero,Verma Auto Agencies | AFM | Barabanki,K91910KTCE900S,1,Pcs.,391.95,391.95
2026-07-21,26-27/01803/Hero,Verma Auto Agencies | AFM | Barabanki,K91910KTCE900S,17,Pcs.,417.03,7089.51
2026-07-21,26-27/01803/Hero,Verma Auto Agencies | AFM | Barabanki,17213AACA0099S,40,Pcs.,109.75,4390.0
2026-07-21,26-27/01803/Hero,Verma Auto Agencies | AFM | Barabanki,17213AACA0099S,20,Pcs.,109.75,2195.0
2026-07-21,26-27/01803/Hero,Verma Auto Agencies | AFM | Barabanki,17213AACA0099S,30,Pcs.,134.83,4044.9
2026-07-21,26-27/01803/Hero,Verma Auto Agencies | AFM | Barabanki,17213AACA0099S,50,Pcs.,109.75,5487.5
2026-07-21,26-27/01803/Hero,Verma Auto Agencies | AFM | Barabanki,17213AACA0099S,52,Pcs.,109.75,5707.0
2026-07-21,26-27/01803/Hero,Verma Auto Agencies | AFM | Barabanki,17213AACA0099S,8,Pcs.,109.75,878.0
2026-07-21,26-27/01803/Hero,Verma Auto Agencies | AFM | Barabanki,22870KWA910S,1,Pcs.,68.73,68.73
2026-07-21,26-27/01803/Hero,Verma Auto Agencies | AFM | Barabanki,52400AAH000RS,2,Pcs.,661.78,1323.56
2026-07-21,26-27/01803/Hero,Verma Auto Agencies | AFM | Barabanki,K53531HF100DS,3,Pcs.,37.63,112.89
2026-07-21,26-27/01803/Hero,Verma Auto Agencies | AFM | Barabanki,K91902HF100DS,9,Pcs.,42.02,378.18
2026-07-21,26-27/01803/Hero,Verma Auto Agencies | AFM | Barabanki,K91902HF100DS,1,Pcs.,43.9,43.9
2026-07-21,26-27/01803/Hero,Verma Auto Agencies | AFM | Barabanki,K91902HF100DS,12,Pcs.,47.03,564.36
2026-07-21,26-27/01803/Hero,Verma Auto Agencies | AFM | Barabanki,K91910KTCE900S,2,Pcs.,417.03,834.06
2026-07-21,26-27/01804/Hero,Verma Auto Agencies | AFM | Barabanki,41241KTC900S,200,Pcs.,18.81,3762.0
2026-07-21,26-27/01804/Hero,Verma Auto Agencies | AFM | Barabanki,41241KTC900S,200,Pcs.,18.81,3762.0
2026-07-21,26-27/01804/Hero,Verma Auto Agencies | AFM | Barabanki,14670035030LS,100,Pcs.,65.84,6584.0
2026-07-21,26-27/01804/Hero,Verma Auto Agencies | AFM | Barabanki,45450KCC900S,50,Pcs.,94.07,4703.5
2026-07-21,26-27/01804/Hero,Verma Auto Agencies | AFM | Barabanki,43100153600HS,5,Pcs.,420.17,2100.85
2026-07-21,26-27/01804/Hero,Verma Auto Agencies | AFM | Barabanki,43100153600HS,5,Pcs.,420.17,2100.85
2026-07-21,26-27/01804/Hero,Verma Auto Agencies | AFM | Barabanki,43100153600HS,5,Pcs.,420.17,2100.85
2026-07-21,26-27/01804/Hero,Verma Auto Agencies | AFM | Barabanki,9501151000S,200,Pcs.,6.27,1254.0
2026-07-21,26-27/01804/Hero,Verma Auto Agencies | AFM | Barabanki,9501151000S,200,Pcs.,6.27,1254.0
2026-07-21,26-27/01804/Hero,Verma Auto Agencies | AFM | Barabanki,40531KTE910S,400,Pcs.,9.4,3760.0
2026-07-21,26-27/01804/Hero,Verma Auto Agencies | AFM | Barabanki,14670035030LS,100,Pcs.,65.84,6584.0
2026-07-21,26-27/01804/Hero,Verma Auto Agencies | AFM | Barabanki,40531205010S,400,Pcs.,9.4,3760.0
2026-07-21,26-27/01804/Hero,Verma Auto Agencies | AFM | Barabanki,40531205010S,400,Pcs.,9.4,3760.0
2026-07-21,26-27/01804/Hero,Verma Auto Agencies | AFM | Barabanki,35010AAE301S,10,Pcs.,536.19,5361.9
2026-07-21,26-27/01804/Hero,Verma Auto Agencies | AFM | Barabanki,35100AACH01S,10,Pcs.,329.24,3292.4
2026-07-21,26-27/01804/Hero,Verma Auto Agencies | AFM | Barabanki,14311035000S,40,Pcs.,37.63,1505.2
2026-07-21,26-27/01804/Hero,Verma Auto Agencies | AFM | Barabanki,14566086030S,60,Pcs.,6.27,376.2
2026-07-21,26-27/01804/Hero,Verma Auto Agencies | AFM | Barabanki,14781MA6000S,20,Pcs.,7.53,150.6
2026-07-21,26-27/01804/Hero,Verma Auto Agencies | AFM | Barabanki,14781MA6000S,20,Pcs.,9.4,188.0
2026-07-21,26-27/01804/Hero,Verma Auto Agencies | AFM | Barabanki,15421035010S,25,Pcs.,34.49,862.25
2026-07-21,26-27/01804/Hero,Verma Auto Agencies | AFM | Barabanki,23211GF6000S,1,Pcs.,376.27,376.27
2026-07-21,26-27/01804/Hero,Verma Auto Agencies | AFM | Barabanki,23221GF6000S,2,Pcs.,269.66,539.32
2026-07-21,26-27/01804/Hero,Verma Auto Agencies | AFM | Barabanki,23441GB4770S,13,Pcs.,388.81,5054.53
2026-07-21,26-27/01804/Hero,Verma Auto Agencies | AFM | Barabanki,23461GK4760S,1,Pcs.,269.66,269.66
2026-07-21,26-27/01804/Hero,Verma Auto Agencies | AFM | Barabanki,23461GK4760S,25,Pcs.,282.21,7055.25
2026-07-21,26-27/01804/Hero,Verma Auto Agencies | AFM | Barabanki,24430KST900S,64,Pcs.,53.3,3411.2
2026-07-21,26-27/01804/Hero,Verma Auto Agencies | AFM | Barabanki,28302KAG900S,65,Pcs.,75.25,4891.25
2026-07-21,26-27/01804/Hero,Verma Auto Agencies | AFM | Barabanki,33K151S,18,Pcs.,422.03,7596.54
2026-07-21,26-27/01804/Hero,Verma Auto Agencies | AFM | Barabanki,42610198900S,2,Pcs.,279.07,558.14
2026-07-21,26-27/01804/Hero,Verma Auto Agencies | AFM | Barabanki,45450KCC900S,1,Pcs.,87.79,87.79
2026-07-21,26-27/01804/Hero,Verma Auto Agencies | AFM | Barabanki,91208KB4670S,10,Pcs.,21.95,219.5
2026-07-21,26-27/01804/Hero,Verma Auto Agencies | AFM | Barabanki,91307035000S,40,Pcs.,6.27,250.8
2026-07-21,26-27/01804/Hero,Verma Auto Agencies | AFM | Barabanki,961006001000S,10,Pcs.,65.84,658.4
2026-07-21,26-27/01804/Hero,Verma Auto Agencies | AFM | Barabanki,14431035020RS,20,Pcs.,169.32,3386.4
2026-07-21,26-27/01804/Hero,Verma Auto Agencies | AFM | Barabanki,14566086030S,180,Pcs.,6.27,1128.6
2026-07-21,26-27/01804/Hero,Verma Auto Agencies | AFM | Barabanki,14781MA6000S,40,Pcs.,9.4,376.0
2026-07-21,26-27/01804/Hero,Verma Auto Agencies | AFM | Barabanki,15421035010S,5,Pcs.,34.49,172.45
2026-07-21,26-27/01804/Hero,Verma Auto Agencies | AFM | Barabanki,15441198000S,2,Pcs.,56.44,112.88
2026-07-21,26-27/01804/Hero,Verma Auto Agencies | AFM | Barabanki,23441GB4770S,7,Pcs.,388.81,2721.67
2026-07-21,26-27/01804/Hero,Verma Auto Agencies | AFM | Barabanki,23461GK4760S,4,Pcs.,282.21,1128.84
2026-07-21,26-27/01804/Hero,Verma Auto Agencies | AFM | Barabanki,24430KST900S,5,Pcs.,53.3,266.5
2026-07-21,26-27/01804/Hero,Verma Auto Agencies | AFM | Barabanki,28302KAG900S,65,Pcs.,75.25,4891.25
2026-07-21,26-27/01804/Hero,Verma Auto Agencies | AFM | Barabanki,33K151S,12,Pcs.,422.03,5064.36
2026-07-21,26-27/01804/Hero,Verma Auto Agencies | AFM | Barabanki,35200KZAW21S,2,Pcs.,338.65,677.3
2026-07-21,26-27/01804/Hero,Verma Auto Agencies | AFM | Barabanki,40531205010S,100,Pcs.,9.4,940.0
2026-07-21,26-27/01804/Hero,Verma Auto Agencies | AFM | Barabanki,43100153600HS,1,Pcs.,420.17,420.17
2026-07-21,26-27/01804/Hero,Verma Auto Agencies | AFM | Barabanki,45450KCC900S,9,Pcs.,87.79,790.11
2026-07-21,26-27/01804/Hero,Verma Auto Agencies | AFM | Barabanki,53168166000S,10,Pcs.,20.07,200.7
2026-07-21,26-27/01804/Hero,Verma Auto Agencies | AFM | Barabanki,53168166000S,10,Pcs.,25.09,250.9
2026-07-21,26-27/01804/Hero,Verma Auto Agencies | AFM | Barabanki,90083KVH900S,100,Pcs.,3.14,314.0
2026-07-21,26-27/01804/Hero,Verma Auto Agencies | AFM | Barabanki,90307001000S,200,Pcs.,9.4,1880.0
2026-07-21,26-27/01804/Hero,Verma Auto Agencies | AFM | Barabanki,91208KB4670S,40,Pcs.,21.95,878.0
2026-07-21,26-27/01804/Hero,Verma Auto Agencies | AFM | Barabanki,91303719000S,200,Pcs.,6.27,1254.0
2026-07-21,26-27/01804/Hero,Verma Auto Agencies | AFM | Barabanki,91307035000S,160,Pcs.,6.27,1003.2
2026-07-21,26-27/01804/Hero,Verma Auto Agencies | AFM | Barabanki,961006001000S,5,Pcs.,59.58,297.9
2026-07-21,26-27/01804/Hero,Verma Auto Agencies | AFM | Barabanki,961006001000S,15,Pcs.,62.72,940.8
2026-07-21,26-27/01804/Hero,Verma Auto Agencies | AFM | Barabanki,961006001000S,20,Pcs.,65.84,1316.8
2026-07-21,26-27/01804/Hero,Verma Auto Agencies | AFM | Barabanki,14321AAD200S,20,Pcs.,53.3,1066.0
2026-07-21,26-27/01804/Hero,Verma Auto Agencies | AFM | Barabanki,22121198900S,32,Pcs.,203.81,6521.92
2026-07-21,26-27/01804/Hero,Verma Auto Agencies | AFM | Barabanki,22311107000S,81,Pcs.,31.1,2519.1
2026-07-21,26-27/01804/Hero,Verma Auto Agencies | AFM | Barabanki,28261198000S,5,Pcs.,28.22,141.1
2026-07-21,26-27/01804/Hero,Verma Auto Agencies | AFM | Barabanki,40545001000S,160,Pcs.,6.27,1003.2
2026-07-21,26-27/01804/Hero,Verma Auto Agencies | AFM | Barabanki,53167GE4000S,35,Pcs.,18.81,658.35
2026-07-21,26-27/01804/Hero,Verma Auto Agencies | AFM | Barabanki,12341198900S,10,Pcs.,90.93,909.3
2026-07-21,26-27/01804/Hero,Verma Auto Agencies | AFM | Barabanki,13012GN5315LS,30,Pcs.,163.05,4891.5
2026-07-21,26-27/01804/Hero,Verma Auto Agencies | AFM | Barabanki,13111087000S,30,Pcs.,40.76,1222.8
2026-07-21,26-27/01804/Hero,Verma Auto Agencies | AFM | Barabanki,14321AAD200S,20,Pcs.,53.3,1066.0
2026-07-21,26-27/01804/Hero,Verma Auto Agencies | AFM | Barabanki,14510KTC901S,20,Pcs.,50.17,1003.4
2026-07-21,26-27/01804/Hero,Verma Auto Agencies | AFM | Barabanki,14550GB0910RS,80,Pcs.,68.98,5518.4
2026-07-21,26-27/01804/Hero,Verma Auto Agencies | AFM | Barabanki,16211AAN410S,1,Pcs.,25.72,25.72
2026-07-21,26-27/01804/Hero,Verma Auto Agencies | AFM | Barabanki,16211AAN410S,1,Pcs.,31.35,31.35
2026-07-21,26-27/01804/Hero,Verma Auto Agencies | AFM | Barabanki,22121198900S,8,Pcs.,203.81,1630.48
2026-07-21,26-27/01804/Hero,Verma Auto Agencies | AFM | Barabanki,22311107000S,99,Pcs.,31.1,3078.9
2026-07-21,26-27/01804/Hero,Verma Auto Agencies | AFM | Barabanki,24430KST900S,1,Pcs.,53.3,53.3
2026-07-21,26-27/01804/Hero,Verma Auto Agencies | AFM | Barabanki,28261198000S,45,Pcs.,28.22,1269.9
2026-07-21,26-27/01804/Hero,Verma Auto Agencies | AFM | Barabanki,3370BAAC201S,1,Pcs.,288.47,288.47
2026-07-21,26-27/01804/Hero,Verma Auto Agencies | AFM | Barabanki,3370BAAC201S,1,Pcs.,313.56,313.56
2026-07-21,26-27/01804/Hero,Verma Auto Agencies | AFM | Barabanki,33K110S,8,Pcs.,361.21,2889.68
2026-07-21,26-27/01804/Hero,Verma Auto Agencies | AFM | Barabanki,33K110S,2,Pcs.,396.95,793.9
2026-07-21,26-27/01804/Hero,Verma Auto Agencies | AFM | Barabanki,33K150S,2,Pcs.,369.98,739.96
2026-07-21,26-27/01804/Hero,Verma Auto Agencies | AFM | Barabanki,33K150S,7,Pcs.,418.89,2932.23
2026-07-21,26-27/01804/Hero,Verma Auto Agencies | AFM | Barabanki,40531205010S,10,Pcs.,9.4,94.0
2026-07-21,26-27/01804/Hero,Verma Auto Agencies | AFM | Barabanki,40545001000S,40,Pcs.,6.27,250.8
2026-07-21,26-27/01804/Hero,Verma Auto Agencies | AFM | Barabanki,43151110000S,40,Pcs.,6.9,276.0
2026-07-21,26-27/01804/Hero,Verma Auto Agencies | AFM | Barabanki,53167GE4000S,5,Pcs.,18.81,94.05
2026-07-21,26-27/01804/Hero,Verma Auto Agencies | AFM | Barabanki,41241GB4770S,200,Pcs.,12.54,2508.0
2026-07-21,26-27/01804/Hero,Verma Auto Agencies | AFM | Barabanki,45125KCCH00S,100,Pcs.,62.72,6272.0
2026-07-21,26-27/01804/Hero,Verma Auto Agencies | AFM | Barabanki,45125KCCH00S,100,Pcs.,62.72,6272.0
2026-07-21,26-27/01804/Hero,Verma Auto Agencies | AFM | Barabanki,45125KCCH00S,100,Pcs.,62.72,6272.0
2026-07-21,26-27/01804/Hero,Verma Auto Agencies | AFM | Barabanki,45125KCCH00S,100,Pcs.,62.72,6272.0
2026-07-21,26-27/01804/Hero,Verma Auto Agencies | AFM | Barabanki,33K150S,1,Pcs.,418.89,418.89
2026-07-21,26-27/01805/Hero,Verma Auto Agencies | AFM | Barabanki,8340BAAGA00S,1,Pcs.,222.0,222.0
2026-07-21,26-27/01805/Hero,Verma Auto Agencies | AFM | Barabanki,8340BAAGA00S,1,Pcs.,222.0,222.0
2026-07-21,26-27/01805/Hero,Verma Auto Agencies | AFM | Barabanki,83402AAEB00S,1,Pcs.,225.76,225.76
2026-07-21,26-27/01805/Hero,Verma Auto Agencies | AFM | Barabanki,83402AAEB00S,1,Pcs.,225.76,225.76
2026-07-21,26-27/01805/Hero,Verma Auto Agencies | AFM | Barabanki,83402AAEB00S,1,Pcs.,225.76,225.76
2026-07-21,26-27/01805/Hero,Verma Auto Agencies | AFM | Barabanki,83402AAEB00S,1,Pcs.,225.76,225.76
2026-07-21,26-27/01805/Hero,Verma Auto Agencies | AFM | Barabanki,K44426AAEAH00S,1,Pcs.,3342.54,3342.54
2026-07-21,26-27/01805/Hero,Verma Auto Agencies | AFM | Barabanki,83402AAEB00S,1,Pcs.,225.76,225.76
2026-07-21,26-27/01805/Hero,Verma Auto Agencies | AFM | Barabanki,83402AAEB00S,1,Pcs.,225.76,225.76
2026-07-21,26-27/01805/Hero,Verma Auto Agencies | AFM | Barabanki,83402AAEB00S,1,Pcs.,225.76,225.76
2026-07-21,26-27/01805/Hero,Verma Auto Agencies | AFM | Barabanki,22201AAHA01S,224,Pcs.,43.64,9775.36
2026-07-21,26-27/01805/Hero,Verma Auto Agencies | AFM | Barabanki,22201AAHA01S,224,Pcs.,43.64,9775.36
2026-07-21,26-27/01805/Hero,Verma Auto Agencies | AFM | Barabanki,22201AAHA01S,224,Pcs.,43.64,9775.36
2026-07-21,26-27/01805/Hero,Verma Auto Agencies | AFM | Barabanki,22201AAHA01S,224,Pcs.,43.64,9775.36
2026-07-21,26-27/01805/Hero,Verma Auto Agencies | AFM | Barabanki,22201AAHA01S,224,Pcs.,43.64,9775.36
2026-07-21,26-27/01805/Hero,Verma Auto Agencies | AFM | Barabanki,35100AAE301S,6,Pcs.,360.6,2163.6
2026-07-21,26-27/01805/Hero,Verma Auto Agencies | AFM | Barabanki,35100AAE301S,6,Pcs.,310.42,1862.52
2026-07-21,26-27/01805/Hero,Verma Auto Agencies | AFM | Barabanki,35100AAE301S,6,Pcs.,360.6,2163.6
2026-07-21,26-27/01805/Hero,Verma Auto Agencies | AFM | Barabanki,K40405KWAG930S,2,Pcs.,329.24,658.48
2026-07-21,26-27/01805/Hero,Verma Auto Agencies | AFM | Barabanki,K41412AANNB00S,10,Pcs.,508.14,5081.4
2026-07-21,26-27/01805/Hero,Verma Auto Agencies | AFM | Barabanki,K41412AANNB00S,10,Pcs.,508.14,5081.4
2026-07-21,26-27/01805/Hero,Verma Auto Agencies | AFM | Barabanki,K41412AANNB00S,10,Pcs.,483.05,4830.5
2026-07-21,26-27/01805/Hero,Verma Auto Agencies | AFM | Barabanki,K41412AANNB00S,10,Pcs.,508.14,5081.4
2026-07-21,26-27/01805/Hero,Verma Auto Agencies | AFM | Barabanki,K41412AANNB00S,10,Pcs.,508.14,5081.4
2026-07-21,26-27/01805/Hero,Verma Auto Agencies | AFM | Barabanki,37800AAE30099S,10,Pcs.,297.88,2978.8
2026-07-21,26-27/01805/Hero,Verma Auto Agencies | AFM | Barabanki,45475AAT200S,12,Pcs.,100.34,1204.08
2026-07-21,26-27/01805/Hero,Verma Auto Agencies | AFM | Barabanki,1450AACK000S,8,Pcs.,78.39,627.12
2026-07-21,26-27/01805/Hero,Verma Auto Agencies | AFM | Barabanki,45475AAT200S,33,Pcs.,100.34,3311.22
2026-07-21,26-27/01805/Hero,Verma Auto Agencies | AFM | Barabanki,50530KST940S,26,Pcs.,84.66,2201.16
2026-07-21,26-27/01805/Hero,Verma Auto Agencies | AFM | Barabanki,1450AACK000S,2,Pcs.,78.39,156.78
2026-07-21,26-27/01805/Hero,Verma Auto Agencies | AFM | Barabanki,22201AAHA01S,44,Pcs.,43.64,1920.16
2026-07-21,26-27/01805/Hero,Verma Auto Agencies | AFM | Barabanki,31120AAC811S,1,Pcs.,896.78,896.78
2026-07-21,26-27/01805/Hero,Verma Auto Agencies | AFM | Barabanki,35100AAC701S,1,Pcs.,304.16,304.16
2026-07-21,26-27/01805/Hero,Verma Auto Agencies | AFM | Barabanki,35350KWA940S,10,Pcs.,47.03,470.3
2026-07-21,26-27/01805/Hero,Verma Auto Agencies | AFM | Barabanki,37200AAG101S,1,Pcs.,363.73,363.73
2026-07-21,26-27/01805/Hero,Verma Auto Agencies | AFM | Barabanki,37200AAG101S,1,Pcs.,404.49,404.49
2026-07-21,26-27/01805/Hero,Verma Auto Agencies | AFM | Barabanki,37200AAG101S,2,Pcs.,464.07,928.14
2026-07-21,26-27/01805/Hero,Verma Auto Agencies | AFM | Barabanki,37210ACK01099S,2,Pcs.,228.9,457.8
2026-07-21,26-27/01805/Hero,Verma Auto Agencies | AFM | Barabanki,37210ACK01099S,1,Pcs.,263.39,263.39
2026-07-21,26-27/01805/Hero,Verma Auto Agencies | AFM | Barabanki,37300AAE102S,2,Pcs.,144.24,288.48
2026-07-21,26-27/01805/Hero,Verma Auto Agencies | AFM | Barabanki,37800ACK00099S,6,Pcs.,225.76,1354.56
2026-07-21,26-27/01805/Hero,Verma Auto Agencies | AFM | Barabanki,45475AAT200S,8,Pcs.,100.34,802.72
2026-07-21,26-27/01805/Hero,Verma Auto Agencies | AFM | Barabanki,50530KST940S,4,Pcs.,84.66,338.64
2026-07-21,26-27/01805/Hero,Verma Auto Agencies | AFM | Barabanki,1450AACK000S,29,Pcs.,78.39,2273.31
2026-07-21,26-27/01805/Hero,Verma Auto Agencies | AFM | Barabanki,17620AAG501S,2,Pcs.,274.05,548.1
2026-07-21,26-27/01805/Hero,Verma Auto Agencies | AFM | Barabanki,17620AAG501S,1,Pcs.,326.1,326.1
2026-07-21,26-27/01805/Hero,Verma Auto Agencies | AFM | Barabanki,17910AAN500S,4,Pcs.,74.63,298.52
2026-07-21,26-27/01805/Hero,Verma Auto Agencies | AFM | Barabanki,17910AAN500S,1,Pcs.,81.53,81.53
2026-07-21,26-27/01805/Hero,Verma Auto Agencies | AFM | Barabanki,22121AAHF01S,3,Pcs.,169.95,509.85
2026-07-21,26-27/01805/Hero,Verma Auto Agencies | AFM | Barabanki,22201AAHA01S,12,Pcs.,43.64,523.68
2026-07-21,26-27/01805/Hero,Verma Auto Agencies | AFM | Barabanki,31120AAC811S,1,Pcs.,896.78,896.78
2026-07-21,26-27/01805/Hero,Verma Auto Agencies | AFM | Barabanki,31201AAT012S,10,Pcs.,34.49,344.9
2026-07-21,26-27/01805/Hero,Verma Auto Agencies | AFM | Barabanki,31600ACK001S,1,Pcs.,846.61,846.61
2026-07-21,26-27/01805/Hero,Verma Auto Agencies | AFM | Barabanki,35150AAC811S,29,Pcs.,92.48,2681.92
2026-07-21,26-27/01805/Hero,Verma Auto Agencies | AFM | Barabanki,45475AAT200S,1,Pcs.,92.19,92.19
2026-07-21,26-27/01805/Hero,Verma Auto Agencies | AFM | Barabanki,45475AAT200S,8,Pcs.,100.34,802.72
2026-07-21,26-27/01805/Hero,Verma Auto Agencies | AFM | Barabanki,45475AAT200S,7,Pcs.,106.61,746.27
2026-07-21,26-27/01805/Hero,Verma Auto Agencies | AFM | Barabanki,50530KST940S,3,Pcs.,84.66,253.98
2026-07-21,26-27/01805/Hero,Verma Auto Agencies | AFM | Barabanki,83516KTCA20S,1,Pcs.,75.25,75.25
2026-07-21,26-27/01805/Hero,Verma Auto Agencies | AFM | Barabanki,K86864AAHC100TS,1,Pcs.,116.02,116.02
2026-07-21,26-27/01805/Hero,Verma Auto Agencies | AFM | Barabanki,14430AANB00S,10,Pcs.,178.73,1787.3
2026-07-21,26-27/01805/Hero,Verma Auto Agencies | AFM | Barabanki,1450AACK000S,37,Pcs.,78.39,2900.43
2026-07-21,26-27/01805/Hero,Verma Auto Agencies | AFM | Barabanki,16424AAGA00S,1,Pcs.,125.42,125.42
2026-07-21,26-27/01805/Hero,Verma Auto Agencies | AFM | Barabanki,16700AAE300S,1,Pcs.,1903.3,1903.3
2026-07-21,26-27/01805/Hero,Verma Auto Agencies | AFM | Barabanki,16701AAE300S,2,Pcs.,106.61,213.22
2026-07-21,26-27/01805/Hero,Verma Auto Agencies | AFM | Barabanki,16701AAE300S,4,Pcs.,122.28,489.12
2026-07-21,26-27/01805/Hero,Verma Auto Agencies | AFM | Barabanki,16701AAF400S,1,Pcs.,75.25,75.25
2026-07-21,26-27/01805/Hero,Verma Auto Agencies | AFM | Barabanki,16701AAF400S,2,Pcs.,84.66,169.32
2026-07-21,26-27/01805/Hero,Verma Auto Agencies | AFM | Barabanki,16701AAF400S,12,Pcs.,87.79,1053.48
2026-07-21,26-27/01805/Hero,Verma Auto Agencies | AFM | Barabanki,17620AAG501S,2,Pcs.,326.1,652.2
2026-07-21,26-27/01805/Hero,Verma Auto Agencies | AFM | Barabanki,22121AAHF01S,2,Pcs.,169.95,339.9
2026-07-21,26-27/01805/Hero,Verma Auto Agencies | AFM | Barabanki,22201AAHA01S,16,Pcs.,43.64,698.24
2026-07-21,26-27/01805/Hero,Verma Auto Agencies | AFM | Barabanki,22311AAHA01S,18,Pcs.,27.96,503.28
2026-07-21,26-27/01805/Hero,Verma Auto Agencies | AFM | Barabanki,24211KTC900S,1,Pcs.,119.16,119.16
2026-07-21,26-27/01805/Hero,Verma Auto Agencies | AFM | Barabanki,24211KTC900S,1,Pcs.,137.97,137.97
2026-07-21,26-27/01805/Hero,Verma Auto Agencies | AFM | Barabanki,31120AAC811S,1,Pcs.,896.78,896.78
2026-07-21,26-27/01805/Hero,Verma Auto Agencies | AFM | Barabanki,31201AAT012S,10,Pcs.,34.49,344.9
2026-07-21,26-27/01805/Hero,Verma Auto Agencies | AFM | Barabanki,35150AAC811S,1,Pcs.,92.48,92.48
2026-07-21,26-27/01805/Hero,Verma Auto Agencies | AFM | Barabanki,37100AAHA1099S,1,Pcs.,906.19,906.19
2026-07-21,26-27/01805/Hero,Verma Auto Agencies | AFM | Barabanki,37200AAG101S,1,Pcs.,363.73,363.73
2026-07-21,26-27/01805/Hero,Verma Auto Agencies | AFM | Barabanki,37200AAG101S,1,Pcs.,404.49,404.49
2026-07-21,26-27/01805/Hero,Verma Auto Agencies | AFM | Barabanki,37210ACK01099S,1,Pcs.,228.9,228.9
2026-07-21,26-27/01805/Hero,Verma Auto Agencies | AFM | Barabanki,37300AAE102S,1,Pcs.,144.24,144.24
2026-07-21,26-27/01805/Hero,Verma Auto Agencies | AFM | Barabanki,45475AAT200S,1,Pcs.,100.34,100.34
2026-07-21,26-27/01805/Hero,Verma Auto Agencies | AFM | Barabanki,45475AAT200S,2,Pcs.,106.61,213.22
2026-07-21,26-27/01805/Hero,Verma Auto Agencies | AFM | Barabanki,50530KST940S,1,Pcs.,84.66,84.66
2026-07-21,26-27/01805/Hero,Verma Auto Agencies | AFM | Barabanki,K12121AAWA000S,1,Pcs.,1693.22,1693.22
2026-07-21,26-27/01805/Hero,Verma Auto Agencies | AFM | Barabanki,13011AANB0099S,1,Pcs.,191.27,191.27
2026-07-21,26-27/01805/Hero,Verma Auto Agencies | AFM | Barabanki,14430AANB00S,14,Pcs.,178.73,2502.22
2026-07-21,26-27/01805/Hero,Verma Auto Agencies | AFM | Barabanki,1450AACK000S,14,Pcs.,78.39,1097.46
2026-07-21,26-27/01805/Hero,Verma Auto Agencies | AFM | Barabanki,15100ACK401S,1,Pcs.,275.93,275.93
2026-07-21,26-27/01805/Hero,Verma Auto Agencies | AFM | Barabanki,16424AAGA00S,1,Pcs.,125.42,125.42
2026-07-21,26-27/01805/Hero,Verma Auto Agencies | AFM | Barabanki,16701AAE300S,2,Pcs.,106.61,213.22
2026-07-21,26-27/01805/Hero,Verma Auto Agencies | AFM | Barabanki,16701AAE300S,1,Pcs.,122.28,122.28
2026-07-21,26-27/01805/Hero,Verma Auto Agencies | AFM | Barabanki,16701AAF400S,10,Pcs.,87.79,877.9
2026-07-21,26-27/01805/Hero,Verma Auto Agencies | AFM | Barabanki,17910AAL600S,2,Pcs.,132.95,265.9
2026-07-21,26-27/01805/Hero,Verma Auto Agencies | AFM | Barabanki,22121AAHF01S,2,Pcs.,169.95,339.9
2026-07-21,26-27/01805/Hero,Verma Auto Agencies | AFM | Barabanki,22201AAHA01S,8,Pcs.,43.64,349.12
2026-07-21,26-27/01805/Hero,Verma Auto Agencies | AFM | Barabanki,22350AAHA01S,1,Pcs.,103.22,103.22
2026-07-21,26-27/01805/Hero,Verma Auto Agencies | AFM | Barabanki,22350AAHA01S,1,Pcs.,112.63,112.63
2026-07-21,26-27/01805/Hero,Verma Auto Agencies | AFM | Barabanki,24261121742S,60,Pcs.,3.14,188.4
2026-07-21,26-27/01805/Hero,Verma Auto Agencies | AFM | Barabanki,24701AANB00S,1,Pcs.,116.02,116.02
2026-07-21,26-27/01805/Hero,Verma Auto Agencies | AFM | Barabanki,28102ACK010S,5,Pcs.,14.8,74.0
2026-07-21,26-27/01805/Hero,Verma Auto Agencies | AFM | Barabanki,28103ACK010S,2,Pcs.,15.68,31.36
2026-07-21,26-27/01805/Hero,Verma Auto Agencies | AFM | Barabanki,28110ACK010S,3,Pcs.,326.1,978.3
2026-07-21,26-27/01805/Hero,Verma Auto Agencies | AFM | Barabanki,28110ACK010S,2,Pcs.,332.37,664.74
2026-07-21,26-27/01805/Hero,Verma Auto Agencies | AFM | Barabanki,31201AAT012S,8,Pcs.,34.49,275.92
2026-07-21,26-27/01805/Hero,Verma Auto Agencies | AFM | Barabanki,31202ACK012S,3,Pcs.,38.25,114.75
2026-07-21,26-27/01805/Hero,Verma Auto Agencies | AFM | Barabanki,31202ACK012S,9,Pcs.,43.9,395.1
2026-07-21,26-27/01805/Hero,Verma Auto Agencies | AFM | Barabanki,31210ACK01099S,1,Pcs.,1674.4,1674.4
2026-07-21,26-27/01805/Hero,Verma Auto Agencies | AFM | Barabanki,31600ACK001S,1,Pcs.,846.61,846.61
2026-07-21,26-27/01805/Hero,Verma Auto Agencies | AFM | Barabanki,35350KWA940S,10,Pcs.,47.03,470.3
2026-07-21,26-27/01805/Hero,Verma Auto Agencies | AFM | Barabanki,37300AAE102S,3,Pcs.,144.24,432.72
2026-07-21,26-27/01805/Hero,Verma Auto Agencies | AFM | Barabanki,45475AAT200S,3,Pcs.,100.34,301.02
2026-07-21,26-27/01805/Hero,Verma Auto Agencies | AFM | Barabanki,50530KST940S,6,Pcs.,84.66,507.96
2026-07-21,26-27/01805/Hero,Verma Auto Agencies | AFM | Barabanki,83516KTCA20S,3,Pcs.,75.25,225.75
2026-07-21,26-27/01805/Hero,Verma Auto Agencies | AFM | Barabanki,91443AAF400S,10,Pcs.,9.4,94.0
2026-07-21,26-27/01805/Hero,Verma Auto Agencies | AFM | Barabanki,K12121AAWA000S,1,Pcs.,1693.22,1693.22
2026-07-21,26-27/01805/Hero,Verma Auto Agencies | AFM | Barabanki,K86866AAGN500RS,1,Pcs.,101.73,101.73
2026-07-21,26-27/01805/Hero,Verma Auto Agencies | AFM | Barabanki,K86866AAGN500TS,7,Pcs.,106.61,746.27
2026-07-21,26-27/01806/Hero,Verma Auto Agencies | AFM | Barabanki,17208AAT00099S,50,Pcs.,169.32,8466.0
2026-07-21,26-27/01806/Hero,Verma Auto Agencies | AFM | Barabanki,50500KTRA00S,5,Pcs.,269.66,1348.3
2026-07-21,26-27/01806/Hero,Verma Auto Agencies | AFM | Barabanki,50500KTRA00S,5,Pcs.,269.66,1348.3
2026-07-21,26-27/01806/Hero,Verma Auto Agencies | AFM | Barabanki,43120365H70S,100,Pcs.,56.44,5644.0
2026-07-21,26-27/01806/Hero,Verma Auto Agencies | AFM | Barabanki,43120365H70S,100,Pcs.,56.44,5644.0
2026-07-21,26-27/01806/Hero,Verma Auto Agencies | AFM | Barabanki,61100KTCA20ZAS,2,Pcs.,629.63,1259.26
2026-07-21,26-27/01806/Hero,Verma Auto Agencies | AFM | Barabanki,61100KTCA20ZAS,2,Pcs.,730.6,1461.2
2026-07-21,26-27/01806/Hero,Verma Auto Agencies | AFM | Barabanki,3310AAAGH20S,6,Pcs.,479.75,2878.5
2026-07-21,26-27/01806/Hero,Verma Auto Agencies | AFM | Barabanki,61311KWH970S,8,Pcs.,181.86,1454.88
2026-07-21,26-27/01806/Hero,Verma Auto Agencies | AFM | Barabanki,45010KTR700S,10,Pcs.,492.28,4922.8
2026-07-21,26-27/01806/Hero,Verma Auto Agencies | AFM | Barabanki,83402KWA830S,5,Pcs.,97.21,486.05
2026-07-21,26-27/01806/Hero,Verma Auto Agencies | AFM | Barabanki,35010AAEH00S,10,Pcs.,649.07,6490.7
2026-07-21,26-27/01806/Hero,Verma Auto Agencies | AFM | Barabanki,33703AAHA010099S,5,Pcs.,122.28,611.4
2026-07-21,26-27/01806/Hero,Verma Auto Agencies | AFM | Barabanki,33703AAHA010099S,5,Pcs.,122.28,611.4
2026-07-21,26-27/01806/Hero,Verma Auto Agencies | AFM | Barabanki,51104KST940S,10,Pcs.,116.02,1160.2
2026-07-21,26-27/01806/Hero,Verma Auto Agencies | AFM | Barabanki,35100AAEH00S,10,Pcs.,322.97,3229.7
2026-07-21,26-27/01806/Hero,Verma Auto Agencies | AFM | Barabanki,43120365H70S,100,Pcs.,56.44,5644.0
2026-07-21,26-27/01806/Hero,Verma Auto Agencies | AFM | Barabanki,43120365H70S,100,Pcs.,56.44,5644.0
2026-07-21,26-27/01806/Hero,Verma Auto Agencies | AFM | Barabanki,22870AANB00S,10,Pcs.,75.25,752.5
2026-07-21,26-27/01806/Hero,Verma Auto Agencies | AFM | Barabanki,22870AANB00S,10,Pcs.,75.25,752.5
2026-07-21,26-27/01806/Hero,Verma Auto Agencies | AFM | Barabanki,28120KWA942S,10,Pcs.,432.72,4327.2
2026-07-21,26-27/01806/Hero,Verma Auto Agencies | AFM | Barabanki,28120KWA942S,10,Pcs.,432.72,4327.2
2026-07-21,26-27/01806/Hero,Verma Auto Agencies | AFM | Barabanki,35100AADH00S,5,Pcs.,379.4,1897.0
2026-07-21,26-27/01806/Hero,Verma Auto Agencies | AFM | Barabanki,35100AADH00S,5,Pcs.,379.4,1897.0
2026-07-21,26-27/01806/Hero,Verma Auto Agencies | AFM | Barabanki,35100AAEH00S,10,Pcs.,322.97,3229.7
2026-07-21,26-27/01806/Hero,Verma Auto Agencies | AFM | Barabanki,17208AAT00099S,30,Pcs.,169.32,5079.6
2026-07-21,26-27/01806/Hero,Verma Auto Agencies | AFM | Barabanki,61311KTCA20S,3,Pcs.,228.9,686.7
2026-07-21,26-27/01806/Hero,Verma Auto Agencies | AFM | Barabanki,61311KWH970S,1,Pcs.,181.86,181.86
2026-07-21,26-27/01806/Hero,Verma Auto Agencies | AFM | Barabanki,17253KCC900S,4,Pcs.,55.19,220.76
2026-07-21,26-27/01806/Hero,Verma Auto Agencies | AFM | Barabanki,17253KCC900S,4,Pcs.,62.72,250.88
2026-07-21,26-27/01806/Hero,Verma Auto Agencies | AFM | Barabanki,51520KTC901S,2,Pcs.,555.0,1110.0
2026-07-21,26-27/01806/Hero,Verma Auto Agencies | AFM | Barabanki,61311KTCA20S,5,Pcs.,228.9,1144.5
2026-07-21,26-27/01806/Hero,Verma Auto Agencies | AFM | Barabanki,33702KCC830S,3,Pcs.,147.37,442.11
2026-07-21,26-27/01806/Hero,Verma Auto Agencies | AFM | Barabanki,42611KST940S,2,Pcs.,232.03,464.06
2026-07-21,26-27/01806/Hero,Verma Auto Agencies | AFM | Barabanki,42611KWA940S,1,Pcs.,291.61,291.61
2026-07-21,26-27/01806/Hero,Verma Auto Agencies | AFM | Barabanki,50803KWA940S,5,Pcs.,341.78,1708.9
2026-07-21,26-27/01806/Hero,Verma Auto Agencies | AFM | Barabanki,61311KWH970S,1,Pcs.,181.86,181.86
2026-07-21,26-27/01806/Hero,Verma Auto Agencies | AFM | Barabanki,14430KST940S,40,Pcs.,188.14,7525.6
2026-07-21,26-27/01806/Hero,Verma Auto Agencies | AFM | Barabanki,14510KWP900S,2,Pcs.,62.72,125.44
2026-07-21,26-27/01806/Hero,Verma Auto Agencies | AFM | Barabanki,14510KWP900S,3,Pcs.,65.84,197.52
2026-07-21,26-27/01806/Hero,Verma Auto Agencies | AFM | Barabanki,17253KCC900S,1,Pcs.,55.19,55.19
2026-07-21,26-27/01806/Hero,Verma Auto Agencies | AFM | Barabanki,17253KCC900S,1,Pcs.,62.72,62.72
2026-07-21,26-27/01806/Hero,Verma Auto Agencies | AFM | Barabanki,17570ACK00099S,1,Pcs.,285.34,285.34
2026-07-21,26-27/01806/Hero,Verma Auto Agencies | AFM | Barabanki,17570ACK00099S,1,Pcs.,279.07,279.07
2026-07-21,26-27/01806/Hero,Verma Auto Agencies | AFM | Barabanki,23461KTC901S,1,Pcs.,275.93,275.93
2026-07-21,26-27/01806/Hero,Verma Auto Agencies | AFM | Barabanki,23461KTC901S,3,Pcs.,288.47,865.41
2026-07-21,26-27/01806/Hero,Verma Auto Agencies | AFM | Barabanki,23471KTC902S,1,Pcs.,272.79,272.79
2026-07-21,26-27/01806/Hero,Verma Auto Agencies | AFM | Barabanki,23471KTC902S,2,Pcs.,233.91,467.82
2026-07-21,26-27/01806/Hero,Verma Auto Agencies | AFM | Barabanki,23471KTC902S,1,Pcs.,260.25,260.25
2026-07-21,26-27/01806/Hero,Verma Auto Agencies | AFM | Barabanki,28110AADH40S,1,Pcs.,302.9,302.9
2026-07-21,26-27/01806/Hero,Verma Auto Agencies | AFM | Barabanki,28110AADH40S,2,Pcs.,326.1,652.2
2026-07-21,26-27/01806/Hero,Verma Auto Agencies | AFM | Barabanki,28110AADH40S,1,Pcs.,332.37,332.37
2026-07-21,26-27/01806/Hero,Verma Auto Agencies | AFM | Barabanki,31120AAC201S,2,Pcs.,746.27,1492.54
2026-07-21,26-27/01806/Hero,Verma Auto Agencies | AFM | Barabanki,33702KCC830S,2,Pcs.,147.37,294.74
2026-07-21,26-27/01806/Hero,Verma Auto Agencies | AFM | Barabanki,33703AAF041S,4,Pcs.,145.49,581.96
2026-07-21,26-27/01806/Hero,Verma Auto Agencies | AFM | Barabanki,35200AAHA1099S,3,Pcs.,294.75,884.25
2026-07-21,26-27/01806/Hero,Verma Auto Agencies | AFM | Barabanki,35759KTRA01S,10,Pcs.,34.49,344.9
2026-07-21,26-27/01806/Hero,Verma Auto Agencies | AFM | Barabanki,52147KTC900S,20,Pcs.,31.35,627.0
2026-07-21,26-27/01806/Hero,Verma Auto Agencies | AFM | Barabanki,61311KTCA20S,2,Pcs.,228.9,457.8
2026-07-21,26-27/01806/Hero,Verma Auto Agencies | AFM | Barabanki,6410AAAGH20S,2,Pcs.,241.44,482.88
2026-07-21,26-27/01806/Hero,Verma Auto Agencies | AFM | Barabanki,64315KWA940S,10,Pcs.,62.72,627.2
2026-07-21,26-27/01806/Hero,Verma Auto Agencies | AFM | Barabanki,64316KWA940S,5,Pcs.,25.09,125.45
2026-07-21,26-27/01806/Hero,Verma Auto Agencies | AFM | Barabanki,90304159000S,10,Pcs.,37.63,376.3
2026-07-21,26-27/01806/Hero,Verma Auto Agencies | AFM | Barabanki,11321KWA940S,16,Pcs.,94.07,1505.12
2026-07-21,26-27/01806/Hero,Verma Auto Agencies | AFM | Barabanki,11321KWA940S,2,Pcs.,90.93,181.86
2026-07-21,26-27/01806/Hero,Verma Auto Agencies | AFM | Barabanki,13013GN5315LS,10,Pcs.,172.46,1724.6
2026-07-21,26-27/01806/Hero,Verma Auto Agencies | AFM | Barabanki,14520KTC902S,20,Pcs.,159.91,3198.2
2026-07-21,26-27/01806/Hero,Verma Auto Agencies | AFM | Barabanki,28120KTRA00AS,7,Pcs.,448.39,3138.73
2026-07-21,26-27/01806/Hero,Verma Auto Agencies | AFM | Barabanki,35150KWA841S,9,Pcs.,72.12,649.08
2026-07-21,26-27/01806/Hero,Verma Auto Agencies | AFM | Barabanki,35150KWA841S,2,Pcs.,65.84,131.68
2026-07-21,26-27/01806/Hero,Verma Auto Agencies | AFM | Barabanki,35150KWA841S,19,Pcs.,84.66,1608.54
2026-07-21,26-27/01806/Hero,Verma Auto Agencies | AFM | Barabanki,37800KTCA21S,4,Pcs.,288.47,1153.88
2026-07-21,26-27/01806/Hero,Verma Auto Agencies | AFM | Barabanki,91201GBG900S,50,Pcs.,37.63,1881.5
2026-07-21,26-27/01806/Hero,Verma Auto Agencies | AFM | Barabanki,18355KWH760S,5,Pcs.,203.45,1017.25
2026-07-21,26-27/01806/Hero,Verma Auto Agencies | AFM | Barabanki,18355KWH970S,2,Pcs.,242.7,485.4
2026-07-21,26-27/01806/Hero,Verma Auto Agencies | AFM | Barabanki,18355KWH970S,2,Pcs.,269.66,539.32
2026-07-21,26-27/01806/Hero,Verma Auto Agencies | AFM | Barabanki,6410AAAGH20S,5,Pcs.,241.44,1207.2
2026-07-21,26-27/01806/Hero,Verma Auto Agencies | AFM | Barabanki,13013GN5315LS,30,Pcs.,172.46,5173.8
2026-07-21,26-27/01806/Hero,Verma Auto Agencies | AFM | Barabanki,6410AAAGH20S,1,Pcs.,241.44,241.44
2026-07-21,26-27/01807/Hero,Verma Auto Agencies | AFM | Barabanki,31120AAEB02S,1,Pcs.,768.22,768.22
2026-07-21,26-27/01807/Hero,Verma Auto Agencies | AFM | Barabanki,3365BAAJ101S,3,Pcs.,119.16,357.48
2026-07-21,26-27/01807/Hero,Verma Auto Agencies | AFM | Barabanki,35100AAC801S,1,Pcs.,335.51,335.51
2026-07-21,26-27/01807/Hero,Verma Auto Agencies | AFM | Barabanki,37100AAE30099S,1,Pcs.,915.6,915.6
2026-07-21,26-27/01807/Hero,Verma Auto Agencies | AFM | Barabanki,53100AAE110S,1,Pcs.,307.28,307.28
2026-07-21,26-27/01807/Hero,Verma Auto Agencies | AFM | Barabanki,61312AAE330S,1,Pcs.,75.25,75.25
2026-07-21,26-27/01807/Hero,Verma Auto Agencies | AFM | Barabanki,61314AAE710S,1,Pcs.,56.44,56.44
2026-07-21,26-27/01807/Hero,Verma Auto Agencies | AFM | Barabanki,77243AAW30099S,3,Pcs.,81.53,244.59
2026-07-21,26-27/01807/Hero,Verma Auto Agencies | AFM | Barabanki,83402AAE710S,2,Pcs.,188.04,376.08
2026-07-21,26-27/01807/Hero,Verma Auto Agencies | AFM | Barabanki,88110KZN900ZAS,1,Pcs.,172.63,172.63
2026-07-21,26-27/01807/Hero,Verma Auto Agencies | AFM | Barabanki,K12121ACKA000S,1,Pcs.,1802.97,1802.97
2026-07-21,26-27/01807/Hero,Verma Auto Agencies | AFM | Barabanki,K50505ACKH700S,12,Pcs.,112.88,1354.56
2026-07-21,26-27/01807/Hero,Verma Auto Agencies | AFM | Barabanki,77235AAG300RS,1,Pcs.,163.05,163.05
2026-07-21,26-27/01807/Hero,Verma Auto Agencies | AFM | Barabanki,6410AADG010S,1,Pcs.,244.58,244.58
2026-07-21,26-27/01807/Hero,Verma Auto Agencies | AFM | Barabanki,83410AAE930DS,1,Pcs.,680.42,680.42
2026-07-21,26-27/01807/Hero,Verma Auto Agencies | AFM | Barabanki,83410AAE930DS,1,Pcs.,680.42,680.42
2026-07-21,26-27/01807/Hero,Verma Auto Agencies | AFM | Barabanki,83400ACK011TS,1,Pcs.,438.98,438.98
2026-07-21,26-27/01807/Hero,Verma Auto Agencies | AFM | Barabanki,83400ACK011TS,1,Pcs.,438.98,438.98
2026-07-21,26-27/01807/Hero,Verma Auto Agencies | AFM | Barabanki,83600AAG500TS,1,Pcs.,939.42,939.42
2026-07-21,26-27/01807/Hero,Verma Auto Agencies | AFM | Barabanki,14430AAF400S,2,Pcs.,181.86,363.72
2026-07-21,26-27/01807/Hero,Verma Auto Agencies | AFM | Barabanki,14430ABF000S,1,Pcs.,235.79,235.79
2026-07-21,26-27/01807/Hero,Verma Auto Agencies | AFM | Barabanki,14430ABF000S,1,Pcs.,288.47,288.47
2026-07-21,26-27/01807/Hero,Verma Auto Agencies | AFM | Barabanki,14520AANB00S,2,Pcs.,191.27,382.54
2026-07-21,26-27/01807/Hero,Verma Auto Agencies | AFM | Barabanki,16700AAEL42S,2,Pcs.,2125.93,4251.86
2026-07-21,26-27/01807/Hero,Verma Auto Agencies | AFM | Barabanki,17208AAWD00S,1,Pcs.,228.9,228.9
2026-07-21,26-27/01807/Hero,Verma Auto Agencies | AFM | Barabanki,17253AAW000S,1,Pcs.,87.79,87.79
2026-07-21,26-27/01807/Hero,Verma Auto Agencies | AFM | Barabanki,22121ACL000S,1,Pcs.,235.17,235.17
2026-07-21,26-27/01807/Hero,Verma Auto Agencies | AFM | Barabanki,22350ACL000S,3,Pcs.,172.46,517.38
2026-07-21,26-27/01807/Hero,Verma Auto Agencies | AFM | Barabanki,31120ACK011S,1,Pcs.,752.54,752.54
2026-07-21,26-27/01807/Hero,Verma Auto Agencies | AFM | Barabanki,31120ACK012S,1,Pcs.,783.9,783.9
2026-07-21,26-27/01807/Hero,Verma Auto Agencies | AFM | Barabanki,31120ACLD01S,1,Pcs.,874.83,874.83
2026-07-21,26-27/01807/Hero,Verma Auto Agencies | AFM | Barabanki,31120ACLD02S,1,Pcs.,680.42,680.42
2026-07-21,26-27/01807/Hero,Verma Auto Agencies | AFM | Barabanki,31210ACK01099S,1,Pcs.,1674.4,1674.4
2026-07-21,26-27/01807/Hero,Verma Auto Agencies | AFM | Barabanki,3360BAAJ101S,1,Pcs.,137.97,137.97
2026-07-21,26-27/01807/Hero,Verma Auto Agencies | AFM | Barabanki,35200KTRA21S,2,Pcs.,316.7,633.4
2026-07-21,26-27/01807/Hero,Verma Auto Agencies | AFM | Barabanki,K22222KTRK000S,1,Pcs.,862.28,862.28
2026-07-21,26-27/01807/Hero,Verma Auto Agencies | AFM | Barabanki,K22222KTRK000S,6,Pcs.,877.97,5267.82
2026-07-21,26-27/01807/Hero,Verma Auto Agencies | AFM | Barabanki,14520AANB00S,1,Pcs.,191.27,191.27
2026-07-21,26-27/01807/Hero,Verma Auto Agencies | AFM | Barabanki,17681KWA940S,10,Pcs.,12.54,125.4
2026-07-21,26-27/01807/Hero,Verma Auto Agencies | AFM | Barabanki,22121AAHF01S,4,Pcs.,169.95,679.8
2026-07-21,26-27/01807/Hero,Verma Auto Agencies | AFM | Barabanki,22121ACL000S,2,Pcs.,250.84,501.68
2026-07-21,26-27/01807/Hero,Verma Auto Agencies | AFM | Barabanki,22131AAW300S,1,Pcs.,94.07,94.07
2026-07-21,26-27/01807/Hero,Verma Auto Agencies | AFM | Barabanki,31120AAC811S,1,Pcs.,896.78,896.78
2026-07-21,26-27/01807/Hero,Verma Auto Agencies | AFM | Barabanki,31120ACK011S,1,Pcs.,752.54,752.54
2026-07-21,26-27/01807/Hero,Verma Auto Agencies | AFM | Barabanki,35759AAC80099S,1,Pcs.,43.9,43.9
2026-07-21,26-27/01807/Hero,Verma Auto Agencies | AFM | Barabanki,37100AAE30099S,1,Pcs.,915.6,915.6
2026-07-21,26-27/01807/Hero,Verma Auto Agencies | AFM | Barabanki,51103AAC000S,1,Pcs.,294.75,294.75
2026-07-21,26-27/01807/Hero,Verma Auto Agencies | AFM | Barabanki,77250AAG300TS,1,Pcs.,348.05,348.05
2026-07-21,26-27/01807/Hero,Verma Auto Agencies | AFM | Barabanki,K12121ACKA000S,1,Pcs.,1802.97,1802.97
2026-07-21,26-27/01807/Hero,Verma Auto Agencies | AFM | Barabanki,K22222KTRK000S,4,Pcs.,877.97,3511.88
2026-07-21,26-27/01807/Hero,Verma Auto Agencies | AFM | Barabanki,K40405AAGRC00S,4,Pcs.,514.4,2057.6
2026-07-21,26-27/01808/Hero,Verma Auto Agencies | AFM | Barabanki,24610KST940S,10,Pcs.,191.27,1912.7
2026-07-21,26-27/01808/Hero,Verma Auto Agencies | AFM | Barabanki,24610KST940S,10,Pcs.,191.27,1912.7
2026-07-21,26-27/01808/Hero,Verma Auto Agencies | AFM | Barabanki,17208AABA00S,50,Pcs.,119.16,5958.0
2026-07-21,26-27/01808/Hero,Verma Auto Agencies | AFM | Barabanki,15410AAF40099S,50,Pcs.,59.58,2979.0
2026-07-21,26-27/01808/Hero,Verma Auto Agencies | AFM | Barabanki,K42426AAEAH00S,1,Pcs.,3433.47,3433.47
2026-07-21,26-27/01808/Hero,Verma Auto Agencies | AFM | Barabanki,53100AAH810S,5,Pcs.,294.75,1473.75
2026-07-21,26-27/01808/Hero,Verma Auto Agencies | AFM | Barabanki,14401AAF40099S,30,Pcs.,100.34,3010.2
2026-07-21,26-27/01808/Hero,Verma Auto Agencies | AFM | Barabanki,17910AAN410S,9,Pcs.,56.61,509.49
2026-07-21,26-27/01808/Hero,Verma Auto Agencies | AFM | Barabanki,33110AAGH01S,8,Pcs.,416.15,3329.2
2026-07-21,26-27/01808/Hero,Verma Auto Agencies | AFM | Barabanki,35130ABH501S,20,Pcs.,47.03,940.6
2026-07-21,26-27/01808/Hero,Verma Auto Agencies | AFM | Barabanki,88110AACH41ZAS,1,Pcs.,185.0,185.0
2026-07-21,26-27/01808/Hero,Verma Auto Agencies | AFM | Barabanki,33110AAGH01S,8,Pcs.,416.15,3329.2
2026-07-21,26-27/01808/Hero,Verma Auto Agencies | AFM | Barabanki,33110AAGH01S,5,Pcs.,357.59,1787.95
2026-07-21,26-27/01808/Hero,Verma Auto Agencies | AFM | Barabanki,33110AAGH01S,3,Pcs.,416.15,1248.45
2026-07-21,26-27/01808/Hero,Verma Auto Agencies | AFM | Barabanki,17208AABA00S,2,Pcs.,119.16,238.32
2026-07-21,26-27/01808/Hero,Verma Auto Agencies | AFM | Barabanki,17910AAN410S,5,Pcs.,56.61,283.05
2026-07-21,26-27/01808/Hero,Verma Auto Agencies | AFM | Barabanki,3310BAAY001S,1,Pcs.,429.58,429.58
2026-07-21,26-27/01808/Hero,Verma Auto Agencies | AFM | Barabanki,33110AAGH01S,6,Pcs.,357.59,2145.54
2026-07-21,26-27/01808/Hero,Verma Auto Agencies | AFM | Barabanki,88110AACH41ZAS,2,Pcs.,185.0,370.0
2026-07-21,26-27/01808/Hero,Verma Auto Agencies | AFM | Barabanki,88120AANH01ZDS,1,Pcs.,185.0,185.0
2026-07-21,26-27/01808/Hero,Verma Auto Agencies | AFM | Barabanki,88120AANH01ZDS,1,Pcs.,191.27,191.27
2026-07-21,26-27/01808/Hero,Verma Auto Agencies | AFM | Barabanki,17208AABA00S,10,Pcs.,119.16,1191.6
2026-07-21,26-27/01808/Hero,Verma Auto Agencies | AFM | Barabanki,17910AAN410S,1,Pcs.,56.61,56.61
2026-07-21,26-27/01808/Hero,Verma Auto Agencies | AFM | Barabanki,22201AAG501S,6,Pcs.,100.08,600.48
2026-07-21,26-27/01808/Hero,Verma Auto Agencies | AFM | Barabanki,23431GN5910S,2,Pcs.,451.53,903.06
2026-07-21,26-27/01808/Hero,Verma Auto Agencies | AFM | Barabanki,3310BAAY001S,1,Pcs.,429.58,429.58
2026-07-21,26-27/01808/Hero,Verma Auto Agencies | AFM | Barabanki,33110AANH02S,1,Pcs.,429.58,429.58
2026-07-21,26-27/01808/Hero,Verma Auto Agencies | AFM | Barabanki,35100AAE102S,1,Pcs.,335.51,335.51
2026-07-21,26-27/01808/Hero,Verma Auto Agencies | AFM | Barabanki,45125AAHF0099S,18,Pcs.,100.34,1806.12
2026-07-21,26-27/01808/Hero,Verma Auto Agencies | AFM | Barabanki,53208AAH000S,10,Pcs.,9.4,94.0
2026-07-21,26-27/01808/Hero,Verma Auto Agencies | AFM | Barabanki,88110AACH41ZAS,1,Pcs.,185.0,185.0
2026-07-21,26-27/01808/Hero,Verma Auto Agencies | AFM | Barabanki,961006203000S,15,Pcs.,47.03,705.45
2026-07-21,26-27/01808/Hero,Verma Auto Agencies | AFM | Barabanki,K14144AACK000S,6,Pcs.,301.02,1806.12
2026-07-21,26-27/01808/Hero,Verma Auto Agencies | AFM | Barabanki,K14144AADA000S,3,Pcs.,213.22,639.66
2026-07-21,26-27/01808/Hero,Verma Auto Agencies | AFM | Barabanki,K55912KTCE900S,20,Pcs.,34.49,689.8
2026-07-21,26-27/01808/Hero,Verma Auto Agencies | AFM | Barabanki,K55912P30D850S,3,Pcs.,131.7,395.1
2026-07-21,26-27/01808/Hero,Verma Auto Agencies | AFM | Barabanki,16100AAF101S,1,Pcs.,1561.53,1561.53
2026-07-21,26-27/01808/Hero,Verma Auto Agencies | AFM | Barabanki,17208AABA00S,2,Pcs.,119.16,238.32
2026-07-21,26-27/01808/Hero,Verma Auto Agencies | AFM | Barabanki,45125AAHF0099S,6,Pcs.,100.34,602.04
2026-07-21,26-27/01808/Hero,Verma Auto Agencies | AFM | Barabanki,88110AACH41ZAS,6,Pcs.,185.0,1110.0
2026-07-21,26-27/01808/Hero,Verma Auto Agencies | AFM | Barabanki,88110AAGH01ZGS,1,Pcs.,185.0,185.0
2026-07-21,26-27/01808/Hero,Verma Auto Agencies | AFM | Barabanki,88120AANH01ZDS,2,Pcs.,185.0,370.0
2026-07-21,26-27/01808/Hero,Verma Auto Agencies | AFM | Barabanki,88120AANH01ZDS,4,Pcs.,191.27,765.08
2026-07-21,26-27/01808/Hero,Verma Auto Agencies | AFM | Barabanki,K14144AACK000S,13,Pcs.,301.02,3913.26
2026-07-21,26-27/01808/Hero,Verma Auto Agencies | AFM | Barabanki,K55912KTCE900S,40,Pcs.,34.49,1379.6
2026-07-21,26-27/01808/Hero,Verma Auto Agencies | AFM | Barabanki,K55912P30D850S,23,Pcs.,131.7,3029.1
2026-07-21,26-27/01808/Hero,Verma Auto Agencies | AFM | Barabanki,12341KTCA20S,1,Pcs.,88.42,88.42
2026-07-21,26-27/01808/Hero,Verma Auto Agencies | AFM | Barabanki,12341KTCA20S,2,Pcs.,103.47,206.94
2026-07-21,26-27/01808/Hero,Verma Auto Agencies | AFM | Barabanki,14451AANB00S,15,Pcs.,37.63,564.45
2026-07-21,26-27/01808/Hero,Verma Auto Agencies | AFM | Barabanki,15410AAF40099S,20,Pcs.,59.58,1191.6
2026-07-21,26-27/01808/Hero,Verma Auto Agencies | AFM | Barabanki,17208AABA00S,6,Pcs.,119.16,714.96
2026-07-21,26-27/01808/Hero,Verma Auto Agencies | AFM | Barabanki,22201AAG501S,2,Pcs.,100.08,200.16
2026-07-21,26-27/01808/Hero,Verma Auto Agencies | AFM | Barabanki,23431GN5910S,5,Pcs.,451.53,2257.65
2026-07-21,26-27/01808/Hero,Verma Auto Agencies | AFM | Barabanki,33110AANH02S,1,Pcs.,429.58,429.58
2026-07-21,26-27/01808/Hero,Verma Auto Agencies | AFM | Barabanki,35100AAE102S,2,Pcs.,335.51,671.02
2026-07-21,26-27/01808/Hero,Verma Auto Agencies | AFM | Barabanki,35200AAC211S,2,Pcs.,291.61,583.22
2026-07-21,26-27/01808/Hero,Verma Auto Agencies | AFM | Barabanki,45125AAHF0099S,32,Pcs.,100.34,3210.88
2026-07-21,26-27/01808/Hero,Verma Auto Agencies | AFM | Barabanki,45450AAHF00S,3,Pcs.,193.16,579.48
2026-07-21,26-27/01808/Hero,Verma Auto Agencies | AFM | Barabanki,45450AAHF00S,1,Pcs.,206.95,206.95
2026-07-21,26-27/01808/Hero,Verma Auto Agencies | AFM | Barabanki,961006203000S,41,Pcs.,47.03,1928.23
2026-07-21,26-27/01808/Hero,Verma Auto Agencies | AFM | Barabanki,961006203000S,4,Pcs.,53.3,213.2
2026-07-21,26-27/01808/Hero,Verma Auto Agencies | AFM | Barabanki,K14144AACK000S,6,Pcs.,301.02,1806.12
2026-07-21,26-27/01808/Hero,Verma Auto Agencies | AFM | Barabanki,K14144AADA000S,2,Pcs.,213.22,426.44
2026-07-21,26-27/01808/Hero,Verma Auto Agencies | AFM | Barabanki,K55912P30D850S,14,Pcs.,131.7,1843.8
2026-07-21,26-27/01808/Hero,Verma Auto Agencies | AFM | Barabanki,37211AAF041S,1,Pcs.,126.39,126.39
2026-07-21,26-27/01808/Hero,Verma Auto Agencies | AFM | Barabanki,37610AAH102S,2,Pcs.,88.42,176.84
2026-07-21,26-27/01808/Hero,Verma Auto Agencies | AFM | Barabanki,37610AAH102S,5,Pcs.,100.34,501.7
2026-07-21,26-27/01808/Hero,Verma Auto Agencies | AFM | Barabanki,37610AAH102S,1,Pcs.,103.47,103.47
2026-07-21,26-27/01808/Hero,Verma Auto Agencies | AFM | Barabanki,42601198D00S,1,Pcs.,633.39,633.39
2026-07-21,26-27/01808/Hero,Verma Auto Agencies | AFM | Barabanki,12341KTCA20S,1,Pcs.,88.42,88.42
2026-07-21,26-27/01808/Hero,Verma Auto Agencies | AFM | Barabanki,12341KTCA20S,1,Pcs.,103.47,103.47
2026-07-21,26-27/01808/Hero,Verma Auto Agencies | AFM | Barabanki,12341KTCA20S,1,Pcs.,106.61,106.61
2026-07-21,26-27/01808/Hero,Verma Auto Agencies | AFM | Barabanki,16100AALH00S,1,Pcs.,1728.34,1728.34
2026-07-21,26-27/01808/Hero,Verma Auto Agencies | AFM | Barabanki,17253AAL500S,1,Pcs.,106.61,106.61
2026-07-21,26-27/01808/Hero,Verma Auto Agencies | AFM | Barabanki,22201AAG501S,2,Pcs.,100.08,200.16
2026-07-21,26-27/01808/Hero,Verma Auto Agencies | AFM | Barabanki,22205AAG501S,9,Pcs.,103.22,928.98
2026-07-21,26-27/01808/Hero,Verma Auto Agencies | AFM | Barabanki,23431GN5910S,1,Pcs.,451.53,451.53
2026-07-21,26-27/01808/Hero,Verma Auto Agencies | AFM | Barabanki,28150KPL900S,10,Pcs.,51.42,514.2
2026-07-21,26-27/01808/Hero,Verma Auto Agencies | AFM | Barabanki,30460AAM000S,1,Pcs.,652.21,652.21
2026-07-21,26-27/01808/Hero,Verma Auto Agencies | AFM | Barabanki,31210AAF401S,1,Pcs.,1053.56,1053.56
2026-07-21,26-27/01808/Hero,Verma Auto Agencies | AFM | Barabanki,35100AAE102S,2,Pcs.,335.51,671.02
2026-07-21,26-27/01808/Hero,Verma Auto Agencies | AFM | Barabanki,37100AAD20099S,1,Pcs.,1379.66,1379.66
2026-07-21,26-27/01808/Hero,Verma Auto Agencies | AFM | Barabanki,37211AAF041S,1,Pcs.,109.12,109.12
2026-07-21,26-27/01808/Hero,Verma Auto Agencies | AFM | Barabanki,37610AAH102S,1,Pcs.,100.34,100.34
2026-07-21,26-27/01808/Hero,Verma Auto Agencies | AFM | Barabanki,37610AAH102S,1,Pcs.,103.47,103.47
2026-07-21,26-27/01808/Hero,Verma Auto Agencies | AFM | Barabanki,42601198D00S,1,Pcs.,633.39,633.39
2026-07-21,26-27/01808/Hero,Verma Auto Agencies | AFM | Barabanki,45125AAHF0099S,2,Pcs.,100.34,200.68
2026-07-21,26-27/01808/Hero,Verma Auto Agencies | AFM | Barabanki,45450AAHF00S,2,Pcs.,193.16,386.32
2026-07-21,26-27/01808/Hero,Verma Auto Agencies | AFM | Barabanki,45450AAHF00S,5,Pcs.,206.95,1034.75
2026-07-21,26-27/01808/Hero,Verma Auto Agencies | AFM | Barabanki,K14144AADA000S,1,Pcs.,213.22,213.22
2026-07-21,26-27/01808/Hero,Verma Auto Agencies | AFM | Barabanki,22102AAL500S,1,Pcs.,257.12,257.12
2026-07-21,26-27/01808/Hero,Verma Auto Agencies | AFM | Barabanki,37211AAF041S,1,Pcs.,126.39,126.39
2026-07-21,26-27/01808/Hero,Verma Auto Agencies | AFM | Barabanki,37610AAH102S,2,Pcs.,88.42,176.84
2026-07-21,26-27/01808/Hero,Verma Auto Agencies | AFM | Barabanki,37800AAW00099S,1,Pcs.,213.22,213.22
2026-07-21,26-27/01808/Hero,Verma Auto Agencies | AFM | Barabanki,42601198D00S,7,Pcs.,633.39,4433.73
2026-07-21,26-27/01808/Hero,Verma Auto Agencies | AFM | Barabanki,43550AAZ310S,1,Pcs.,50.17,50.17
2026-07-21,26-27/01808/Hero,Verma Auto Agencies | AFM | Barabanki,45450AAHF00S,1,Pcs.,193.16,193.16
2026-07-21,26-27/01808/Hero,Verma Auto Agencies | AFM | Barabanki,17208AABA00S,10,Pcs.,119.16,1191.6
2026-07-21,26-27/01808/Hero,Verma Auto Agencies | AFM | Barabanki,17253AAL500S,1,Pcs.,106.61,106.61
2026-07-21,26-27/01808/Hero,Verma Auto Agencies | AFM | Barabanki,22102AAL500S,1,Pcs.,257.12,257.12
2026-07-21,26-27/01808/Hero,Verma Auto Agencies | AFM | Barabanki,22201AAG501S,10,Pcs.,100.08,1000.8
2026-07-21,26-27/01808/Hero,Verma Auto Agencies | AFM | Barabanki,22205AAG501S,9,Pcs.,103.22,928.98
2026-07-21,26-27/01808/Hero,Verma Auto Agencies | AFM | Barabanki,30460AAM000S,1,Pcs.,652.21,652.21
2026-07-21,26-27/01808/Hero,Verma Auto Agencies | AFM | Barabanki,35130ABH501S,7,Pcs.,47.03,329.21
2026-07-21,26-27/01808/Hero,Verma Auto Agencies | AFM | Barabanki,37211AAF041S,1,Pcs.,126.39,126.39
2026-07-21,26-27/01808/Hero,Verma Auto Agencies | AFM | Barabanki,42601198D00S,1,Pcs.,633.39,633.39
2026-07-21,26-27/01808/Hero,Verma Auto Agencies | AFM | Barabanki,43100153600ZS,1,Pcs.,288.47,288.47
2026-07-21,26-27/01808/Hero,Verma Auto Agencies | AFM | Barabanki,43100153600ZS,3,Pcs.,310.42,931.26
2026-07-21,26-27/01808/Hero,Verma Auto Agencies | AFM | Barabanki,43550AAZ310S,1,Pcs.,50.17,50.17
2026-07-21,26-27/01808/Hero,Verma Auto Agencies | AFM | Barabanki,45125AAHF0099S,2,Pcs.,100.34,200.68
2026-07-21,26-27/01808/Hero,Verma Auto Agencies | AFM | Barabanki,45450AAHF00S,3,Pcs.,193.16,579.48
2026-07-21,26-27/01808/Hero,Verma Auto Agencies | AFM | Barabanki,45450AAHF00S,5,Pcs.,206.95,1034.75
2026-07-21,26-27/01808/Hero,Verma Auto Agencies | AFM | Barabanki,77236AAW000S,1,Pcs.,63.34,63.34
2026-07-21,26-27/01808/Hero,Verma Auto Agencies | AFM | Barabanki,77236AAW000S,1,Pcs.,68.98,68.98
2026-07-21,26-27/01808/Hero,Verma Auto Agencies | AFM | Barabanki,K40405KSTG950S,2,Pcs.,317.95,635.9
2026-07-21,26-27/01808/Hero,Verma Auto Agencies | AFM | Barabanki,46544AAHF00S,1,Pcs.,525.53,525.53
2026-07-21,26-27/01808/Hero,Verma Auto Agencies | AFM | Barabanki,46544AAHF00S,1,Pcs.,602.03,602.03
2026-07-21,26-27/01808/Hero,Verma Auto Agencies | AFM | Barabanki,20K450S,5,Pcs.,573.98,2869.9
2026-07-21,26-27/01809/Hero,Verma Auto Agencies | AFM | Barabanki,17208AAT00099S,40,Pcs.,169.32,6772.8
2026-07-21,26-27/01809/Hero,Verma Auto Agencies | AFM | Barabanki,35100AAHH50S,10,Pcs.,373.14,3731.4
2026-07-21,26-27/01809/Hero,Verma Auto Agencies | AFM | Barabanki,23123KGH900S,20,Pcs.,213.22,4264.4
2026-07-21,26-27/01809/Hero,Verma Auto Agencies | AFM | Barabanki,23123KGH900S,20,Pcs.,213.22,4264.4
2026-07-21,26-27/01809/Hero,Verma Auto Agencies | AFM | Barabanki,33702AANH01S,1,Pcs.,122.28,122.28
2026-07-21,26-27/01809/Hero,Verma Auto Agencies | AFM | Barabanki,35010AAG501S,2,Pcs.,621.01,1242.02
2026-07-21,26-27/01809/Hero,Verma Auto Agencies | AFM | Barabanki,35010AAY301S,1,Pcs.,420.34,420.34
2026-07-21,26-27/01809/Hero,Verma Auto Agencies | AFM | Barabanki,35010AAY301S,1,Pcs.,457.96,457.96
2026-07-21,26-27/01809/Hero,Verma Auto Agencies | AFM | Barabanki,35750001000S,10,Pcs.,40.76,407.6
2026-07-21,26-27/01809/Hero,Verma Auto Agencies | AFM | Barabanki,37800KST861S,1,Pcs.,222.63,222.63
2026-07-21,26-27/01809/Hero,Verma Auto Agencies | AFM | Barabanki,40543KTR900S,8,Pcs.,28.22,225.76
2026-07-21,26-27/01809/Hero,Verma Auto Agencies | AFM | Barabanki,42702KPL900S,1,Pcs.,495.89,495.89
2026-07-21,26-27/01809/Hero,Verma Auto Agencies | AFM | Barabanki,44800KVE901S,4,Pcs.,163.05,652.2
2026-07-21,26-27/01809/Hero,Verma Auto Agencies | AFM | Barabanki,50803KCC900S,5,Pcs.,401.35,2006.75
2026-07-21,26-27/01809/Hero,Verma Auto Agencies | AFM | Barabanki,53172KTC900S,4,Pcs.,68.98,275.92
2026-07-21,26-27/01809/Hero,Verma Auto Agencies | AFM | Barabanki,77235KTR900S,3,Pcs.,59.58,178.74
2026-07-21,26-27/01809/Hero,Verma Auto Agencies | AFM | Barabanki,13201GF6300S,10,Pcs.,282.21,2822.1
2026-07-21,26-27/01809/Hero,Verma Auto Agencies | AFM | Barabanki,14566086030S,150,Pcs.,6.27,940.5
2026-07-21,26-27/01809/Hero,Verma Auto Agencies | AFM | Barabanki,15100KTC900S,2,Pcs.,344.91,689.82
2026-07-21,26-27/01809/Hero,Verma Auto Agencies | AFM | Barabanki,15421035010S,10,Pcs.,37.63,376.3
2026-07-21,26-27/01809/Hero,Verma Auto Agencies | AFM | Barabanki,17910KCC900S,10,Pcs.,44.07,440.7
2026-07-21,26-27/01809/Hero,Verma Auto Agencies | AFM | Barabanki,22100KTC902RS,1,Pcs.,950.09,950.09
2026-07-21,26-27/01809/Hero,Verma Auto Agencies | AFM | Barabanki,22100KTC902RS,1,Pcs.,896.78,896.78
2026-07-21,26-27/01809/Hero,Verma Auto Agencies | AFM | Barabanki,22870KTC900S,20,Pcs.,59.33,1186.6
2026-07-21,26-27/01809/Hero,Verma Auto Agencies | AFM | Barabanki,23205KRP982S,2,Pcs.,586.35,1172.7
2026-07-21,26-27/01809/Hero,Verma Auto Agencies | AFM | Barabanki,23801GF6000S,10,Pcs.,59.58,595.8
2026-07-21,26-27/01809/Hero,Verma Auto Agencies | AFM | Barabanki,24430KPH901S,5,Pcs.,21.95,109.75
2026-07-21,26-27/01809/Hero,Verma Auto Agencies | AFM | Barabanki,24430KST900S,20,Pcs.,53.3,1066.0
2026-07-21,26-27/01809/Hero,Verma Auto Agencies | AFM | Barabanki,33702AANH01S,1,Pcs.,122.28,122.28
2026-07-21,26-27/01809/Hero,Verma Auto Agencies | AFM | Barabanki,3370BAAHA010099S,2,Pcs.,253.98,507.96
2026-07-21,26-27/01809/Hero,Verma Auto Agencies | AFM | Barabanki,35010AAG501S,3,Pcs.,621.01,1863.03
2026-07-21,26-27/01809/Hero,Verma Auto Agencies | AFM | Barabanki,37800KST861S,1,Pcs.,222.63,222.63
2026-07-21,26-27/01809/Hero,Verma Auto Agencies | AFM | Barabanki,53172KTC900S,1,Pcs.,68.98,68.98
2026-07-21,26-27/01809/Hero,Verma Auto Agencies | AFM | Barabanki,91105KTC900S,1,Pcs.,50.17,50.17
2026-07-21,26-27/01809/Hero,Verma Auto Agencies | AFM | Barabanki,33K151S,10,Pcs.,422.03,4220.3
2026-07-21,26-27/01809/Hero,Verma Auto Agencies | AFM | Barabanki,37100AAG101S,2,Pcs.,1395.34,2790.68
2026-07-21,26-27/01809/Hero,Verma Auto Agencies | AFM | Barabanki,37610KST951S,3,Pcs.,94.07,282.21
2026-07-21,26-27/01809/Hero,Verma Auto Agencies | AFM | Barabanki,37610KST951S,6,Pcs.,82.16,492.96
2026-07-21,26-27/01809/Hero,Verma Auto Agencies | AFM | Barabanki,37610KST951S,1,Pcs.,89.68,89.68
2026-07-21,26-27/01809/Hero,Verma Auto Agencies | AFM | Barabanki,43100153600HS,4,Pcs.,420.17,1680.68
2026-07-21,26-27/01809/Hero,Verma Auto Agencies | AFM | Barabanki,43450AAW000S,3,Pcs.,159.66,478.98
2026-07-21,26-27/01809/Hero,Verma Auto Agencies | AFM | Barabanki,51425KCC840S,10,Pcs.,43.9,439.0
2026-07-21,26-27/01809/Hero,Verma Auto Agencies | AFM | Barabanki,43450AAW000S,1,Pcs.,159.66,159.66
2026-07-21,26-27/01809/Hero,Verma Auto Agencies | AFM | Barabanki,44830KST940S,20,Pcs.,59.95,1199.0
2026-07-21,26-27/01809/Hero,Verma Auto Agencies | AFM | Barabanki,45450KCC900S,10,Pcs.,80.9,809.0
2026-07-21,26-27/01809/Hero,Verma Auto Agencies | AFM | Barabanki,52147KTC900S,10,Pcs.,31.35,313.5
2026-07-21,26-27/01809/Hero,Verma Auto Agencies | AFM | Barabanki,53166KTC900S,10,Pcs.,40.76,407.6
2026-07-21,26-27/01809/Hero,Verma Auto Agencies | AFM | Barabanki,53167KPL900S,5,Pcs.,28.22,141.1
2026-07-21,26-27/01809/Hero,Verma Auto Agencies | AFM | Barabanki,53168AALD00S,2,Pcs.,97.21,194.42
2026-07-21,26-27/01809/Hero,Verma Auto Agencies | AFM | Barabanki,53178AAFH00S,4,Pcs.,57.7,230.8
2026-07-21,26-27/01809/Hero,Verma Auto Agencies | AFM | Barabanki,53178AAFH00S,4,Pcs.,56.44,225.76
2026-07-21,26-27/01809/Hero,Verma Auto Agencies | AFM | Barabanki,53178AAFH00S,42,Pcs.,62.72,2634.24
2026-07-21,26-27/01809/Hero,Verma Auto Agencies | AFM | Barabanki,83550ACK00099S,2,Pcs.,26.34,52.68
2026-07-21,26-27/01809/Hero,Verma Auto Agencies | AFM | Barabanki,87501AAGH00S,10,Pcs.,15.68,156.8
2026-07-21,26-27/01809/Hero,Verma Auto Agencies | AFM | Barabanki,91001KWS901S,10,Pcs.,275.93,2759.3
2026-07-21,26-27/01809/Hero,Verma Auto Agencies | AFM | Barabanki,91203GB5760S,50,Pcs.,15.68,784.0
2026-07-21,26-27/01809/Hero,Verma Auto Agencies | AFM | Barabanki,45010KTC900S,5,Pcs.,468.56,2342.8
2026-07-21,26-27/01810/Hero,Maa Durga GST | AFM | Harunagla,SPDMCYL02SS,20,Pcs.,217.79,4355.8
2026-07-21,26-27/01811/Hero,Sanjay Cycles | C B Ganj,20K810S,50,Pcs.,436.44,21822.0
2026-07-21,26-27/01812/Hero,Z R Auto Traders | AFM | Choupla,80100KWH970S,2,Pcs.,391.5,783.0
2026-07-21,26-27/01812/Hero,Z R Auto Traders | AFM | Choupla,20K450S,2,Pcs.,608.42,1216.84
2026-07-21,26-27/01812/Hero,Z R Auto Traders | AFM | Choupla,24K150LS,2,Pcs.,298.61,597.22
2026-07-21,26-27/01812/Hero,Z R Auto Traders | AFM | Choupla,33K131S,1,Pcs.,447.54,447.54
2026-07-21,26-27/01812/Hero,Z R Auto Traders | AFM | Choupla,33K131S,1,Pcs.,470.76,470.76
2026-07-21,26-27/01812/Hero,Z R Auto Traders | AFM | Choupla,33K132S,2,Pcs.,450.86,901.72
2026-07-21,26-27/01812/Hero,Z R Auto Traders | AFM | Choupla,43100153600HS,2,Pcs.,398.13,796.26
2026-07-21,26-27/01812/Hero,Z R Auto Traders | AFM | Choupla,K22222KTCE900S,2,Pcs.,416.1,832.2
2026-07-21,26-27/01812/Hero,Z R Auto Traders | AFM | Choupla,K22222KZAAW00VS,2,Pcs.,443.3,886.6
2026-07-21,26-27/01812/Hero,Z R Auto Traders | AFM | Choupla,53100AAE110S,3,Pcs.,338.41,1015.23
2026-07-21,26-27/01813/Hero,Gaazi Auto Parts | AFM | Aonla,20K211S,2,Pcs.,501.43,1002.86
2026-07-21,26-27/01813/Hero,Gaazi Auto Parts | AFM | Aonla,20K710S,2,Pcs.,466.57,933.14
2026-07-21,26-27/01813/Hero,Gaazi Auto Parts | AFM | Aonla,23123KGH900S,2,Pcs.,198.63,397.26
2026-07-21,26-27/01813/Hero,Gaazi Auto Parts | AFM | Aonla,33K111S,1,Pcs.,415.32,415.32
2026-07-21,26-27/01813/Hero,Gaazi Auto Parts | AFM | Aonla,33K112S,1,Pcs.,445.72,445.72
2026-07-21,26-27/01813/Hero,Gaazi Auto Parts | AFM | Aonla,50500KTRA00S,1,Pcs.,290.44,290.44
2026-07-21,26-27/01813/Hero,Gaazi Auto Parts | AFM | Aonla,50803KCC900S,1,Pcs.,432.27,432.27
2026-07-21,26-27/01813/Hero,Gaazi Auto Parts | AFM | Aonla,88110AAEH31S,3,Pcs.,118.2,354.6
2026-07-21,26-27/01813/Hero,Gaazi Auto Parts | AFM | Aonla,88120AAEH31S,3,Pcs.,118.2,354.6
2026-07-21,26-27/01813/Hero,Gaazi Auto Parts | AFM | Aonla,50400ADH800DS,1,Pcs.,746.34,746.34
2026-07-21,26-27/01814/Hero,Guddu Auto Service Center | AFM | Aonla,20K710S,10,Pcs.,448.39,4483.9
2026-07-21,26-27/01814/Hero,Guddu Auto Service Center | AFM | Aonla,14610086000RS,5,Pcs.,58.8,294.0
2026-07-21,26-27/01814/Hero,Guddu Auto Service Center | AFM | Aonla,14610086000RS,5,Pcs.,65.34,326.7
2026-07-21,26-27/01814/Hero,Guddu Auto Service Center | AFM | Aonla,14670035030LS,5,Pcs.,70.92,354.6
2026-07-21,26-27/01814/Hero,Guddu Auto Service Center | AFM | Aonla,22201AAHA01S,4,Pcs.,40.01,160.04
2026-07-21,26-27/01814/Hero,Guddu Auto Service Center | AFM | Aonla,22201AAHA01S,16,Pcs.,47.27,756.32
2026-07-21,26-27/01814/Hero,Guddu Auto Service Center | AFM | Aonla,22201GF6000S,20,Pcs.,64.16,1283.2
2026-07-21,26-27/01814/Hero,Guddu Auto Service Center | AFM | Aonla,35753035010S,50,Pcs.,10.13,506.5
2026-07-21,26-27/01815/Hero,Sanjay Cycles | C B Ganj,20K710S,50,Pcs.,432.2,21610.0
2026-07-21,26-27/01816/Hero,Sanjay Cycles | C B Ganj,20K710S,50,Pcs.,432.2,21610.0
2026-07-21,26-27/01817/Hero,Raza Auto Service | AFM | Nakatia,12391KWP900S,10,Pcs.,55.35,553.5
2026-07-21,26-27/01817/Hero,Raza Auto Service | AFM | Nakatia,17920KZN305S,3,Pcs.,205.15,615.45
2026-07-21,26-27/01817/Hero,Raza Auto Service | AFM | Nakatia,31120ACLD01S,1,Pcs.,908.52,908.52
2026-07-21,26-27/01817/Hero,Raza Auto Service | AFM | Nakatia,31120ACLD02S,1,Pcs.,706.63,706.63
2026-07-21,26-27/01817/Hero,Raza Auto Service | AFM | Nakatia,3514AABH50099S,5,Pcs.,169.33,846.65
2026-07-21,26-27/01817/Hero,Raza Auto Service | AFM | Nakatia,VD45508ACP000S,1,Pcs.,158.91,158.91
2026-07-21,26-27/01817/Hero,Raza Auto Service | AFM | Nakatia,VD5317AACP320S,1,Pcs.,209.71,209.71
2026-07-21,26-27/01818/Hero,Khandelwal Auto Parts,20K810S,20,Pcs.,436.44,8728.8
2026-07-23,26-27/01819/Hero,Sanjay Cycles | C B Ganj,20K710S,10,Pcs.,440.67,4406.7
2026-07-23,26-27/01820/Hero,Shubh Auto Parts | AFM | Puranpur,14502086000RS,20,Pcs.,57.96,1159.2
2026-07-23,26-27/01820/Hero,Shubh Auto Parts | AFM | Puranpur,14550GB0910RS,10,Pcs.,70.85,708.5
2026-07-23,26-27/01820/Hero,Shubh Auto Parts | AFM | Puranpur,17681KWH970S,40,Pcs.,9.66,386.4
2026-07-23,26-27/01820/Hero,Shubh Auto Parts | AFM | Puranpur,30500AAFH00S,2,Pcs.,218.99,437.98
2026-07-23,26-27/01820/Hero,Shubh Auto Parts | AFM | Puranpur,30510AAE30099S,2,Pcs.,196.44,392.88
2026-07-23,26-27/01820/Hero,Shubh Auto Parts | AFM | Puranpur,33K131S,5,Pcs.,473.39,2366.95
2026-07-23,26-27/01820/Hero,Shubh Auto Parts | AFM | Puranpur,35150AAGH20S,10,Pcs.,74.07,740.7
2026-07-23,26-27/01820/Hero,Shubh Auto Parts | AFM | Puranpur,35150KWA841S,3,Pcs.,86.95,260.85
2026-07-23,26-27/01820/Hero,Shubh Auto Parts | AFM | Puranpur,40531205010S,100,Pcs.,9.66,966.0
2026-07-23,26-27/01820/Hero,Shubh Auto Parts | AFM | Puranpur,83402KTCA20S,3,Pcs.,86.95,260.85
2026-07-23,26-27/01820/Hero,Shubh Auto Parts | AFM | Puranpur,83512KTCA20S,1,Pcs.,64.41,64.41
2026-07-23,26-27/01820/Hero,Shubh Auto Parts | AFM | Puranpur,90307001000S,50,Pcs.,9.66,483.0
2026-07-23,26-27/01820/Hero,Shubh Auto Parts | AFM | Puranpur,91303719000S,20,Pcs.,3.86,77.2
2026-07-23,26-27/01820/Hero,Shubh Auto Parts | AFM | Puranpur,91303719000S,20,Pcs.,6.44,128.8
2026-07-23,26-27/01820/Hero,Shubh Auto Parts | AFM | Puranpur,K40405KWAG930S,1,Pcs.,338.14,338.14
2026-07-23,26-27/01821/Hero,Nitin Auto Mobile | AFM | Aonla,20K710S,100,Pcs.,440.67,44067.0
2026-07-23,26-27/01822/Hero,Golden Auto Centre | AFM | Shyamganj,83401KCC900SPROS,8,Pcs.,228.82,1830.56
2026-07-23,26-27/01824/Hero,Golden Auto Centre | AFM | Shyamganj,14510KWP900S,2,Pcs.,72.96,145.92
2026-07-23,26-27/01824/Hero,Golden Auto Centre | AFM | Shyamganj,35010AAY301S,1,Pcs.,486.44,486.44
2026-07-23,26-27/01824/Hero,Golden Auto Centre | AFM | Shyamganj,53168KTP900S,5,Pcs.,82.7,413.5
2026-07-23,26-27/01825/Hero,Ramesh Auto Service | AFM | Aonla,ACKEA7B000000GS,10,Pcs.,635.59,6355.9
2026-07-23,26-27/01826/Hero,Mourya Auto | AFM | Fatehganj West,14502086000RS,5,Pcs.,58.8,294.0
2026-07-23,26-27/01826/Hero,Mourya Auto | AFM | Fatehganj West,14566086030S,10,Pcs.,6.53,65.3
2026-07-23,26-27/01826/Hero,Mourya Auto | AFM | Fatehganj West,14610086000RS,5,Pcs.,65.34,326.7
2026-07-23,26-27/01826/Hero,Mourya Auto | AFM | Fatehganj West,22201GF6000S,12,Pcs.,64.16,769.92
2026-07-23,26-27/01826/Hero,Mourya Auto | AFM | Fatehganj West,35010AAE301S,1,Pcs.,577.49,577.49
2026-07-23,26-27/01826/Hero,Mourya Auto | AFM | Fatehganj West,35100AAE102S,2,Pcs.,361.35,722.7
2026-07-23,26-27/01826/Hero,Mourya Auto | AFM | Fatehganj West,35100AAEH00S,2,Pcs.,369.16,738.32
2026-07-23,26-27/01826/Hero,Mourya Auto | AFM | Fatehganj West,35100AAHA01S,2,Pcs.,344.46,688.92
2026-07-23,26-27/01826/Hero,Mourya Auto | AFM | Fatehganj West,43120365H70S,10,Pcs.,49.65,496.5
2026-07-23,26-27/01826/Hero,Mourya Auto | AFM | Fatehganj West,45125KCCH00S,10,Pcs.,67.55,675.5
2026-07-23,26-27/01827/Hero,Nitin Auto Mobile | AFM | Aonla,20K211S,10,Pcs.,489.4,4894.0
2026-07-23,26-27/01827/Hero,Nitin Auto Mobile | AFM | Aonla,20K211S,10,Pcs.,489.4,4894.0
2026-07-23,26-27/01827/Hero,Nitin Auto Mobile | AFM | Aonla,52110KST940S,1,Pcs.,626.69,626.69
2026-07-23,26-27/01827/Hero,Nitin Auto Mobile | AFM | Aonla,52110KST940S,1,Pcs.,692.8,692.8
2026-07-23,26-27/01827/Hero,Nitin Auto Mobile | AFM | Aonla,16100KZAW06S,1,Pcs.,1309.32,1309.32
2026-07-23,26-27/01827/Hero,Nitin Auto Mobile | AFM | Aonla,17620AAG501S,3,Pcs.,330.51,991.53
2026-07-23,26-27/01827/Hero,Nitin Auto Mobile | AFM | Aonla,17620KCC900S,3,Pcs.,44.49,133.47
2026-07-23,26-27/01827/Hero,Nitin Auto Mobile | AFM | Aonla,20K450S,5,Pcs.,600.64,3003.2
2026-07-23,26-27/01827/Hero,Nitin Auto Mobile | AFM | Aonla,30700ACK00099S,6,Pcs.,69.91,419.46
2026-07-23,26-27/01827/Hero,Nitin Auto Mobile | AFM | Aonla,41241KST941S,20,Pcs.,17.48,349.6
2026-07-23,26-27/01827/Hero,Nitin Auto Mobile | AFM | Aonla,41241KST941S,4,Pcs.,19.06,76.24
2026-07-23,26-27/01827/Hero,Nitin Auto Mobile | AFM | Aonla,K83834AAEE300RS,1,Pcs.,162.07,162.07
2026-07-23,26-27/01827/Hero,Nitin Auto Mobile | AFM | Aonla,K83834AAEE300RS,1,Pcs.,165.26,165.26
2026-07-23,26-27/01827/Hero,Nitin Auto Mobile | AFM | Aonla,17620AAG501S,2,Pcs.,277.76,555.52
2026-07-23,26-27/01827/Hero,Nitin Auto Mobile | AFM | Aonla,17620KCC900S,2,Pcs.,44.49,88.98
2026-07-23,26-27/01827/Hero,Nitin Auto Mobile | AFM | Aonla,17910AAEC00S,10,Pcs.,82.63,826.3
2026-07-23,26-27/01827/Hero,Nitin Auto Mobile | AFM | Aonla,30700ACK00099S,14,Pcs.,69.91,978.74
2026-07-23,26-27/01827/Hero,Nitin Auto Mobile | AFM | Aonla,41241KST941S,16,Pcs.,17.48,279.68
2026-07-23,26-27/01828/Hero,Saqlani Automobile | AFM | Nakatia,11394AAF4099S,5,Pcs.,47.78,238.9
2026-07-23,26-27/01828/Hero,Saqlani Automobile | AFM | Nakatia,12209GB4685S,10,Pcs.,29.86,298.6
2026-07-23,26-27/01828/Hero,Saqlani Automobile | AFM | Nakatia,14401AAG00099S,5,Pcs.,201.24,1006.2
2026-07-23,26-27/01828/Hero,Saqlani Automobile | AFM | Nakatia,17253KWP900S,2,Pcs.,76.31,152.62
2026-07-23,26-27/01828/Hero,Saqlani Automobile | AFM | Nakatia,17620KWA930HS,2,Pcs.,225.61,451.22
2026-07-23,26-27/01828/Hero,Saqlani Automobile | AFM | Nakatia,17910ABH00099S,1,Pcs.,145.98,145.98
2026-07-23,26-27/01828/Hero,Saqlani Automobile | AFM | Nakatia,17910ABSB0099S,1,Pcs.,131.39,131.39
2026-07-23,26-27/01828/Hero,Saqlani Automobile | AFM | Nakatia,17910KWA940S,1,Pcs.,47.71,47.71
2026-07-23,26-27/01828/Hero,Saqlani Automobile | AFM | Nakatia,17910KWA940S,4,Pcs.,54.35,217.4
2026-07-23,26-27/01828/Hero,Saqlani Automobile | AFM | Nakatia,22121198900S,4,Pcs.,195.66,782.64
2026-07-23,26-27/01828/Hero,Saqlani Automobile | AFM | Nakatia,22121198900S,1,Pcs.,208.49,208.49
2026-07-23,26-27/01828/Hero,Saqlani Automobile | AFM | Nakatia,22350115020S,10,Pcs.,122.69,1226.9
2026-07-23,26-27/01828/Hero,Saqlani Automobile | AFM | Nakatia,22810198000S,2,Pcs.,49.77,99.54
2026-07-23,26-27/01828/Hero,Saqlani Automobile | AFM | Nakatia,31120AAN411S,1,Pcs.,739.87,739.87
2026-07-23,26-27/01828/Hero,Saqlani Automobile | AFM | Nakatia,31120ACK011S,4,Pcs.,796.27,3185.08
2026-07-23,26-27/01828/Hero,Saqlani Automobile | AFM | Nakatia,31600ACK001S,1,Pcs.,895.81,895.81
2026-07-23,26-27/01828/Hero,Saqlani Automobile | AFM | Nakatia,3310BAACH00S,1,Pcs.,557.39,557.39
2026-07-23,26-27/01828/Hero,Saqlani Automobile | AFM | Nakatia,33741KAK971S,35,Pcs.,16.59,580.65
2026-07-23,26-27/01828/Hero,Saqlani Automobile | AFM | Nakatia,35100AAF401S,2,Pcs.,391.5,783.0
2026-07-23,26-27/01828/Hero,Saqlani Automobile | AFM | Nakatia,35150AAW001S,2,Pcs.,49.77,99.54
2026-07-23,26-27/01828/Hero,Saqlani Automobile | AFM | Nakatia,35200AAE11099S,1,Pcs.,285.33,285.33
2026-07-23,26-27/01828/Hero,Saqlani Automobile | AFM | Nakatia,35200AAE11099S,1,Pcs.,331.78,331.78
2026-07-23,26-27/01828/Hero,Saqlani Automobile | AFM | Nakatia,35340KWP900S,6,Pcs.,33.18,199.08
2026-07-23,26-27/01828/Hero,Saqlani Automobile | AFM | Nakatia,37800KWA930S,2,Pcs.,272.06,544.12
2026-07-23,26-27/01828/Hero,Saqlani Automobile | AFM | Nakatia,40545001000S,50,Pcs.,6.63,331.5
2026-07-23,26-27/01828/Hero,Saqlani Automobile | AFM | Nakatia,41241KST941S,8,Pcs.,19.9,159.2
2026-07-23,26-27/01828/Hero,Saqlani Automobile | AFM | Nakatia,52181001300S,5,Pcs.,33.18,165.9
2026-07-23,26-27/01828/Hero,Saqlani Automobile | AFM | Nakatia,53172ABG000S,2,Pcs.,92.89,185.78
2026-07-23,26-27/01828/Hero,Saqlani Automobile | AFM | Nakatia,83700AAE110S,2,Pcs.,53.09,106.18
2026-07-23,26-27/01828/Hero,Saqlani Automobile | AFM | Nakatia,88120ABH501S,2,Pcs.,134.7,269.4
2026-07-23,26-27/01828/Hero,Saqlani Automobile | AFM | Nakatia,90801035000S,30,Pcs.,9.95,298.5
2026-07-23,26-27/01828/Hero,Saqlani Automobile | AFM | Nakatia,960010604000S,10,Pcs.,6.63,66.3
2026-07-23,26-27/01828/Hero,Saqlani Automobile | AFM | Nakatia,960010608000S,20,Pcs.,9.95,199.0
2026-07-23,26-27/01828/Hero,Saqlani Automobile | AFM | Nakatia,K12121AAEE300S,1,Pcs.,1765.07,1765.07
2026-07-23,26-27/01828/Hero,Saqlani Automobile | AFM | Nakatia,12209GB4685S,10,Pcs.,29.86,298.6
2026-07-23,26-27/01828/Hero,Saqlani Automobile | AFM | Nakatia,14520KTC902S,5,Pcs.,153.32,766.6
2026-07-23,26-27/01828/Hero,Saqlani Automobile | AFM | Nakatia,16701AAF400S,2,Pcs.,92.89,185.78
2026-07-23,26-27/01828/Hero,Saqlani Automobile | AFM | Nakatia,17620KWA930HS,2,Pcs.,225.61,451.22
2026-07-23,26-27/01828/Hero,Saqlani Automobile | AFM | Nakatia,17910ABH00099S,1,Pcs.,145.98,145.98
2026-07-23,26-27/01828/Hero,Saqlani Automobile | AFM | Nakatia,17910ABSB0099S,3,Pcs.,131.39,394.17
2026-07-23,26-27/01828/Hero,Saqlani Automobile | AFM | Nakatia,22810198000S,3,Pcs.,49.77,149.31
2026-07-23,26-27/01828/Hero,Saqlani Automobile | AFM | Nakatia,31120AAN411S,1,Pcs.,739.87,739.87
2026-07-23,26-27/01828/Hero,Saqlani Automobile | AFM | Nakatia,31120ACK011S,1,Pcs.,796.27,796.27
2026-07-23,26-27/01828/Hero,Saqlani Automobile | AFM | Nakatia,33741KAK971S,15,Pcs.,16.59,248.85
2026-07-23,26-27/01828/Hero,Saqlani Automobile | AFM | Nakatia,35150AAW001S,2,Pcs.,43.13,86.26
2026-07-23,26-27/01828/Hero,Saqlani Automobile | AFM | Nakatia,35150AAW001S,1,Pcs.,49.77,49.77
2026-07-23,26-27/01828/Hero,Saqlani Automobile | AFM | Nakatia,35340KWP900S,1,Pcs.,29.86,29.86
2026-07-23,26-27/01828/Hero,Saqlani Automobile | AFM | Nakatia,35340KWP900S,9,Pcs.,33.18,298.62
2026-07-23,26-27/01828/Hero,Saqlani Automobile | AFM | Nakatia,37800ACK00099S,3,Pcs.,238.88,716.64
2026-07-23,26-27/01828/Hero,Saqlani Automobile | AFM | Nakatia,41241KST941S,12,Pcs.,19.9,238.8
2026-07-23,26-27/01828/Hero,Saqlani Automobile | AFM | Nakatia,52181001300S,5,Pcs.,33.18,165.9
2026-07-23,26-27/01828/Hero,Saqlani Automobile | AFM | Nakatia,53168ABG200S,3,Pcs.,85.6,256.8
2026-07-23,26-27/01828/Hero,Saqlani Automobile | AFM | Nakatia,53172ABG000S,1,Pcs.,92.89,92.89
2026-07-23,26-27/01828/Hero,Saqlani Automobile | AFM | Nakatia,83700AAE110S,1,Pcs.,53.09,53.09
2026-07-23,26-27/01828/Hero,Saqlani Automobile | AFM | Nakatia,90801035000S,20,Pcs.,9.95,199.0
2026-07-23,26-27/01828/Hero,Saqlani Automobile | AFM | Nakatia,960010604000S,40,Pcs.,6.63,265.2
2026-07-23,26-27/01828/Hero,Saqlani Automobile | AFM | Nakatia,960010608000S,30,Pcs.,9.95,298.5
2026-07-23,26-27/01828/Hero,Saqlani Automobile | AFM | Nakatia,50500KTRA00S,5,Pcs.,285.33,1426.65
2026-07-23,26-27/01828/Hero,Saqlani Automobile | AFM | Nakatia,20K710S,10,Pcs.,462.0,4620.0
2026-07-23,26-27/01829/Hero,Raza Auto Service | AFM | Nakatia,980565773800S,50,Pcs.,52.21,2610.5
2026-07-23,26-27/01830/Hero,Raza Auto Service | AFM | Nakatia,980565773800S,50,Pcs.,52.21,2610.5
2026-07-23,26-27/01831/Hero,Raza Auto Service | AFM | Nakatia,980565773800S,50,Pcs.,52.21,2610.5
2026-07-23,26-27/01832/Hero,Raza Auto Service | AFM | Nakatia,980565773800S,50,Pcs.,52.21,2610.5
2026-07-23,26-27/01833/Hero,Raza Auto Service | AFM | Nakatia,980565773800S,50,Pcs.,52.21,2610.5
2026-07-23,26-27/01834/Hero,Raza Auto Service | AFM | Nakatia,980565773800S,50,Pcs.,52.21,2610.5
2026-07-23,26-27/01835/Hero,Krishna Auto Service | AFM | Mirzapur,88110AAEH31S,10,Pcs.,94.56,945.6
2026-07-23,26-27/01835/Hero,Krishna Auto Service | AFM | Mirzapur,88120AAEH31S,10,Pcs.,118.2,1182.0
2026-07-23,26-27/01835/Hero,Krishna Auto Service | AFM | Mirzapur,14510ABZ000S,2,Pcs.,43.23,86.46
2026-07-23,26-27/01835/Hero,Krishna Auto Service | AFM | Mirzapur,21K130LS,2,Pcs.,1355.09,2710.18
2026-07-23,26-27/01836/Hero,R K Auto Parts | AFM | Bindaulia,61100KST940ZAPROS,5,Pcs.,228.81,1144.05
2026-07-23,26-27/01837/Hero,R K Auto Parts | AFM | Bindaulia,ACKEA7B000000GS,5,Pcs.,635.59,3177.95
2026-07-23,26-27/01838/Hero,R K Auto Parts | AFM | Bindaulia,22201GF6000S,20,Pcs.,65.26,1305.2
2026-07-23,26-27/01838/Hero,R K Auto Parts | AFM | Bindaulia,35100AACH01S,2,Pcs.,342.59,685.18
2026-07-23,26-27/01838/Hero,R K Auto Parts | AFM | Bindaulia,35100AAE301S,1,Pcs.,300.17,300.17
2026-07-23,26-27/01838/Hero,R K Auto Parts | AFM | Bindaulia,35100AAEH00S,2,Pcs.,368.68,737.36
2026-07-23,26-27/01838/Hero,R K Auto Parts | AFM | Bindaulia,37800AAE30099S,2,Pcs.,309.96,619.92
2026-07-23,26-27/01838/Hero,R K Auto Parts | AFM | Bindaulia,37800AAH102S,1,Pcs.,244.71,244.71
2026-07-23,26-27/01838/Hero,R K Auto Parts | AFM | Bindaulia,37800ACK00099S,1,Pcs.,234.91,234.91
2026-07-23,26-27/01838/Hero,R K Auto Parts | AFM | Bindaulia,52400KCC905ZBS,2,Pcs.,662.33,1324.66
2026-07-23,26-27/01838/Hero,R K Auto Parts | AFM | Bindaulia,53178AAFH00S,4,Pcs.,65.26,261.04
2026-07-23,26-27/01838/Hero,R K Auto Parts | AFM | Bindaulia,64100AAC200S,1,Pcs.,172.93,172.93
2026-07-23,26-27/01838/Hero,R K Auto Parts | AFM | Bindaulia,9501151000S,20,Pcs.,6.52,130.4
2026-07-23,26-27/01838/Hero,R K Auto Parts | AFM | Bindaulia,K22222HF100DS,1,Pcs.,570.98,570.98
2026-07-23,26-27/01838/Hero,R K Auto Parts | AFM | Bindaulia,K50505ACKH700S,5,Pcs.,117.46,587.3
2026-07-23,26-27/01838/Hero,R K Auto Parts | AFM | Bindaulia,14502086000RS,10,Pcs.,58.73,587.3
2026-07-23,26-27/01838/Hero,R K Auto Parts | AFM | Bindaulia,1450AACK000S,5,Pcs.,81.57,407.85
2026-07-23,26-27/01838/Hero,R K Auto Parts | AFM | Bindaulia,14541GB4681S,20,Pcs.,3.27,65.4
2026-07-23,26-27/01838/Hero,R K Auto Parts | AFM | Bindaulia,14550GB0910RS,5,Pcs.,71.78,358.9
2026-07-23,26-27/01838/Hero,R K Auto Parts | AFM | Bindaulia,14610086000RS,15,Pcs.,65.26,978.9
2026-07-23,26-27/01838/Hero,R K Auto Parts | AFM | Bindaulia,14670ACK000S,5,Pcs.,32.62,163.1
2026-07-23,26-27/01838/Hero,R K Auto Parts | AFM | Bindaulia,14711ACL500S,1,Pcs.,86.79,86.79
2026-07-23,26-27/01838/Hero,R K Auto Parts | AFM | Bindaulia,17620AAG501S,1,Pcs.,339.32,339.32
2026-07-23,26-27/01838/Hero,R K Auto Parts | AFM | Bindaulia,22350115020S,5,Pcs.,123.99,619.95
2026-07-23,26-27/01838/Hero,R K Auto Parts | AFM | Bindaulia,22K130LS,2,Pcs.,300.17,600.34
2026-07-23,26-27/01838/Hero,R K Auto Parts | AFM | Bindaulia,23801178000S,5,Pcs.,58.73,293.65
2026-07-23,26-27/01838/Hero,R K Auto Parts | AFM | Bindaulia,24211GF6000RS,5,Pcs.,212.07,1060.35
2026-07-23,26-27/01838/Hero,R K Auto Parts | AFM | Bindaulia,24701KCC900S,2,Pcs.,143.56,287.12
2026-07-23,26-27/01838/Hero,R K Auto Parts | AFM | Bindaulia,25K180S,1,Pcs.,287.12,287.12
2026-07-23,26-27/01838/Hero,R K Auto Parts | AFM | Bindaulia,30700ACK00099S,5,Pcs.,71.78,358.9
2026-07-23,26-27/01838/Hero,R K Auto Parts | AFM | Bindaulia,31201KG8004S,2,Pcs.,176.18,352.36
2026-07-23,26-27/01838/Hero,R K Auto Parts | AFM | Bindaulia,35100AAE301S,1,Pcs.,300.17,300.17
2026-07-23,26-27/01838/Hero,R K Auto Parts | AFM | Bindaulia,35753035010S,10,Pcs.,9.79,97.9
2026-07-23,26-27/01838/Hero,R K Auto Parts | AFM | Bindaulia,40531205010S,20,Pcs.,9.79,195.8
2026-07-23,26-27/01838/Hero,R K Auto Parts | AFM | Bindaulia,40531KTE910S,20,Pcs.,9.79,195.8
2026-07-23,26-27/01838/Hero,R K Auto Parts | AFM | Bindaulia,40545001000S,40,Pcs.,6.52,260.8
2026-07-23,26-27/01838/Hero,R K Auto Parts | AFM | Bindaulia,53178AAFH00S,1,Pcs.,65.26,65.26
2026-07-23,26-27/01838/Hero,R K Auto Parts | AFM | Bindaulia,91001GF6000S,2,Pcs.,123.99,247.98
2026-07-23,26-27/01838/Hero,R K Auto Parts | AFM | Bindaulia,91303719000S,20,Pcs.,6.52,130.4
2026-07-23,26-27/01838/Hero,R K Auto Parts | AFM | Bindaulia,961006203000S,5,Pcs.,48.94,244.7
2026-07-23,26-27/01838/Hero,R K Auto Parts | AFM | Bindaulia,K91902HF100DS,5,Pcs.,43.72,218.6
2026-07-23,26-27/01839/Hero,Hari Prakesh Auto | AFM | Fatehganj West,14502086000RS,10,Pcs.,58.8,588.0
2026-07-23,26-27/01839/Hero,Hari Prakesh Auto | AFM | Fatehganj West,14670ACK000S,5,Pcs.,33.77,168.85
2026-07-23,26-27/01839/Hero,Hari Prakesh Auto | AFM | Fatehganj West,40531205010S,10,Pcs.,10.13,101.3
2026-07-23,26-27/01839/Hero,Hari Prakesh Auto | AFM | Fatehganj West,53178AAFH00S,5,Pcs.,60.79,303.95
2026-07-23,26-27/01839/Hero,Hari Prakesh Auto | AFM | Fatehganj West,91251KPH901S,10,Pcs.,10.13,101.3
2026-07-23,26-27/01839/Hero,Hari Prakesh Auto | AFM | Fatehganj West,K91902HF100DS,10,Pcs.,45.25,452.5
2026-07-23,26-27/01840/Hero,Raza Auto Parts | AFM | Fatehganj West,12391KWP900S,10,Pcs.,57.41,574.1
2026-07-23,26-27/01840/Hero,Raza Auto Parts | AFM | Fatehganj West,17920KZN305S,3,Pcs.,209.37,628.11
2026-07-23,26-27/01840/Hero,Raza Auto Parts | AFM | Fatehganj West,31120ACLD01S,1,Pcs.,942.21,942.21
2026-07-23,26-27/01840/Hero,Raza Auto Parts | AFM | Fatehganj West,31120ACLD02S,1,Pcs.,732.83,732.83
2026-07-23,26-27/01840/Hero,Raza Auto Parts | AFM | Fatehganj West,3514AABH50099S,5,Pcs.,175.61,878.05
2026-07-23,26-27/01840/Hero,Raza Auto Parts | AFM | Fatehganj West,VD45508ACP000S,1,Pcs.,164.8,164.8
2026-07-23,26-27/01840/Hero,Raza Auto Parts | AFM | Fatehganj West,VD5317AACP320S,1,Pcs.,217.49,217.49
