product_id,product_string,name,nickname,category,subcategory,uom,size,hsn_code,barcode,price,litres_per_unit,is_active,created_at,updated_at
59471,ACLAA7B000000GS,Battery HBT5-ACLAA7B000000GS,,Battery,B2S2 Battery,Pcs.,,,,,,1,2026-08-06 08:11:37,2026-08-06 18:09:31
59582,SPDHBT10003AS,SPDHBT10003AS,,Battery,B2S2 Battery,Pcs.,,,,,,1,2026-08-06 08:11:37,2026-08-06 18:09:31
59566,SPDHBT15004AS,BATTERY 4 AH 150-SPDHBT15004AS,,Battery,B2S2 Battery,Pcs.,,,,,,1,2026-08-06 08:11:37,2026-08-06 18:09:31
59134,SPDHDX01SS,Harley Davidson X 15W50 (2300ML)-SPDHDX01SS,,Oil,HDX Oil,Pcs.,,,,,,1,2026-08-06 08:11:37,2026-08-06 18:09:31
59137,SPDMCYL08SS,HERO XOTIC PLUS 15W50 SL MA2(2800ML)-SPDMCYL08SS,,Oil,HDX Oil,Pcs.,,,,,,1,2026-08-06 08:11:37,2026-08-06 18:09:31
59133,SPDMCYL13SS,HERO XOTIC PLUS 15W50 SL MA2(2300ML)-SPDMCYL13SS,,Oil,HDX Oil,Pcs.,,,,,,1,2026-08-06 08:11:37,2026-08-06 18:09:31
59138,HDH11100ACJ000S,CRANKCASE COMPLETE RIGHT-HDH11100ACJ000S,,Parts,HDX Parts,Pcs.,,,,,,1,2026-08-06 08:11:37,2026-08-06 18:09:31
59136,HDH31500ACD001S,HDH31500ACD001S,,Parts,HDX Parts,Pcs.,,,,,,1,2026-08-06 08:11:37,2026-08-06 18:09:31
59135,HDH31500ACD001SS,BATTERY ASSY ETZ9-HDH31500ACD001S,,Parts,HDX Parts,Pcs.,,,,,,1,2026-08-06 08:11:37,2026-08-06 18:09:31
59132,HDH42711RAA000S,TYRE REAR-HDH42711RAA000S,,Parts,HDX Parts,Pcs.,,,,,,1,2026-08-06 08:11:37,2026-08-06 18:09:31
59670,99645RAA0010S,Premium Mobile Holder-99645RAA0010S,,Accessories,Helmet,Pcs.,,,,,,1,2026-08-06 08:11:37,2026-08-06 18:09:31
59636,99680ACV520S,RETROFITMENT KIT ASSEMBLY-99680ACV520S,,Accessories,Helmet,Pcs.,,,,,,1,2026-08-06 08:11:37,2026-08-06 18:09:31
59436,K3ADJSB0L002000GS,KIT STAY GUARD-K3ADJSB0L002000GS,,Accessories,Helmet,Pcs.,,,,,,1,2026-08-06 08:11:37,2026-08-06 18:09:31
59819,80112KVN900SR,RUBBER RR FENDER-80112KVN900SR,,Accessories,HHML Accessories,Pcs.,,,,,,1,2026-08-06 08:11:37,2026-08-06 18:09:31
60090,99A198001,"GLOVES, CUT (LEATHER)-99A198001",,Accessories,HHML Accessories,Pcs.,,,,,,1,2026-08-06 08:11:37,2026-08-06 18:09:31
60091,99A198010,"LOCK , HELMET-99A198010",,Accessories,HHML Accessories,Pcs.,,,,,,1,2026-08-06 08:11:37,2026-08-06 18:09:31
59181,99ACKT001,"BAT, CRICKET (EWWC)-99ACKT001",,Accessories,HHML Accessories,Pcs.,,,,,,1,2026-08-06 08:11:37,2026-08-06 18:09:31
59180,99ACKT003,"BAT, CRICKET (KWP)-99ACKT003",,Accessories,HHML Accessories,Pcs.,,,,,,1,2026-08-06 08:11:37,2026-08-06 18:09:31
59106,HDMGLR240001BLL,Blacktop Edge Gloves-HDMGLR240001BLL,,Accessories,HHML Accessories,Pcs.,,,,,,1,2026-08-06 08:11:37,2026-08-06 18:09:31
59101,HDMGLR240001BLM,Blacktop Edge Gloves-HDMGLR240001BLM,,Accessories,HHML Accessories,Pcs.,,,,,,1,2026-08-06 08:11:37,2026-08-06 18:09:31
59079,HDMGLR240001BLXL,Blacktop Edge Gloves-HDMGLR240001BLXL,,Accessories,HHML Accessories,Pcs.,,,,,,1,2026-08-06 08:11:37,2026-08-06 18:09:31
59107,HDMGLR240002BLL,Force Edge Gloves-HDMGLR240002BLL,,Accessories,HHML Accessories,Pcs.,,,,,,1,2026-08-06 08:11:37,2026-08-06 18:09:31
59080,HDMGLR240002BLM,Force Edge Gloves-HDMGLR240002BLM,,Accessories,HHML Accessories,Pcs.,,,,,,1,2026-08-06 08:11:37,2026-08-06 18:09:31
59053,HDMGLR240002BLXL,Force Edge Gloves-HDMGLR240002BLXL,,Accessories,HHML Accessories,Pcs.,,,,,,1,2026-08-06 08:11:37,2026-08-06 18:09:31
59108,HDMGLR240003BLL,Grip Edge Gloves-HDMGLR240003BLL,,Accessories,HHML Accessories,Pcs.,,,,,,1,2026-08-06 08:11:37,2026-08-06 18:09:31
59091,HDMGLR240003BLM,Grip Edge Gloves-HDMGLR240003BLM,,Accessories,HHML Accessories,Pcs.,,,,,,1,2026-08-06 08:11:37,2026-08-06 18:09:31
59090,HDMGLR240003BLXL,Grip Edge Gloves-HDMGLR240003BLXL,,Accessories,HHML Accessories,Pcs.,,,,,,1,2026-08-06 08:11:37,2026-08-06 18:09:31
59081,HDMGLR240004BLL,Claw Edge Gloves-HDMGLR240004BLL,,Accessories,HHML Accessories,Pcs.,,,,,,1,2026-08-06 08:11:37,2026-08-06 18:09:31
59109,HDMGLR240004BLM,Claw Edge Gloves-HDMGLR240004BLM,,Accessories,HHML Accessories,Pcs.,,,,,,1,2026-08-06 08:11:37,2026-08-06 18:09:31
59092,HDMGLR240004BLXL,Claw Edge Gloves-HDMGLR240004BLXL,,Accessories,HHML Accessories,Pcs.,,,,,,1,2026-08-06 08:11:37,2026-08-06 18:09:31
59093,HDMGLR240005BLL,RoadX Edge Gloves-HDMGLR240005BLL,,Accessories,HHML Accessories,Pcs.,,,,,,1,2026-08-06 08:11:37,2026-08-06 18:09:31
59082,HDMGLR240005BLM,RoadX Edge Gloves-HDMGLR240005BLM,,Accessories,HHML Accessories,Pcs.,,,,,,1,2026-08-06 08:11:37,2026-08-06 18:09:31
59054,HDMGLR240005BLXL,RoadX Edge Gloves-HDMGLR240005BLXL,,Accessories,HHML Accessories,Pcs.,,,,,,1,2026-08-06 08:11:37,2026-08-06 18:09:31
59050,HDMSHF240003BLL,Urban Edge Crew Shirt-HDMSHF240003BLL,,Accessories,HHML Accessories,Pcs.,,,,,,1,2026-08-06 08:11:37,2026-08-06 18:09:31
59049,HDMSHF240003BLM,Urban Edge Crew Shirt-HDMSHF240003BLM,,Accessories,HHML Accessories,Pcs.,,,,,,1,2026-08-06 08:11:37,2026-08-06 18:09:31
59051,HDMSHF240003BLXL,Urban Edge Crew Shirt-HDMSHF240003BLXL,,Accessories,HHML Accessories,Pcs.,,,,,,1,2026-08-06 08:11:37,2026-08-06 18:09:31
59052,HDMSHF240003BLXXL,Urban Edge Crew Shirt-HDMSHF240003BLXXL,,Accessories,HHML Accessories,Pcs.,,,,,,1,2026-08-06 08:11:37,2026-08-06 18:09:31
59056,HDMSHF240003BLXXXL,Urban Edge Crew Shirt-HDMSHF240003BLXXXL,,Accessories,HHML Accessories,Pcs.,,,,,,1,2026-08-06 08:11:37,2026-08-06 18:09:31
59058,HDMSHF240004GRL,Urban Edge Crew Shirt-HDMSHF240004GRL,,Accessories,HHML Accessories,Pcs.,,,,,,1,2026-08-06 08:11:37,2026-08-06 18:09:31
59057,HDMSHF240004GRM,Urban Edge Crew Shirt-HDMSHF240004GRM,,Accessories,HHML Accessories,Pcs.,,,,,,1,2026-08-06 08:11:37,2026-08-06 18:09:31
59059,HDMSHF240004GRXL,Urban Edge Crew Shirt-HDMSHF240004GRXL,,Accessories,HHML Accessories,Pcs.,,,,,,1,2026-08-06 08:11:37,2026-08-06 18:09:31
59060,HDMSHF240004GRXXL,Urban Edge Crew Shirt-HDMSHF240004GRXXL,,Accessories,HHML Accessories,Pcs.,,,,,,1,2026-08-06 08:11:37,2026-08-06 18:09:31
59061,HDMSHF240004GRXXXL,Urban Edge Crew Shirt-HDMSHF240004GRXXXL,,Accessories,HHML Accessories,Pcs.,,,,,,1,2026-08-06 08:11:37,2026-08-06 18:09:31
59068,HDMSHF240006BLL,Ride Edge Long Sleeve Shirt-HDMSHF240006BLL,,Accessories,HHML Accessories,Pcs.,,,,,,1,2026-08-06 08:11:37,2026-08-06 18:09:31
59067,HDMSHF240006BLM,Ride Edge Long Sleeve Shirt-HDMSHF240006BLM,,Accessories,HHML Accessories,Pcs.,,,,,,1,2026-08-06 08:11:37,2026-08-06 18:09:31
59069,HDMSHF240006BLXL,Ride Edge Long Sleeve Shirt-HDMSHF240006BLXL,,Accessories,HHML Accessories,Pcs.,,,,,,1,2026-08-06 08:11:37,2026-08-06 18:09:31
59070,HDMSHF240006BLXXL,Ride Edge Long Sleeve Shirt-HDMSHF240006BLXXL,,Accessories,HHML Accessories,Pcs.,,,,,,1,2026-08-06 08:11:37,2026-08-06 18:09:31
59071,HDMSHF240006BLXXXL,Ride Edge Long Sleeve Shirt-HDMSHF240006BLXXXL,,Accessories,HHML Accessories,Pcs.,,,,,,1,2026-08-06 08:11:37,2026-08-06 18:09:31
59040,HDMSHH240001GRL,Track Edge Crew Shirt-HDMSHH240001GRL,,Accessories,HHML Accessories,Pcs.,,,,,,1,2026-08-06 08:11:37,2026-08-06 18:09:31
59039,HDMSHH240001GRM,Track Edge Crew Shirt-HDMSHH240001GRM,,Accessories,HHML Accessories,Pcs.,,,,,,1,2026-08-06 08:11:37,2026-08-06 18:09:31
59041,HDMSHH240001GRXL,Track Edge Crew Shirt-HDMSHH240001GRXL,,Accessories,HHML Accessories,Pcs.,,,,,,1,2026-08-06 08:11:37,2026-08-06 18:09:31
59042,HDMSHH240001GRXXL,Track Edge Crew Shirt-HDMSHH240001GRXXL,,Accessories,HHML Accessories,Pcs.,,,,,,1,2026-08-06 08:11:37,2026-08-06 18:09:31
59043,HDMSHH240001GRXXXL,Track Edge Crew Shirt-HDMSHH240001GRXXXL,,Accessories,HHML Accessories,Pcs.,,,,,,1,2026-08-06 08:11:37,2026-08-06 18:09:31
59045,HDMSHH240002BLL,Roadster Edge Crew Shirt-HDMSHH240002BLL,,Accessories,HHML Accessories,Pcs.,,,,,,1,2026-08-06 08:11:37,2026-08-06 18:09:31
59044,HDMSHH240002BLM,Roadster Edge Crew Shirt-HDMSHH240002BLM,,Accessories,HHML Accessories,Pcs.,,,,,,1,2026-08-06 08:11:37,2026-08-06 18:09:31
59046,HDMSHH240002BLXL,Roadster Edge Crew Shirt-HDMSHH240002BLXL,,Accessories,HHML Accessories,Pcs.,,,,,,1,2026-08-06 08:11:37,2026-08-06 18:09:31
59047,HDMSHH240002BLXXL,Roadster Edge Crew Shirt-HDMSHH240002BLXXL,,Accessories,HHML Accessories,Pcs.,,,,,,1,2026-08-06 08:11:37,2026-08-06 18:09:31
59048,HDMSHH240002BLXXXL,Roadster Edge Crew Shirt-HDMSHH240002BLXXXL,,Accessories,HHML Accessories,Pcs.,,,,,,1,2026-08-06 08:11:37,2026-08-06 18:09:31
59063,HDMSHH240005BLL,Ride Edge Shirt-HDMSHH240005BLL,,Accessories,HHML Accessories,Pcs.,,,,,,1,2026-08-06 08:11:37,2026-08-06 18:09:31
59062,HDMSHH240005BLM,Ride Edge Shirt-HDMSHH240005BLM,,Accessories,HHML Accessories,Pcs.,,,,,,1,2026-08-06 08:11:37,2026-08-06 18:09:31
59064,HDMSHH240005BLXL,Ride Edge Shirt-HDMSHH240005BLXL,,Accessories,HHML Accessories,Pcs.,,,,,,1,2026-08-06 08:11:37,2026-08-06 18:09:31
59065,HDMSHH240005BLXXL,Ride Edge Shirt-HDMSHH240005BLXXL,,Accessories,HHML Accessories,Pcs.,,,,,,1,2026-08-06 08:11:37,2026-08-06 18:09:31
59066,HDMSHH240005BLXXXL,Ride Edge Shirt-HDMSHH240005BLXXXL,,Accessories,HHML Accessories,Pcs.,,,,,,1,2026-08-06 08:11:37,2026-08-06 18:09:31
59036,HDMSSH240001BLL,Throttle Edge Hoodie-HDMSSH240001BLL,,Accessories,HHML Accessories,Pcs.,,,,,,1,2026-08-06 08:11:37,2026-08-06 18:09:31
59105,HDMSSH240001BLM,Throttle Edge Hoodie-HDMSSH240001BLM,,Accessories,HHML Accessories,Pcs.,,,,,,1,2026-08-06 08:11:37,2026-08-06 18:09:31
59037,HDMSSH240001BLXL,Throttle Edge Hoodie-HDMSSH240001BLXL,,Accessories,HHML Accessories,Pcs.,,,,,,1,2026-08-06 08:11:37,2026-08-06 18:09:31
59038,HDMSSH240001BLXXL,Throttle Edge Hoodie-HDMSSH240001BLXXL,,Accessories,HHML Accessories,Pcs.,,,,,,1,2026-08-06 08:11:37,2026-08-06 18:09:31
59117,HDMSSH240001BLXXXL,Throttle Edge Hoodie-HDMSSH240001BLXXXL,,Accessories,HHML Accessories,Pcs.,,,,,,1,2026-08-06 08:11:37,2026-08-06 18:09:31
59076,HDMSSH240002BLL,Dynamic Edge Hoodie-HDMSSH240002BLL,,Accessories,HHML Accessories,Pcs.,,,,,,1,2026-08-06 08:11:37,2026-08-06 18:09:31
59116,HDMSSH240002BLM,Dynamic Edge Hoodie-HDMSSH240002BLM,,Accessories,HHML Accessories,Pcs.,,,,,,1,2026-08-06 08:11:37,2026-08-06 18:09:31
59077,HDMSSH240002BLXL,Dynamic Edge Hoodie-HDMSSH240002BLXL,,Accessories,HHML Accessories,Pcs.,,,,,,1,2026-08-06 08:11:37,2026-08-06 18:09:31
59078,HDMSSH240002BLXXL,Dynamic Edge Hoodie-HDMSSH240002BLXXL,,Accessories,HHML Accessories,Pcs.,,,,,,1,2026-08-06 08:11:37,2026-08-06 18:09:31
59083,HDMSSH240002BLXXXL,Dynamic Edge Hoodie-HDMSSH240002BLXXXL,,Accessories,HHML Accessories,Pcs.,,,,,,1,2026-08-06 08:11:37,2026-08-06 18:09:31
59085,HDMSSZ240003BLL,Layers Edge Pullover-HDMSSZ240003BLL,,Accessories,HHML Accessories,Pcs.,,,,,,1,2026-08-06 08:11:37,2026-08-06 18:09:31
59084,HDMSSZ240003BLM,Layers Edge Pullover-HDMSSZ240003BLM,,Accessories,HHML Accessories,Pcs.,,,,,,1,2026-08-06 08:11:37,2026-08-06 18:09:31
59086,HDMSSZ240003BLXL,Layers Edge Pullover-HDMSSZ240003BLXL,,Accessories,HHML Accessories,Pcs.,,,,,,1,2026-08-06 08:11:37,2026-08-06 18:09:31
59087,HDMSSZ240003BLXXL,Layers Edge Pullover-HDMSSZ240003BLXXL,,Accessories,HHML Accessories,Pcs.,,,,,,1,2026-08-06 08:11:37,2026-08-06 18:09:31
59088,HDMSSZ240003BLXXXL,Layers Edge Pullover-HDMSSZ240003BLXXXL,,Accessories,HHML Accessories,Pcs.,,,,,,1,2026-08-06 08:11:37,2026-08-06 18:09:31
59032,HDMTSC240001BLL,Core Edge Tee-HDMTSC240001BLL,,Accessories,HHML Accessories,Pcs.,,,,,,1,2026-08-06 08:11:37,2026-08-06 18:09:31
59031,HDMTSC240001BLM,Core Edge Tee-HDMTSC240001BLM,,Accessories,HHML Accessories,Pcs.,,,,,,1,2026-08-06 08:11:37,2026-08-06 18:09:31
59033,HDMTSC240001BLXL,Core Edge Tee-HDMTSC240001BLXL,,Accessories,HHML Accessories,Pcs.,,,,,,1,2026-08-06 08:11:37,2026-08-06 18:09:31
59034,HDMTSC240001BLXXL,Core Edge Tee-HDMTSC240001BLXXL,,Accessories,HHML Accessories,Pcs.,,,,,,1,2026-08-06 08:11:37,2026-08-06 18:09:31
59035,HDMTSC240001BLXXXL,Core Edge Tee-HDMTSC240001BLXXXL,,Accessories,HHML Accessories,Pcs.,,,,,,1,2026-08-06 08:11:37,2026-08-06 18:09:31
59123,HDMTSC240001ORL,Core Edge Tee-HDMTSC240001ORL,,Accessories,HHML Accessories,Pcs.,,,,,,1,2026-08-06 08:11:37,2026-08-06 18:09:31
59122,HDMTSC240001ORM,Core Edge Tee-HDMTSC240001ORM,,Accessories,HHML Accessories,Pcs.,,,,,,1,2026-08-06 08:11:37,2026-08-06 18:09:31
59124,HDMTSC240001ORXL,Core Edge Tee-HDMTSC240001ORXL,,Accessories,HHML Accessories,Pcs.,,,,,,1,2026-08-06 08:11:37,2026-08-06 18:09:31
59125,HDMTSC240001ORXXL,Core Edge Tee-HDMTSC240001ORXXL,,Accessories,HHML Accessories,Pcs.,,,,,,1,2026-08-06 08:11:37,2026-08-06 18:09:31
59126,HDMTSC240001ORXXXL,Core Edge Tee-HDMTSC240001ORXXXL,,Accessories,HHML Accessories,Pcs.,,,,,,1,2026-08-06 08:11:37,2026-08-06 18:09:31
59118,HDMTSC240001WHL,Core Edge Tee-HDMTSC240001WHL,,Accessories,HHML Accessories,Pcs.,,,,,,1,2026-08-06 08:11:37,2026-08-06 18:09:31
59110,HDMTSC240001WHM,Core Edge Tee-HDMTSC240001WHM,,Accessories,HHML Accessories,Pcs.,,,,,,1,2026-08-06 08:11:37,2026-08-06 18:09:31
59119,HDMTSC240001WHXL,Core Edge Tee-HDMTSC240001WHXL,,Accessories,HHML Accessories,Pcs.,,,,,,1,2026-08-06 08:11:37,2026-08-06 18:09:31
59120,HDMTSC240001WHXXL,Core Edge Tee-HDMTSC240001WHXXL,,Accessories,HHML Accessories,Pcs.,,,,,,1,2026-08-06 08:11:37,2026-08-06 18:09:31
59121,HDMTSC240001WHXXXL,Core Edge Tee-HDMTSC240001WHXXXL,,Accessories,HHML Accessories,Pcs.,,,,,,1,2026-08-06 08:11:37,2026-08-06 18:09:31
59512,HDMTSC240002BLL,Crossroad Edge Tee-HDMTSC240002BLL,,Accessories,HHML Accessories,Pcs.,,,,,,1,2026-08-06 08:11:37,2026-08-06 18:09:31
59511,HDMTSC240002BLM,Crossroad Edge Tee-HDMTSC240002BLM,,Accessories,HHML Accessories,Pcs.,,,,,,1,2026-08-06 08:11:37,2026-08-06 18:09:31
59514,HDMTSC240002BLXL,Crossroad Edge Tee-HDMTSC240002BLXL,,Accessories,HHML Accessories,Pcs.,,,,,,1,2026-08-06 08:11:37,2026-08-06 18:09:31
59515,HDMTSC240002BLXXL,Crossroad Edge Tee-HDMTSC240002BLXXL,,Accessories,HHML Accessories,Pcs.,,,,,,1,2026-08-06 08:11:37,2026-08-06 18:09:31
59516,HDMTSC240002BLXXXL,Crossroad Edge Tee-HDMTSC240002BLXXXL,,Accessories,HHML Accessories,Pcs.,,,,,,1,2026-08-06 08:11:37,2026-08-06 18:09:31
59128,HDMTSC240003BLL,RevUp Edge Tee-HDMTSC240003BLL,,Accessories,HHML Accessories,Pcs.,,,,,,1,2026-08-06 08:11:37,2026-08-06 18:09:31
59127,HDMTSC240003BLM,RevUp Edge Tee-HDMTSC240003BLM,,Accessories,HHML Accessories,Pcs.,,,,,,1,2026-08-06 08:11:37,2026-08-06 18:09:31
59129,HDMTSC240003BLXL,RevUp Edge Tee-HDMTSC240003BLXL,,Accessories,HHML Accessories,Pcs.,,,,,,1,2026-08-06 08:11:37,2026-08-06 18:09:31
59130,HDMTSC240003BLXXL,RevUp Edge Tee-HDMTSC240003BLXXL,,Accessories,HHML Accessories,Pcs.,,,,,,1,2026-08-06 08:11:37,2026-08-06 18:09:31
59131,HDMTSC240003BLXXXL,RevUp Edge Tee-HDMTSC240003BLXXXL,,Accessories,HHML Accessories,Pcs.,,,,,,1,2026-08-06 08:11:37,2026-08-06 18:09:31
59097,HDMTSC240004BLL,Horizon Edge Tee-HDMTSC240004BLL,,Accessories,HHML Accessories,Pcs.,,,,,,1,2026-08-06 08:11:37,2026-08-06 18:09:31
59096,HDMTSC240004BLM,Horizon Edge Tee-HDMTSC240004BLM,,Accessories,HHML Accessories,Pcs.,,,,,,1,2026-08-06 08:11:37,2026-08-06 18:09:31
59098,HDMTSC240004BLXL,Horizon Edge Tee-HDMTSC240004BLXL,,Accessories,HHML Accessories,Pcs.,,,,,,1,2026-08-06 08:11:37,2026-08-06 18:09:31
59099,HDMTSC240004BLXXL,Horizon Edge Tee-HDMTSC240004BLXXL,,Accessories,HHML Accessories,Pcs.,,,,,,1,2026-08-06 08:11:37,2026-08-06 18:09:31
59100,HDMTSC240004BLXXXL,Horizon Edge Tee-HDMTSC240004BLXXXL,,Accessories,HHML Accessories,Pcs.,,,,,,1,2026-08-06 08:11:37,2026-08-06 18:09:31
59482,HDMTSC240005WHL,CrewX Edge Tee-HDMTSC240005WHL,,Accessories,HHML Accessories,Pcs.,,,,,,1,2026-08-06 08:11:37,2026-08-06 18:09:31
59481,HDMTSC240005WHM,CrewX Edge Tee-HDMTSC240005WHM,,Accessories,HHML Accessories,Pcs.,,,,,,1,2026-08-06 08:11:37,2026-08-06 18:09:31
59483,HDMTSC240005WHXL,CrewX Edge Tee-HDMTSC240005WHXL,,Accessories,HHML Accessories,Pcs.,,,,,,1,2026-08-06 08:11:37,2026-08-06 18:09:31
59484,HDMTSC240005WHXXL,CrewX Edge Tee-HDMTSC240005WHXXL,,Accessories,HHML Accessories,Pcs.,,,,,,1,2026-08-06 08:11:37,2026-08-06 18:09:31
59485,HDMTSC240005WHXXXL,CrewX Edge Tee-HDMTSC240005WHXXXL,,Accessories,HHML Accessories,Pcs.,,,,,,1,2026-08-06 08:11:37,2026-08-06 18:09:31
59488,HDMTSC240006BLL,Element Edge Tee-HDMTSC240006BLL,,Accessories,HHML Accessories,Pcs.,,,,,,1,2026-08-06 08:11:37,2026-08-06 18:09:31
59477,HDMTSC240006BLM,Element Edge Tee-HDMTSC240006BLM,,Accessories,HHML Accessories,Pcs.,,,,,,1,2026-08-06 08:11:37,2026-08-06 18:09:31
59464,HDMTSC240006BLXL,Element Edge Tee-HDMTSC240006BLXL,,Accessories,HHML Accessories,Pcs.,,,,,,1,2026-08-06 08:11:37,2026-08-06 18:09:31
59478,HDMTSC240006BLXXL,Element Edge Tee-HDMTSC240006BLXXL,,Accessories,HHML Accessories,Pcs.,,,,,,1,2026-08-06 08:11:37,2026-08-06 18:09:31
59489,HDMTSC240006BLXXXL,Element Edge Tee-HDMTSC240006BLXXXL,,Accessories,HHML Accessories,Pcs.,,,,,,1,2026-08-06 08:11:37,2026-08-06 18:09:31
59073,HDMTSC240007BLL,Element Edge Long Sleeve Tee-HDMTSC240007BLL,,Accessories,HHML Accessories,Pcs.,,,,,,1,2026-08-06 08:11:37,2026-08-06 18:09:31
59072,HDMTSC240007BLM,Element Edge Long Sleeve Tee-HDMTSC240007BLM,,Accessories,HHML Accessories,Pcs.,,,,,,1,2026-08-06 08:11:37,2026-08-06 18:09:31
59074,HDMTSC240007BLXL,Element Edge Long Sleeve Tee-HDMTSC240007BLXL,,Accessories,HHML Accessories,Pcs.,,,,,,1,2026-08-06 08:11:37,2026-08-06 18:09:31
59075,HDMTSC240007BLXXL,Element Edge Long Sleeve Tee-HDMTSC240007BLXXL,,Accessories,HHML Accessories,Pcs.,,,,,,1,2026-08-06 08:11:37,2026-08-06 18:09:31
59094,HDMTSC240007BLXXXL,Element Edge Long Sleeve Tee-HDMTSC240007BLXXXL,,Accessories,HHML Accessories,Pcs.,,,,,,1,2026-08-06 08:11:37,2026-08-06 18:09:31
59111,HDMTSP240001BLL,Panel Edge Polo Tee-HDMTSP240001BLL,,Accessories,HHML Accessories,Pcs.,,,,,,1,2026-08-06 08:11:37,2026-08-06 18:09:31
59095,HDMTSP240001BLM,Panel Edge Polo Tee-HDMTSP240001BLM,,Accessories,HHML Accessories,Pcs.,,,,,,1,2026-08-06 08:11:37,2026-08-06 18:09:31
59113,HDMTSP240001BLS,Panel Edge Polo Tee-HDMTSP240001BLS,,Accessories,HHML Accessories,Pcs.,,,,,,1,2026-08-06 08:11:37,2026-08-06 18:09:31
59112,HDMTSP240001BLXL,Panel Edge Polo Tee-HDMTSP240001BLXL,,Accessories,HHML Accessories,Pcs.,,,,,,1,2026-08-06 08:11:37,2026-08-06 18:09:31
59102,HDMTSP240001BLXXL,Panel Edge Polo Tee-HDMTSP240001BLXXL,,Accessories,HHML Accessories,Pcs.,,,,,,1,2026-08-06 08:11:37,2026-08-06 18:09:31
59055,HDMTSP240001BLXXXL,Panel Edge Polo Tee-HDMTSP240001BLXXXL,,Accessories,HHML Accessories,Pcs.,,,,,,1,2026-08-06 08:11:37,2026-08-06 18:09:31
59089,HDMTSP240002BLL,Roadster Edge Polo Tee-HDMTSP240002BLL,,Accessories,HHML Accessories,Pcs.,,,,,,1,2026-08-06 08:11:37,2026-08-06 18:09:31
59103,HDMTSP240002BLM,Roadster Edge Polo Tee-HDMTSP240002BLM,,Accessories,HHML Accessories,Pcs.,,,,,,1,2026-08-06 08:11:37,2026-08-06 18:09:31
59104,HDMTSP240002BLXL,Roadster Edge Polo Tee-HDMTSP240002BLXL,,Accessories,HHML Accessories,Pcs.,,,,,,1,2026-08-06 08:11:37,2026-08-06 18:09:31
59114,HDMTSP240002BLXXL,Roadster Edge Polo Tee-HDMTSP240002BLXXL,,Accessories,HHML Accessories,Pcs.,,,,,,1,2026-08-06 08:11:37,2026-08-06 18:09:31
59115,HDMTSP240002BLXXXL,Roadster Edge Polo Tee-HDMTSP240002BLXXXL,,Accessories,HHML Accessories,Pcs.,,,,,,1,2026-08-06 08:11:37,2026-08-06 18:09:31
59460,HDWSSH240001BLL,Urban Contour Hoodie-HDWSSH240001BLL,,Accessories,HHML Accessories,Pcs.,,,,,,1,2026-08-06 08:11:37,2026-08-06 18:09:31
59465,HDWSSH240001BLM,Urban Contour Hoodie-HDWSSH240001BLM,,Accessories,HHML Accessories,Pcs.,,,,,,1,2026-08-06 08:11:37,2026-08-06 18:09:31
59480,HDWSSH240001BLS,Urban Contour Hoodie-HDWSSH240001BLS,,Accessories,HHML Accessories,Pcs.,,,,,,1,2026-08-06 08:11:37,2026-08-06 18:09:31
59479,HDWSSH240001BLXL,Urban Contour Hoodie-HDWSSH240001BLXL,,Accessories,HHML Accessories,Pcs.,,,,,,1,2026-08-06 08:11:37,2026-08-06 18:09:31
59461,HDWSSH240001BLXXL,Urban Contour Hoodie-HDWSSH240001BLXXL,,Accessories,HHML Accessories,Pcs.,,,,,,1,2026-08-06 08:11:37,2026-08-06 18:09:31
59496,HDWTSC240001BLL,Cruise Contour Tee-HDWTSC240001BLL,,Accessories,HHML Accessories,Pcs.,,,,,,1,2026-08-06 08:11:37,2026-08-06 18:09:31
59495,HDWTSC240001BLM,Cruise Contour Tee-HDWTSC240001BLM,,Accessories,HHML Accessories,Pcs.,,,,,,1,2026-08-06 08:11:37,2026-08-06 18:09:31
59466,HDWTSC240001BLS,Cruise Contour Tee-HDWTSC240001BLS,,Accessories,HHML Accessories,Pcs.,,,,,,1,2026-08-06 08:11:37,2026-08-06 18:09:31
59486,HDWTSC240001BLXL,Cruise Contour Tee-HDWTSC240001BLXL,,Accessories,HHML Accessories,Pcs.,,,,,,1,2026-08-06 08:11:37,2026-08-06 18:09:31
59462,HDWTSC240001BLXXL,Cruise Contour Tee-HDWTSC240001BLXXL,,Accessories,HHML Accessories,Pcs.,,,,,,1,2026-08-06 08:11:37,2026-08-06 18:09:31
59497,HDWTSC240002BLL,Blend Contour Tee-HDWTSC240002BLL,,Accessories,HHML Accessories,Pcs.,,,,,,1,2026-08-06 08:11:37,2026-08-06 18:09:31
59454,HDWTSC240002BLM,Blend Contour Tee-HDWTSC240002BLM,,Accessories,HHML Accessories,Pcs.,,,,,,1,2026-08-06 08:11:37,2026-08-06 18:09:31
59455,HDWTSC240002BLS,Blend Contour Tee-HDWTSC240002BLS,,Accessories,HHML Accessories,Pcs.,,,,,,1,2026-08-06 08:11:37,2026-08-06 18:09:31
59498,HDWTSC240002BLXL,Blend Contour Tee-HDWTSC240002BLXL,,Accessories,HHML Accessories,Pcs.,,,,,,1,2026-08-06 08:11:37,2026-08-06 18:09:31
59467,HDWTSC240002BLXXL,Blend Contour Tee-HDWTSC240002BLXXL,,Accessories,HHML Accessories,Pcs.,,,,,,1,2026-08-06 08:11:37,2026-08-06 18:09:31
59463,HDWTSC240003ORL,Moto Contour Tee-HDWTSC240003ORL,,Accessories,HHML Accessories,Pcs.,,,,,,1,2026-08-06 08:11:37,2026-08-06 18:09:31
59499,HDWTSC240003ORM,Moto Contour Tee-HDWTSC240003ORM,,Accessories,HHML Accessories,Pcs.,,,,,,1,2026-08-06 08:11:37,2026-08-06 18:09:31
59458,HDWTSC240003ORS,Moto Contour Tee-HDWTSC240003ORS,,Accessories,HHML Accessories,Pcs.,,,,,,1,2026-08-06 08:11:37,2026-08-06 18:09:31
59502,HDWTSC240003ORXL,Moto Contour Tee-HDWTSC240003ORXL,,Accessories,HHML Accessories,Pcs.,,,,,,1,2026-08-06 08:11:37,2026-08-06 18:09:31
59475,HDWTSC240003ORXXL,Moto Contour Tee-HDWTSC240003ORXXL,,Accessories,HHML Accessories,Pcs.,,,,,,1,2026-08-06 08:11:37,2026-08-06 18:09:31
59470,HDWTSC240004BLL,Spectrum Contour Tee-HDWTSC240004BLL,,Accessories,HHML Accessories,Pcs.,,,,,,1,2026-08-06 08:11:37,2026-08-06 18:09:31
59476,HDWTSC240004BLM,Spectrum Contour Tee-HDWTSC240004BLM,,Accessories,HHML Accessories,Pcs.,,,,,,1,2026-08-06 08:11:37,2026-08-06 18:09:31
59503,HDWTSC240004BLS,Spectrum Contour Tee-HDWTSC240004BLS,,Accessories,HHML Accessories,Pcs.,,,,,,1,2026-08-06 08:11:37,2026-08-06 18:09:31
59468,HDWTSC240004BLXL,Spectrum Contour Tee-HDWTSC240004BLXL,,Accessories,HHML Accessories,Pcs.,,,,,,1,2026-08-06 08:11:37,2026-08-06 18:09:31
59504,HDWTSC240004BLXXL,Spectrum Contour Tee-HDWTSC240004BLXXL,,Accessories,HHML Accessories,Pcs.,,,,,,1,2026-08-06 08:11:37,2026-08-06 18:09:31
59324,SPDHMCLACCE25,GLAMOUR-X ROBOT KEY CHAIN-SPDHMCLACCE25,,Accessories,HHML Accessories,Pcs.,,,,,,1,2026-08-06 08:11:37,2026-08-06 18:09:31
59360,VD99ACKT000,"BAT, CRICKET (VIDA)-VD99ACKT000",,Accessories,HHML Accessories,Pcs.,,,,,,1,2026-08-06 08:11:37,2026-08-06 18:09:31
59601,SPDBKFL01SS,Hero Genuine Brake Oil DOT 4 (100 ML)-SPDBKFL01SS,,Oil,HHML Brake Oil,Pcs.,,,,,,1,2026-08-06 08:11:37,2026-08-06 18:09:31
59555,SPDENGF01SS,HERO 4T PLUS Engine Flush (50 ML)-SPDENGF01SS,,Oil,HHML Brake Oil,Pcs.,,,,,,1,2026-08-06 08:11:37,2026-08-06 18:09:31
59443,SPDBKT00077S,BCP KIT-SPDBKT00077S,,Oil,HHML Consumables,Pcs.,,,,,,1,2026-08-06 08:11:37,2026-08-06 18:09:31
59441,SPDCCB00067S,CHAIN CLEANING BRUSH-SPDCCB00067S,,Oil,HHML Consumables,Pcs.,,,,,,1,2026-08-06 08:11:37,2026-08-06 18:09:31
59559,SPDEGC0002S,Engine Coating 500 ml-SPDEGC0002S,,Oil,HHML Consumables,Pcs.,,,,,,1,2026-08-06 08:11:37,2026-08-06 18:09:31
59561,SPDEGC0003S,Engine Coating 500 ml-SPDEGC0003S,,Oil,HHML Consumables,Pcs.,,,,,,1,2026-08-06 08:11:37,2026-08-06 18:09:31
59594,SPDEGC0004S,Engine Coating 500 ml-SPDEGC0004S,,Oil,HHML Consumables,Pcs.,,,,,,1,2026-08-06 08:11:37,2026-08-06 18:09:31
59596,SPDEGC0005S,Engine Coating 500 ml-SPDEGC0005S,,Oil,HHML Consumables,Pcs.,,,,,,1,2026-08-06 08:11:37,2026-08-06 18:09:31
59584,SPDEGC0006S,Engine Coating 500 ml-SPDEGC0006S,,Oil,HHML Consumables,Pcs.,,,,,,1,2026-08-06 08:11:37,2026-08-06 18:09:31
59445,SPDHMC00068S,HELMET CLEANER-SPDHMC00068S,,Oil,HHML Consumables,Pcs.,,,,,,1,2026-08-06 08:11:37,2026-08-06 18:09:31
59797,SPDPPK0001S,PAINT PROTECTION KIT-SPDPPK0001S,,Oil,HHML Consumables,Pcs.,,,,,,1,2026-08-06 08:11:37,2026-08-06 18:09:31
59585,SPDRUC0002S,Rust Cleaner 500 ml-SPDRUC0002S,,Oil,HHML Consumables,Pcs.,,,,,,1,2026-08-06 08:11:37,2026-08-06 18:09:31
59587,SPDRUC0003S,Rust Cleaner 500 ml-SPDRUC0003S,,Oil,HHML Consumables,Pcs.,,,,,,1,2026-08-06 08:11:37,2026-08-06 18:09:31
59588,SPDRUC0004S,Rust Cleaner 500 ml-SPDRUC0004S,,Oil,HHML Consumables,Pcs.,,,,,,1,2026-08-06 08:11:37,2026-08-06 18:09:31
59402,SPDRUC0005S,Rust Cleaner 500 ml-SPDRUC0005S,,Oil,HHML Consumables,Pcs.,,,,,,1,2026-08-06 08:11:37,2026-08-06 18:09:31
59589,SPDRUC0006S,Rust Cleaner 500 ml-SPDRUC0006S,,Oil,HHML Consumables,Pcs.,,,,,,1,2026-08-06 08:11:37,2026-08-06 18:09:31
59591,SPDSIC0002S,Silencer Coating 400 ml-SPDSIC0002S,,Oil,HHML Consumables,Pcs.,,,,,,1,2026-08-06 08:11:37,2026-08-06 18:09:31
59405,SPDSIC0003S,Silencer Coating 400 ml-SPDSIC0003S,,Oil,HHML Consumables,Pcs.,,,,,,1,2026-08-06 08:11:37,2026-08-06 18:09:31
59590,SPDSIC0004S,Silencer Coating 400 ml-SPDSIC0004S,,Oil,HHML Consumables,Pcs.,,,,,,1,2026-08-06 08:11:37,2026-08-06 18:09:31
59597,SPDSIC0005S,Silencer Coating 400 ml-SPDSIC0005S,,Oil,HHML Consumables,Pcs.,,,,,,1,2026-08-06 08:11:37,2026-08-06 18:09:31
59595,SPDSIC0006S,Silencer Coating 400 ml-SPDSIC0006S,,Oil,HHML Consumables,Pcs.,,,,,,1,2026-08-06 08:11:37,2026-08-06 18:09:31
59440,SPDENGF09PPS,HERO ENGINE OIL 1 LITRE & ENGINE FLUSH K-SPDENGF09PPS,,Oil,HHML Oil,Pcs.,,,,,,1,2026-08-06 08:11:37,2026-08-06 18:09:31
59616,SPDMCYL05PPS,HERO 4T PLUS 10W30 SL MA2(1000 ML) Promo-SPDMCYL05PPS,,Oil,HHML Oil,Pcs.,,,,,,1,2026-08-06 08:11:37,2026-08-06 18:09:31
59569,SPDMCYL14SS,HERO 4T PLUS 5W30 SN MA2 (1000 ML)-SPDMCYL14SS,,Oil,HHML Oil,Pcs.,,,,,,1,2026-08-06 08:11:37,2026-08-06 18:09:31
59522,SPDMCYL15SS,HERO XOTIC PLUS 10W30 SL MA2(800 ML)-SPDMCYL15SS,,Oil,HHML Oil,Pcs.,,,,,,1,2026-08-06 08:11:37,2026-08-06 18:09:31
59757,SPDMCYL1OPPS,SPDMCYL1OPPS,,Oil,HHML Oil,Pcs.,,,,,,1,2026-08-06 08:11:37,2026-08-06 18:09:31
59487,SPDSCOT02SS,HERO 4T plus 10W30 SL MB(700ml)-SPDSCOT02SS,,Oil,HHML Oil,Pcs.,,,,,,1,2026-08-06 08:11:37,2026-08-06 18:09:31
59358,SPDSCOT06PPIS,POWER PRO 10W30 SL MB I (800 ML) SP-SPDSCOT06PPIS,,Oil,HHML Oil,Pcs.,,,,,,1,2026-08-06 08:11:37,2026-08-06 18:09:31
59171,*S-20546,*S-20546,,Parts,HHML Parts,Pcs.,,,,,,1,2026-08-06 08:11:37,2026-08-06 18:09:31
60034,06427KTP900HS,"TUBE, SET (3.5-10)-06427KTP900HS",,Parts,HHML Parts,Pcs.,,,,,,1,2026-08-06 08:11:37,2026-08-06 18:09:31
59867,070HH198002,SOCKET WRENCH-070HH198002,,Parts,HHML Parts,Pcs.,,,,,,1,2026-08-06 08:11:37,2026-08-06 18:09:31
59868,070HH198003,UNIVERSAL HOLDER-070HH198003,,Parts,HHML Parts,Pcs.,,,,,,1,2026-08-06 08:11:37,2026-08-06 18:09:31
59869,070HH198004,CLUTCH CENTRE HOLDER-070HH198004,,Parts,HHML Parts,Pcs.,,,,,,1,2026-08-06 08:11:37,2026-08-06 18:09:31
59870,070HH198005,VALVE SPRING COMPRESSOR-070HH198005,,Parts,HHML Parts,Pcs.,,,,,,1,2026-08-06 08:11:37,2026-08-06 18:09:31
59872,070HH198006,TAPPET ADJUSTER WITH SOCKET 9-070HH198006,,Parts,HHML Parts,Pcs.,,,,,,1,2026-08-06 08:11:37,2026-08-06 18:09:31
59873,070HH198008,BTM. CONE RACE PUNCH (DRV STEM BRG-070HH198008,,Parts,HHML Parts,Pcs.,,,,,,1,2026-08-06 08:11:37,2026-08-06 18:09:31
59874,070HH198009,UNIVERSAL BEARING PULLER-070HH198009,,Parts,HHML Parts,Pcs.,,,,,,1,2026-08-06 08:11:37,2026-08-06 18:09:31
59897,070HH198010,VALVE GUIDE REMOVER-070HH198010,,Parts,HHML Parts,Pcs.,,,,,,1,2026-08-06 08:11:37,2026-08-06 18:09:31
59898,070HH198011,TAPPET COVER WRENCH-070HH198011,,Parts,HHML Parts,Pcs.,,,,,,1,2026-08-06 08:11:37,2026-08-06 18:09:31
59899,070HH198012,SOCKET 20-070HH198012,,Parts,HHML Parts,Pcs.,,,,,,1,2026-08-06 08:11:37,2026-08-06 18:09:31
59900,070HH198013,SOCKET 24 MM-070HH198013,,Parts,HHML Parts,Pcs.,,,,,,1,2026-08-06 08:11:37,2026-08-06 18:09:31
59904,070HH198014,ALUMINIUM PLUG-070HH198014,,Parts,HHML Parts,Pcs.,,,,,,1,2026-08-06 08:11:37,2026-08-06 18:09:31
59905,070HH198015,AVG. TESTING BOTTLE WITH FIXTURE-070HH198015,,Parts,HHML Parts,Pcs.,,,,,,1,2026-08-06 08:11:37,2026-08-06 18:09:31
59906,070HH198017,GPD HOLDER-070HH198017,,Parts,HHML Parts,Pcs.,,,,,,1,2026-08-06 08:11:37,2026-08-06 18:09:31
59907,070HH198018,FR. FORK OIL SEAL DRIVER BODY-070HH198018,,Parts,HHML Parts,Pcs.,,,,,,1,2026-08-06 08:11:37,2026-08-06 18:09:31
59864,070HH198023,OIL PUMP SPINDLE HOLDER-070HH198023,,Parts,HHML Parts,Pcs.,,,,,,1,2026-08-06 08:11:37,2026-08-06 18:09:31
59865,070HH198026,COLLET BEARING REMOVER-070HH198026,,Parts,HHML Parts,Pcs.,,,,,,1,2026-08-06 08:11:37,2026-08-06 18:09:31
59866,070HH198027,PISTON SLIDE BASE-070HH198027,,Parts,HHML Parts,Pcs.,,,,,,1,2026-08-06 08:11:37,2026-08-06 18:09:31
59871,070HH198030,RATCHET SPRING RETAINER-070HH198030,,Parts,HHML Parts,Pcs.,,,,,,1,2026-08-06 08:11:37,2026-08-06 18:09:31
59851,070HH198034,PILOT 11.8 MM-070HH198034,,Parts,HHML Parts,Pcs.,,,,,,1,2026-08-06 08:11:37,2026-08-06 18:09:31
59852,070HH198035,"CAP,MUFFLER-070HH198035",,Parts,HHML Parts,Pcs.,,,,,,1,2026-08-06 08:11:37,2026-08-06 18:09:31
59853,070HH198036,BRAKE PAD HANGER PIN REMOVER-070HH198036,,Parts,HHML Parts,Pcs.,,,,,,1,2026-08-06 08:11:37,2026-08-06 18:09:31
59854,070HH198037,MAIN / SIDE STAND SPRING INSTALLER-070HH198037,,Parts,HHML Parts,Pcs.,,,,,,1,2026-08-06 08:11:37,2026-08-06 18:09:31
59860,070HHGBG004,SOCKET STRG. STEM NUT 32-070HHGBG004,,Parts,HHML Parts,Pcs.,,,,,,1,2026-08-06 08:11:37,2026-08-06 18:09:31
59861,070HHKFN004,FR FRK OILSEAL DRV ATCHMT DIA31MM-070HHKFN004,,Parts,HHML Parts,Pcs.,,,,,,1,2026-08-06 08:11:37,2026-08-06 18:09:31
59862,070HHKFN005,CRANKCASE BEARING REMOVER COLLECT-070HHKFN005,,Parts,HHML Parts,Pcs.,,,,,,1,2026-08-06 08:11:37,2026-08-06 18:09:31
59876,070HHKFN008,HANDLE BEARING DRIVER-070HHKFN008,,Parts,HHML Parts,Pcs.,,,,,,1,2026-08-06 08:11:37,2026-08-06 18:09:31
59884,070HHKFN010,DRIVER OUTER 32X35-070HHKFN010,,Parts,HHML Parts,Pcs.,,,,,,1,2026-08-06 08:11:37,2026-08-06 18:09:31
59877,070HHKFN011,DRIVER OUTER 42X47-070HHKFN011,,Parts,HHML Parts,Pcs.,,,,,,1,2026-08-06 08:11:37,2026-08-06 18:09:31
59878,070HHKFN012,PILOT DRIVER 12-070HHKFN012,,Parts,HHML Parts,Pcs.,,,,,,1,2026-08-06 08:11:37,2026-08-06 18:09:31
59879,070HHKFN013,PILOT DRIVER 15-070HHKFN013,,Parts,HHML Parts,Pcs.,,,,,,1,2026-08-06 08:11:37,2026-08-06 18:09:31
59880,070HHKFN016,PILOT DRIVER 30 MM-070HHKFN016,,Parts,HHML Parts,Pcs.,,,,,,1,2026-08-06 08:11:37,2026-08-06 18:09:31
59886,070HHKFN017,REMOVER HEAD-070HHKFN017,,Parts,HHML Parts,Pcs.,,,,,,1,2026-08-06 08:11:37,2026-08-06 18:09:31
59887,070HHKFN019,INSPECTION CAP (TIMING) DRIVER-070HHKFN019,,Parts,HHML Parts,Pcs.,,,,,,1,2026-08-06 08:11:37,2026-08-06 18:09:31
59888,070HHKFN020,INSPECTION CAP(FLYWHEEL NUT DRIVER-070HHKFN020,,Parts,HHML Parts,Pcs.,,,,,,1,2026-08-06 08:11:37,2026-08-06 18:09:31
59896,070HHKFN021,DRIVER 24X27-070HHKFN021,,Parts,HHML Parts,Pcs.,,,,,,1,2026-08-06 08:11:37,2026-08-06 18:09:31
59901,070HHKST002,BOTTOM CONE RACE DRIVER-070HHKST002,,Parts,HHML Parts,Pcs.,,,,,,1,2026-08-06 08:11:37,2026-08-06 18:09:31
59902,070HHKST004,STEERING BRG ADJ NUT SOCKET 41-070HHKST004,,Parts,HHML Parts,Pcs.,,,,,,1,2026-08-06 08:11:37,2026-08-06 18:09:31
59903,070HHKTC001,SOCKET WRENCH ( ROTOR FILTER AND CLUTCH-070HHKTC001,,Parts,HHML Parts,Pcs.,,,,,,1,2026-08-06 08:11:37,2026-08-06 18:09:31
59849,070HHKTC003,CLUTCH PRESSURE PLATE HOLDER-070HHKTC003,,Parts,HHML Parts,Pcs.,,,,,,1,2026-08-06 08:11:37,2026-08-06 18:09:31
59850,070HHKTC004,FLYWHEEL PULLER-070HHKTC004,,Parts,HHML Parts,Pcs.,,,,,,1,2026-08-06 08:11:37,2026-08-06 18:09:31
59891,070HHKTC007,SWINGARM PIVOT NUT SOCKET 19-070HHKTC007,,Parts,HHML Parts,Pcs.,,,,,,1,2026-08-06 08:11:37,2026-08-06 18:09:31
59892,070HHKTC008,"CAP,MUFFLER(SUPER SPLENDOR)-070HHKTC008",,Parts,HHML Parts,Pcs.,,,,,,1,2026-08-06 08:11:37,2026-08-06 18:09:31
59855,070HHKTN006,PILOT 20-070HHKTN006,,Parts,HHML Parts,Pcs.,,,,,,1,2026-08-06 08:11:37,2026-08-06 18:09:31
59847,070HHKTN007,CRANKSHAFT BEARING (LHS) INSERTER-070HHKTN007,,Parts,HHML Parts,Pcs.,,,,,,1,2026-08-06 08:11:37,2026-08-06 18:09:31
59885,070HHKTN009,COUNTER SHAFT OIL SEAL GUIDE-070HHKTN009,,Parts,HHML Parts,Pcs.,,,,,,1,2026-08-06 08:11:37,2026-08-06 18:09:31
59893,070HHKTP05,DRIVE FACE HOLDER-070HHKTP05,,Parts,HHML Parts,Pcs.,,,,,,1,2026-08-06 08:11:37,2026-08-06 18:09:31
59894,070HHKTP06,DRIVEN FACE NUT SOCKET-070HHKTP06,,Parts,HHML Parts,Pcs.,,,,,,1,2026-08-06 08:11:37,2026-08-06 18:09:31
59848,070HHKTP08,CENTRIFUGAL CLUTCH SPRING REMOVER-070HHKTP08,,Parts,HHML Parts,Pcs.,,,,,,1,2026-08-06 08:11:37,2026-08-06 18:09:31
59856,070HHKTP09,DRIVEN FACE BERAING REMOVER & INSTALLER-070HHKTP09,,Parts,HHML Parts,Pcs.,,,,,,1,2026-08-06 08:11:37,2026-08-06 18:09:31
59857,070HHKTP11,FLYWHEEL HOLDER-070HHKTP11,,Parts,HHML Parts,Pcs.,,,,,,1,2026-08-06 08:11:37,2026-08-06 18:09:31
59858,070HHKTP12,STEERING BEARING ADJUSTER NUT SOCKET 45-070HHKTP12,,Parts,HHML Parts,Pcs.,,,,,,1,2026-08-06 08:11:37,2026-08-06 18:09:31
59859,070HHKTP13,UPPER CONE RACE REMOVER-070HHKTP13,,Parts,HHML Parts,Pcs.,,,,,,1,2026-08-06 08:11:37,2026-08-06 18:09:31
59863,070HHKTP14,BOTTOM CONE RACE REMOVER HEAD-070HHKTP14,,Parts,HHML Parts,Pcs.,,,,,,1,2026-08-06 08:11:37,2026-08-06 18:09:31
59875,070HHKTP16,BOTTOM CONE RACE REMOVER WEIGHT-070HHKTP16,,Parts,HHML Parts,Pcs.,,,,,,1,2026-08-06 08:11:37,2026-08-06 18:09:31
59881,070HHKTP17,UPPER & BOTTOM CONE INSTALLER-070HHKTP17,,Parts,HHML Parts,Pcs.,,,,,,1,2026-08-06 08:11:37,2026-08-06 18:09:31
59882,070HHKTR001,"CAP,MUFFLER(GLAMOUR)-070HHKTR001",,Parts,HHML Parts,Pcs.,,,,,,1,2026-08-06 08:11:37,2026-08-06 18:09:31
59889,070HHKTRF003,FUEL PRESSURE GAUGE-070HHKTRF003,,Parts,HHML Parts,Pcs.,,,,,,1,2026-08-06 08:11:37,2026-08-06 18:09:31
59890,070HHKTRF004,MULTIMETER PROBE 7 TIP DIA(SANW-070HHKTRF004,,Parts,HHML Parts,Pcs.,,,,,,1,2026-08-06 08:11:37,2026-08-06 18:09:31
59844,070HHKVN001,REMOVER HEAD 15-070HHKVN001,,Parts,HHML Parts,Pcs.,,,,,,1,2026-08-06 08:11:37,2026-08-06 18:09:31
59845,070HHKVN002,BEARING REMOVER HEAD SHAFT-070HHKVN002,,Parts,HHML Parts,Pcs.,,,,,,1,2026-08-06 08:11:37,2026-08-06 18:09:31
59846,070HHKVN003,SWINGARM BEARING REMOVER/INSTALLER-070HHKVN003,,Parts,HHML Parts,Pcs.,,,,,,1,2026-08-06 08:11:37,2026-08-06 18:09:31
59523,11100ACJ000S,CRANKCASE COMPLETE RIGHT-11100ACJ000S,,Parts,HHML Parts,Pcs.,,,,,,1,2026-08-06 08:11:37,2026-08-06 18:09:31
59829,11100ACK200S,CRANK CASE COMP.RIGHT(BLK)-11100ACK200S,,Parts,HHML Parts,Pcs.,,,,,,1,2026-08-06 08:11:37,2026-08-06 18:09:31
59611,1110AACA000S,CRANK CASE ASSEMBLY. RIGHT-1110AACA000S,,Parts,HHML Parts,Pcs.,,,,,,1,2026-08-06 08:11:37,2026-08-06 18:09:31
59398,1110AACY100S,CRANKCASE ASSEMBLY RIGHT-1110AACY100S,,Parts,HHML Parts,Pcs.,,,,,,1,2026-08-06 08:11:37,2026-08-06 18:09:31
59507,11200ACJ000S,CRANK CASE COMPLETE. LEFT-11200ACJ000S,,Parts,HHML Parts,Pcs.,,,,,,1,2026-08-06 08:11:37,2026-08-06 18:09:31
59960,11200ACK200S,CRANK CASE COMP.LEFT(BLK-11200ACK200S,,Parts,HHML Parts,Pcs.,,,,,,1,2026-08-06 08:11:37,2026-08-06 18:09:31
59799,11200ACR000S,CRANK CASE COMPLETE LEFT-11200ACR000S,,Parts,HHML Parts,Pcs.,,,,,,1,2026-08-06 08:11:37,2026-08-06 18:09:31
59617,1120AACA000S,CRANK CASE ASSEMBLY LEFT-1120AACA000S,,Parts,HHML Parts,Pcs.,,,,,,1,2026-08-06 08:11:37,2026-08-06 18:09:31
59423,1120AACY100S,CRANKCASE ASSEMBLY LEFT-1120AACY100S,,Parts,HHML Parts,Pcs.,,,,,,1,2026-08-06 08:11:37,2026-08-06 18:09:31
59967,1120AKWA941S,CRANK CASE ASSY LEFT-1120AKWA941S,,Parts,HHML Parts,Pcs.,,,,,,1,2026-08-06 08:11:37,2026-08-06 18:09:31
59520,11330ACJ000GS,COVER COMPLETE R CRANKCASE - MATTE BLACK-11330ACJ000GS,,Parts,HHML Parts,Pcs.,,,,,,1,2026-08-06 08:11:37,2026-08-06 18:09:31
59534,11330ACJ000US,COVER COMPLETE R CRANKCASE MAT RAY SILVE-11330ACJ000US,,Parts,HHML Parts,Pcs.,,,,,,1,2026-08-06 08:11:37,2026-08-06 18:09:31
59508,11340ACJ000GS,COVER CRANKCASE COMPLETE LEFT - MATTE BL-11340ACJ000GS,,Parts,HHML Parts,Pcs.,,,,,,1,2026-08-06 08:11:37,2026-08-06 18:09:31
59536,11340ACJ000US,COVER LEFT CRANKCASE MAT RAY SILVER-11340ACJ000US,,Parts,HHML Parts,Pcs.,,,,,,1,2026-08-06 08:11:37,2026-08-06 18:09:31
59620,11341ACA000S,COVER LEFT CRANKCASE-11341ACA000S,,Parts,HHML Parts,Pcs.,,,,,,1,2026-08-06 08:11:37,2026-08-06 18:09:31
59429,11341ACJ000US,COVER LEFT CRANKCASE MAT RAY SILVER-11341ACJ000US,,Parts,HHML Parts,Pcs.,,,,,,1,2026-08-06 08:11:37,2026-08-06 18:09:31
59300,11344ACJ000GS,LOGO PLATE MAT BLACK-11344ACJ000GS,,Parts,HHML Parts,Pcs.,,,,,,1,2026-08-06 08:11:37,2026-08-06 18:09:31
59437,11355KRY900S,COVER REDUCTION GEAR(NH-35M)-11355KRY900S,,Parts,HHML Parts,Pcs.,,,,,,1,2026-08-06 08:11:37,2026-08-06 18:09:31
59927,11394KRSC10S,GASKET R CRANK CASE COVER-11394KRSC10S,,Parts,HHML Parts,Pcs.,,,,,,1,2026-08-06 08:11:37,2026-08-06 18:09:31
59186,11395KPH900S,GASKET L CRANK CASE COVER-11395KPH900S,,Parts,HHML Parts,Pcs.,,,,,,1,2026-08-06 08:11:37,2026-08-06 18:09:31
59952,12000KFN900HS,HEAD ASSY.CYLINDER-12000KFN900HS,,Parts,HHML Parts,Pcs.,,,,,,1,2026-08-06 08:11:37,2026-08-06 18:09:31
59932,12000KFN900S,HEAD ASSY.CYLINDER-12000KFN900S,,Parts,HHML Parts,Pcs.,,,,,,1,2026-08-06 08:11:37,2026-08-06 18:09:31
59994,12000KRY900HS,HEAD ASSY.CYLINDER-12000KRY900HS,,Parts,HHML Parts,Pcs.,,,,,,1,2026-08-06 08:11:37,2026-08-06 18:09:31
59929,12000KRY900S,HEAD ASSY.CYLINDER-12000KRY900S,,Parts,HHML Parts,Pcs.,,,,,,1,2026-08-06 08:11:37,2026-08-06 18:09:31
59919,12100KTC900S,CYLINDER COMP.-12100KTC900S,,Parts,HHML Parts,Pcs.,,,,,,1,2026-08-06 08:11:37,2026-08-06 18:09:31
59924,12100KTR780S,CYLINDER COMP.-12100KTR780S,,Parts,HHML Parts,Pcs.,,,,,,1,2026-08-06 08:11:37,2026-08-06 18:09:31
59524,12200ACZ000S,HEAD COMPLETE CYLINDER-12200ACZ000S,,Parts,HHML Parts,Pcs.,,,,,,1,2026-08-06 08:11:37,2026-08-06 18:09:31
59966,1220AACK200S,HEAD ASSY CYLINDER(BLK)-1220AACK200S,,Parts,HHML Parts,Pcs.,,,,,,1,2026-08-06 08:11:37,2026-08-06 18:09:31
59187,13000KWA940S,CRANK SHAFT COMP.-13000KWA940S,,Parts,HHML Parts,Pcs.,,,,,,1,2026-08-06 08:11:37,2026-08-06 18:09:31
59933,13201KRC921S,"ROD, CONNECTING-13201KRC921S",,Parts,HHML Parts,Pcs.,,,,,,1,2026-08-06 08:11:37,2026-08-06 18:09:31
59600,14100ACA000SS,SHAFT COMPLETE CAM INTERNAL-14100ACA000SS,,Parts,HHML Parts,Pcs.,,,,,,1,2026-08-06 08:11:37,2026-08-06 18:09:31
59602,14200ACA000SS,SHAFT COMPLETE CAM EX-14200ACA000SS,,Parts,HHML Parts,Pcs.,,,,,,1,2026-08-06 08:11:37,2026-08-06 18:09:31
59191,14321GB6900S,SPROCKET CAM-14321GB6900S,,Parts,HHML Parts,Pcs.,,,,,,1,2026-08-06 08:11:37,2026-08-06 18:09:31
59831,14425KCS650S,SPRING CAMSHAFT-14425KCS650S,,Parts,HHML Parts,Pcs.,,,,,,1,2026-08-06 08:11:37,2026-08-06 18:09:31
59822,14511ACR000S,SHOE CAM CHAIN TENSIONER-14511ACR000S,,Parts,HHML Parts,Pcs.,,,,,,1,2026-08-06 08:11:37,2026-08-06 18:09:31
59820,1451AACR000S,TENSIONER SUB ASSEMBLY CAM CHAIN-1451AACR000S,,Parts,HHML Parts,Pcs.,,,,,,1,2026-08-06 08:11:37,2026-08-06 18:09:31
59188,14520KCT691S,"LIFTER ASSY.,TENSIONER-14520KCT691S",,Parts,HHML Parts,Pcs.,,,,,,1,2026-08-06 08:11:37,2026-08-06 18:09:31
59189,15130KRC920S,"GEAR, OIL PUMP DRIVE-15130KRC920S",,Parts,HHML Parts,Pcs.,,,,,,1,2026-08-06 08:11:37,2026-08-06 18:09:31
59190,15133KTC900S,GEAR OIL PUMP DRIVEN-15133KTC900S,,Parts,HHML Parts,Pcs.,,,,,,1,2026-08-06 08:11:37,2026-08-06 18:09:31
59608,15410ACA000S,OIL FILTER CATRIDGE-15410ACA000S,,Parts,HHML Parts,Pcs.,,,,,,1,2026-08-06 08:11:37,2026-08-06 18:09:31
59801,15520ACR000S,OIL HOSE B-15520ACR000S,,Parts,HHML Parts,Pcs.,,,,,,1,2026-08-06 08:11:37,2026-08-06 18:09:31
59928,16012KST901S,"NEEDLE SET,JET-16012KST901S",,Parts,HHML Parts,Pcs.,,,,,,1,2026-08-06 08:11:37,2026-08-06 18:09:31
60098,16100KCC900S,CARBURETTOR ASSY.-16100KCC900S,,Parts,HHML Parts,Pcs.,,,,,,1,2026-08-06 08:11:37,2026-08-06 18:09:31
59334,16217ACZ000S,INSULATOR CLAMP-16217ACZ000S,,Parts,HHML Parts,Pcs.,,,,,,1,2026-08-06 08:11:37,2026-08-06 18:09:31
60136,16217KRY9700S,BAND INSULATOR-16217KRY9700S,,Parts,HHML Parts,Pcs.,,,,,,1,2026-08-06 08:11:37,2026-08-06 18:09:31
59366,16400ACKL00S,THROTTLE BODY ASSEMBLY-16400ACKL00S,,Parts,HHML Parts,Pcs.,,,,,,1,2026-08-06 08:11:37,2026-08-06 18:09:31
59276,16410ACKL00S,SECONDARY FUEL FILTER-16410ACKL00S,,Parts,HHML Parts,Pcs.,,,,,,1,2026-08-06 08:11:37,2026-08-06 18:09:31
60099,17111GBG850S,PIPE INLET-17111GBG850S,,Parts,HHML Parts,Pcs.,,,,,,1,2026-08-06 08:11:37,2026-08-06 18:09:31
59603,1711AACA000S,PIPE COMPLETE INLET ASSEMBLY-1711AACA000S,,Parts,HHML Parts,Pcs.,,,,,,1,2026-08-06 08:11:37,2026-08-06 18:09:31
60045,17210198D00HS,CASE COMP. AIR CLEANER-17210198D00HS,,Parts,HHML Parts,Pcs.,,,,,,1,2026-08-06 08:11:37,2026-08-06 18:09:31
60055,17211KRY970HS,"ELEMENT COMP, AIR/C-17211KRY970HS",,Parts,HHML Parts,Pcs.,,,,,,1,2026-08-06 08:11:37,2026-08-06 18:09:31
60032,17220KFN850HS,COV.AIR CLEANER CASE-17220KFN850HS,,Parts,HHML Parts,Pcs.,,,,,,1,2026-08-06 08:11:37,2026-08-06 18:09:31
60022,17231KFN850HS,BOX ASSY BATTERY-17231KFN850HS,,Parts,HHML Parts,Pcs.,,,,,,1,2026-08-06 08:11:37,2026-08-06 18:09:31
60100,17252KCC940S,SEAL AIR/C ELEMENT-17252KCC940S,,Parts,HHML Parts,Pcs.,,,,,,1,2026-08-06 08:11:37,2026-08-06 18:09:31
60102,17311KFN880S,RESONATOR-17311KFN880S,,Parts,HHML Parts,Pcs.,,,,,,1,2026-08-06 08:11:37,2026-08-06 18:09:31
59786,17500254B00S,FUEL TANK ABK ARMY BLACK-17500254B00S,,Parts,HHML Parts,Pcs.,,,,,,1,2026-08-06 08:11:37,2026-08-06 18:09:31
59787,17500254C00S,FUEL TANK AOG OLIVE GREEN-17500254C00S,,Parts,HHML Parts,Pcs.,,,,,,1,2026-08-06 08:11:37,2026-08-06 18:09:31
59980,17500AAH102ZS,SET FUEL TANK (BSM) NH-373M-17500AAH102ZS,,Parts,HHML Parts,Pcs.,,,,,,1,2026-08-06 08:11:37,2026-08-06 18:09:31
59772,17500ABW400RS,SET FUEL TANK (BLACK NH-1)-17500ABW400RS,,Parts,HHML Parts,Pcs.,,,,,,1,2026-08-06 08:11:37,2026-08-06 18:09:31
59982,17500ACT200WS,FUEL TANK(MTBBL(BR)003M)-17500ACT200WS,,Parts,HHML Parts,Pcs.,,,,,,1,2026-08-06 08:11:37,2026-08-06 18:09:31
59961,17510AAGA00RS,TANK COMP FUEL(BLACK NH-1 (R))-17510AAGA00RS,,Parts,HHML Parts,Pcs.,,,,,,1,2026-08-06 08:11:37,2026-08-06 18:09:31
59981,17510AAGA00SS,TANK COMP FUEL(CBR R-195C(S))-17510AAGA00SS,,Parts,HHML Parts,Pcs.,,,,,,1,2026-08-06 08:11:37,2026-08-06 18:09:31
59973,17510AAGA00TS,TANK COMP FUEL(HGM NH-194M-U(T))-17510AAGA00TS,,Parts,HHML Parts,Pcs.,,,,,,1,2026-08-06 08:11:37,2026-08-06 18:09:31
59983,17510AAGA00US,TANK COMP FUEL(MXBBL(BR)-013M(G) (U))-17510AAGA00US,,Parts,HHML Parts,Pcs.,,,,,,1,2026-08-06 08:11:37,2026-08-06 18:09:31
60134,17510AANB00US,TANK COMP FUEL SRD R321-17510AANB00US,,Parts,HHML Parts,Pcs.,,,,,,1,2026-08-06 08:11:37,2026-08-06 18:09:31
59993,17510ABW000SS,SET FUEL TANK (DIGITAL SILVER ME.)-17510ABW000SS,,Parts,HHML Parts,Pcs.,,,,,,1,2026-08-06 08:11:37,2026-08-06 18:09:31
60010,17510ABW000TS,SET FUEL TANK (CANDY BLAZING RED)-17510ABW000TS,,Parts,HHML Parts,Pcs.,,,,,,1,2026-08-06 08:11:37,2026-08-06 18:09:31
59800,17520ACV600S,TANK ASSY FUEL-17520ACV600S,,Parts,HHML Parts,Pcs.,,,,,,1,2026-08-06 08:11:37,2026-08-06 18:09:31
59505,17530ACA000GS,FUEL TANK COVER-17530ACA000GS,,Parts,HHML Parts,Pcs.,,,,,,1,2026-08-06 08:11:37,2026-08-06 18:09:31
59227,17574ACKL00S,FUEL HOSE A-17574ACKL00S,,Parts,HHML Parts,Pcs.,,,,,,1,2026-08-06 08:11:37,2026-08-06 18:09:31
59342,17575ACKL00S,FUEL HOSE B-17575ACKL00S,,Parts,HHML Parts,Pcs.,,,,,,1,2026-08-06 08:11:37,2026-08-06 18:09:31
59301,17576ACKL00S,FUEL HOSE C-17576ACKL00S,,Parts,HHML Parts,Pcs.,,,,,,1,2026-08-06 08:11:37,2026-08-06 18:09:31
59805,17595AAEA30RS,STRIPE A R FUEL TANK BLACK NH1-17595AAEA30RS,,Parts,HHML Parts,Pcs.,,,,,,1,2026-08-06 08:11:37,2026-08-06 18:09:31
59808,17596AAEA20RS,STRIPE L FUEL TANK BLACK NH1-17596AAEA20RS,,Parts,HHML Parts,Pcs.,,,,,,1,2026-08-06 08:11:37,2026-08-06 18:09:31
59804,17597AAEA30RS,STRIPE B R FUEL TANK BLACK NH1-17597AAEA30RS,,Parts,HHML Parts,Pcs.,,,,,,1,2026-08-06 08:11:37,2026-08-06 18:09:31
59493,1760AACZ000KS,METAL SHROUD RIGHT ASSEMBLE - MATTE FORC-1760AACZ000KS,,Parts,HHML Parts,Pcs.,,,,,,1,2026-08-06 08:11:37,2026-08-06 18:09:31
59450,1760AACZ000US,METAL SHROUD RIGHT ASSEMBLE - MATTE RAY-1760AACZ000US,,Parts,HHML Parts,Pcs.,,,,,,1,2026-08-06 08:11:37,2026-08-06 18:09:31
59457,1760BACZ000KS,METAL SHROUD LEFT ASSEMBLE - MATTE FORCE-1760BACZ000KS,,Parts,HHML Parts,Pcs.,,,,,,1,2026-08-06 08:11:37,2026-08-06 18:09:31
59492,1760BACZ000US,METAL SHROUD LEFT ASSEMBLE - MATTE RAY S-1760BACZ000US,,Parts,HHML Parts,Pcs.,,,,,,1,2026-08-06 08:11:37,2026-08-06 18:09:31
59913,18350198740LS,MUFFLER COMP. EXHAUST-18350198740LS,,Parts,HHML Parts,Pcs.,,,,,,1,2026-08-06 08:11:37,2026-08-06 18:09:31
59914,18350KCC900LS,MUFFLER COMP.EX.-18350KCC900LS,,Parts,HHML Parts,Pcs.,,,,,,1,2026-08-06 08:11:37,2026-08-06 18:09:31
59910,22110KST900S,OUTER COMP.CLUTCH-22110KST900S,,Parts,HHML Parts,Pcs.,,,,,,1,2026-08-06 08:11:37,2026-08-06 18:09:31
59915,22361KCC900S,PLATE CLUTCH LIFTER-22361KCC900S,,Parts,HHML Parts,Pcs.,,,,,,1,2026-08-06 08:11:37,2026-08-06 18:09:31
59911,23121KGH900S,GEAR A PRIMARY DRIVE(WHITE)-23121KGH900S,,Parts,HHML Parts,Pcs.,,,,,,1,2026-08-06 08:11:37,2026-08-06 18:09:31
59766,23211AAFH00S,"""""SHAFT MAIN,(11T)""""-23211AAFH00S",,Parts,HHML Parts,Pcs.,,,,,,1,2026-08-06 08:11:37,2026-08-06 18:09:31
59916,23801KCN000S,SPROCKET DRIVE(13T)-23801KCN000S,,Parts,HHML Parts,Pcs.,,,,,,1,2026-08-06 08:11:37,2026-08-06 18:09:31
59843,24610KTC900S,SPINDLE COMP.GEAR SHIFT-24610KTC900S,,Parts,HHML Parts,Pcs.,,,,,,1,2026-08-06 08:11:37,2026-08-06 18:09:31
59387,25K170SS,BALL RACES KIT (ACHR/GLMR)-25K170SS,,Parts,HHML Parts,Pcs.,,,,,,1,2026-08-06 08:11:37,2026-08-06 18:09:31
59842,30401KVE900S,CUSHION CDI UNIT-30401KVE900S,,Parts,HHML Parts,Pcs.,,,,,,1,2026-08-06 08:11:37,2026-08-06 18:09:31
60088,30500KST940S,COIL COMP.IGN.-30500KST940S,,Parts,HHML Parts,Pcs.,,,,,,1,2026-08-06 08:11:37,2026-08-06 18:09:31
60047,31120KCC900HS,STATOR COMP.(JHI)-31120KCC900HS,,Parts,HHML Parts,Pcs.,,,,,,1,2026-08-06 08:11:37,2026-08-06 18:09:31
60081,31120KCC900S,STATOR COMP.(JHI)-31120KCC900S,,Parts,HHML Parts,Pcs.,,,,,,1,2026-08-06 08:11:37,2026-08-06 18:09:31
60089,31122KCC900S,COIL LAMP(JHI)-31122KCC900S,,Parts,HHML Parts,Pcs.,,,,,,1,2026-08-06 08:11:37,2026-08-06 18:09:31
59908,31302ACL1010S,USB CHARGER ASSY-31302ACL1010S,,Parts,HHML Parts,Pcs.,,,,,,1,2026-08-06 08:11:37,2026-08-06 18:09:31
59605,31304ACA002S,USB CHARGER-31304ACA002S,,Parts,HHML Parts,Pcs.,,,,,,1,2026-08-06 08:11:37,2026-08-06 18:09:31
59625,31500ABH501S,BATTERY ASSY.-31500ABH501S,,Parts,HHML Parts,Pcs.,,,,,,1,2026-08-06 08:11:37,2026-08-06 18:09:31
59708,31504AAM601S,Acid bottle-31504AAM601S,,Parts,HHML Parts,Pcs.,,,,,,1,2026-08-06 08:11:37,2026-08-06 18:09:31
60123,32100198900S,HARNESS WIRE-32100198900S,,Parts,HHML Parts,Pcs.,,,,,,1,2026-08-06 08:11:37,2026-08-06 18:09:31
59992,32100AAW700S,HARNESS WIRE-32100AAW700S,,Parts,HHML Parts,Pcs.,,,,,,1,2026-08-06 08:11:37,2026-08-06 18:09:31
60083,33100KTC901S,LIGHT ASSY.HEAD-33100KTC901S,,Parts,HHML Parts,Pcs.,,,,,,1,2026-08-06 08:11:37,2026-08-06 18:09:31
59367,3310BAAJK01S,HEAD LIGHT ASSEMBLY-3310BAAJK01S,,Parts,HHML Parts,Pcs.,,,,,,1,2026-08-06 08:11:37,2026-08-06 18:09:31
59149,33401KAF010S,BASE WINKER R FR./ L RR.-33401KAF010S,,Parts,HHML Parts,Pcs.,,,,,,1,2026-08-06 08:11:37,2026-08-06 18:09:31
59151,33408GB2720S,STAY L. WINKER FR.-33408GB2720S,,Parts,HHML Parts,Pcs.,,,,,,1,2026-08-06 08:11:37,2026-08-06 18:09:31
59228,3340BAAJK01S,FRONT WINKER LIGHT ASSEMBLY RIGHT-3340BAAJK01S,,Parts,HHML Parts,Pcs.,,,,,,1,2026-08-06 08:11:37,2026-08-06 18:09:31
59142,33420KFN850S,LENS COMP.-33420KFN850S,,Parts,HHML Parts,Pcs.,,,,,,1,2026-08-06 08:11:37,2026-08-06 18:09:31
59146,3345AKWA930S,WINKER ASSY. L FR(W/O BULB)-3345AKWA930S,,Parts,HHML Parts,Pcs.,,,,,,1,2026-08-06 08:11:37,2026-08-06 18:09:31
59195,3345BAAJK01S,FRONT WINKER LIGHT ASSEMBLY LEFT-3345BAAJK01S,,Parts,HHML Parts,Pcs.,,,,,,1,2026-08-06 08:11:37,2026-08-06 18:09:31
59140,3360AKVH760S,"WINKER ASSY.,R RR.-3360AKVH760S",,Parts,HHML Parts,Pcs.,,,,,,1,2026-08-06 08:11:37,2026-08-06 18:09:31
59302,3360BAAJK01S,REAR WINKER LIGHT ASSEMBLY RIGHT-3360BAAJK01S,,Parts,HHML Parts,Pcs.,,,,,,1,2026-08-06 08:11:37,2026-08-06 18:09:31
59246,3365BAAJK01S,REAR WINKER LIGHT ASSEMBLY LEFT-3365BAAJK01S,,Parts,HHML Parts,Pcs.,,,,,,1,2026-08-06 08:11:37,2026-08-06 18:09:31
60014,34901AAC700S,BULB HEAD LIGHT HS1-34901AAC700S,,Parts,HHML Parts,Pcs.,,,,,,1,2026-08-06 08:11:37,2026-08-06 18:09:31
60030,34906447711HS,"""""BULB,TL & ST/LIGHT (12V-21/5W)""""-34906447711HS",,Parts,HHML Parts,Pcs.,,,,,,1,2026-08-06 08:11:37,2026-08-06 18:09:31
59148,35010198900S,KEY SET-35010198900S,,Parts,HHML Parts,Pcs.,,,,,,1,2026-08-06 08:11:37,2026-08-06 18:09:31
59147,35010KCC710S,KEY SET-35010KCC710S,,Parts,HHML Parts,Pcs.,,,,,,1,2026-08-06 08:11:37,2026-08-06 18:09:31
59144,35010KRY900S,KEY SET-35010KRY900S,,Parts,HHML Parts,Pcs.,,,,,,1,2026-08-06 08:11:37,2026-08-06 18:09:31
59145,35100KCC900AS,SWITCH ASSY.COMB. & LOCK-35100KCC900AS,,Parts,HHML Parts,Pcs.,,,,,,1,2026-08-06 08:11:37,2026-08-06 18:09:31
59920,37200198720S,SPEEDOMETER ASSY.-37200198720S,,Parts,HHML Parts,Pcs.,,,,,,1,2026-08-06 08:11:37,2026-08-06 18:09:31
59694,37210ADE401S,SPEEDOMETER COMPLETE-37210ADE401S,,Parts,HHML Parts,Pcs.,,,,,,1,2026-08-06 08:11:37,2026-08-06 18:09:31
59955,37213KFN960AS,KNOB ASSY. (RATCHET TYPE)-37213KFN960AS,,Parts,HHML Parts,Pcs.,,,,,,1,2026-08-06 08:11:37,2026-08-06 18:09:31
59918,37610198900S,CASE COMP.UPPER-37610198900S,,Parts,HHML Parts,Pcs.,,,,,,1,2026-08-06 08:11:37,2026-08-06 18:09:31
59930,37K000S,ACCESSORIES KIT ( SPLENDOR NXG )-37K000S,,Parts,HHML Parts,Pcs.,,,,,,1,2026-08-06 08:11:37,2026-08-06 18:09:31
59931,37K010S,ACCESSORIES KIT (NEW & DLX)-37K010S,,Parts,HHML Parts,Pcs.,,,,,,1,2026-08-06 08:11:37,2026-08-06 18:09:31
59925,38110198900S,HORN COMP HIGH-38110198900S,,Parts,HHML Parts,Pcs.,,,,,,1,2026-08-06 08:11:37,2026-08-06 18:09:31
59926,38301GE8000S,"""""RELAY COMP., WINKER""""-38301GE8000S",,Parts,HHML Parts,Pcs.,,,,,,1,2026-08-06 08:11:37,2026-08-06 18:09:31
59701,38700ABWL00S,UNIT ASSEMBLY PGM FI IGN-38700ABWL00S,,Parts,HHML Parts,Pcs.,,,,,,1,2026-08-06 08:11:37,2026-08-06 18:09:31
59700,38700ABWL10S,UNIT ASSEMBLY PGM FI IGN-38700ABWL10S,,Parts,HHML Parts,Pcs.,,,,,,1,2026-08-06 08:11:37,2026-08-06 18:09:31
59606,38800ACA001S,UNIT ASSEMBLY BCM-38800ACA001S,,Parts,HHML Parts,Pcs.,,,,,,1,2026-08-06 08:11:37,2026-08-06 18:09:31
59698,40520AAF400S,CHAIN CASE LOWER-40520AAF400S,,Parts,HHML Parts,Pcs.,,,,,,1,2026-08-06 08:11:37,2026-08-06 18:09:31
59141,41201P22900S,SPROKET.FINAL DRIVEN(45TH)-41201P22900S,,Parts,HHML Parts,Pcs.,,,,,,1,2026-08-06 08:11:37,2026-08-06 18:09:31
59834,42601AAJH44S,WHEEL COMP. REAR-42601AAJH44S,,Parts,HHML Parts,Pcs.,,,,,,1,2026-08-06 08:11:37,2026-08-06 18:09:31
60002,42622AAK700SS,TAPE REAR WHEEL (MBK NH-105) T2-42622AAK700SS,,Parts,HHML Parts,Pcs.,,,,,,1,2026-08-06 08:11:37,2026-08-06 18:09:31
59938,42622AANK00RS,TAPE RR WHEEL BLACK (NH-1)-42622AANK00RS,,Parts,HHML Parts,Pcs.,,,,,,1,2026-08-06 08:11:37,2026-08-06 18:09:31
60125,42622AANK00TS,TAPE RR WHEEL TBM (BL-002M)-42622AANK00TS,,Parts,HHML Parts,Pcs.,,,,,,1,2026-08-06 08:11:37,2026-08-06 18:09:31
60012,42622AANK00US,TAPE RR WHEEL MMPB (BL(BR)-002M(F))-42622AANK00US,,Parts,HHML Parts,Pcs.,,,,,,1,2026-08-06 08:11:37,2026-08-06 18:09:31
59165,42704MERD00S,WEIGHT BALANCE 10-42704MERD00S,,Parts,HHML Parts,Pcs.,,,,,,1,2026-08-06 08:11:37,2026-08-06 18:09:31
59166,42711397000S,TYRE RR. 2.75X18-6PR-42711397000S,,Parts,HHML Parts,Pcs.,,,,,,1,2026-08-06 08:11:37,2026-08-06 18:09:31
60128,42711AAD001S,TYRE FR.-42711AAD001S,,Parts,HHML Parts,Pcs.,,,,,,1,2026-08-06 08:11:37,2026-08-06 18:09:31
59172,42711GE2650S,TYRE REAR(2.75-18-6PR)-42711GE2650S,,Parts,HHML Parts,Pcs.,,,,,,1,2026-08-06 08:11:37,2026-08-06 18:09:31
59167,42711KFN850RS,TYRE RR. (2.75-18 56 P)-42711KFN850RS,,Parts,HHML Parts,Pcs.,,,,,,1,2026-08-06 08:11:37,2026-08-06 18:09:31
60064,42711KWF930S,TYRE REAR-42711KWF930S,,Parts,HHML Parts,Pcs.,,,,,,1,2026-08-06 08:11:37,2026-08-06 18:09:31
59833,42711KWP911S,TIRE MRF-42711KWP911S,,Parts,HHML Parts,Pcs.,,,,,,1,2026-08-06 08:11:37,2026-08-06 18:09:31
59958,42711KZAW00S,TIRE REAR-42711KZAW00S,,Parts,HHML Parts,Pcs.,,,,,,1,2026-08-06 08:11:37,2026-08-06 18:09:31
60130,42712AAC021S,TUBE RR.-42712AAC021S,,Parts,HHML Parts,Pcs.,,,,,,1,2026-08-06 08:11:37,2026-08-06 18:09:31
60096,42712AAD001S,TUBE-42712AAD001S,,Parts,HHML Parts,Pcs.,,,,,,1,2026-08-06 08:11:37,2026-08-06 18:09:31
59170,42712KFN850S,TUBE TYRE (100/90-18)-42712KFN850S,,Parts,HHML Parts,Pcs.,,,,,,1,2026-08-06 08:11:37,2026-08-06 18:09:31
60006,42712KTC902S,TUBE TYRE (2.75- 18)-42712KTC902S,,Parts,HHML Parts,Pcs.,,,,,,1,2026-08-06 08:11:37,2026-08-06 18:09:31
59957,42712KZAW00S,TUBE TIRE-42712KZAW00S,,Parts,HHML Parts,Pcs.,,,,,,1,2026-08-06 08:11:37,2026-08-06 18:09:31
59835,42712KZJ901S,TUBE TYRE-42712KZJ901S,,Parts,HHML Parts,Pcs.,,,,,,1,2026-08-06 08:11:37,2026-08-06 18:09:31
59956,43125AAD000S,SHOE COMP BRAKE-43125AAD000S,,Parts,HHML Parts,Pcs.,,,,,,1,2026-08-06 08:11:37,2026-08-06 18:09:31
60132,44601AAF400S,WHEEL COMP FRONT-44601AAF400S,,Parts,HHML Parts,Pcs.,,,,,,1,2026-08-06 08:11:37,2026-08-06 18:09:31
60133,44601AAF410S,WHEEL COMP FRONT-44601AAF410S,,Parts,HHML Parts,Pcs.,,,,,,1,2026-08-06 08:11:37,2026-08-06 18:09:31
60118,44601AANB1099S,WHEEL COMP FRONT-44601AANB1099S,,Parts,HHML Parts,Pcs.,,,,,,1,2026-08-06 08:11:37,2026-08-06 18:09:31
59965,44601AAW00099S,WHEEL COMP. FR.-44601AAW00099S,,Parts,HHML Parts,Pcs.,,,,,,1,2026-08-06 08:11:37,2026-08-06 18:09:31
59936,44622AAK700RS,TAPE FRONT WHEEL-44622AAK700RS,,Parts,HHML Parts,Pcs.,,,,,,1,2026-08-06 08:11:37,2026-08-06 18:09:31
60011,44622AAK700SS,TAPE FRONT WHEEL-44622AAK700SS,,Parts,HHML Parts,Pcs.,,,,,,1,2026-08-06 08:11:37,2026-08-06 18:09:31
59939,44622AANK00RS,TAPE FR WHEEL BLACK (NH-1)-44622AANK00RS,,Parts,HHML Parts,Pcs.,,,,,,1,2026-08-06 08:11:37,2026-08-06 18:09:31
60126,44622AANK00TS,TAPE FR WHEEL TBM (BL-002M)-44622AANK00TS,,Parts,HHML Parts,Pcs.,,,,,,1,2026-08-06 08:11:37,2026-08-06 18:09:31
60013,44622AANK00US,TAPE FR WHEEL MMPB (BL(BR)-002M(F))-44622AANK00US,,Parts,HHML Parts,Pcs.,,,,,,1,2026-08-06 08:11:37,2026-08-06 18:09:31
60129,44711AAN201S,TYRE FR.-44711AAN201S,,Parts,HHML Parts,Pcs.,,,,,,1,2026-08-06 08:11:37,2026-08-06 18:09:31
60092,44711AAW001S,TYRE FRONT-44711AAW001S,,Parts,HHML Parts,Pcs.,,,,,,1,2026-08-06 08:11:37,2026-08-06 18:09:31
60093,44711AAW002S,TYRE FRONT-44711AAW002S,,Parts,HHML Parts,Pcs.,,,,,,1,2026-08-06 08:11:37,2026-08-06 18:09:31
59161,44711GE3610S,TYRE FR. 2.75X18-4PR-44711GE3610S,,Parts,HHML Parts,Pcs.,,,,,,1,2026-08-06 08:11:37,2026-08-06 18:09:31
59162,44711KCC730S,TYRE FR. (2.75X18 - 42P)-44711KCC730S,,Parts,HHML Parts,Pcs.,,,,,,1,2026-08-06 08:11:37,2026-08-06 18:09:31
60065,44711KWF930S,TYRE FRONT-44711KWF930S,,Parts,HHML Parts,Pcs.,,,,,,1,2026-08-06 08:11:37,2026-08-06 18:09:31
59836,44712KZJ901S,TUBE TYRE-44712KZJ901S,,Parts,HHML Parts,Pcs.,,,,,,1,2026-08-06 08:11:37,2026-08-06 18:09:31
59168,44830KTC900S,CABLE COMP.SPDMT.-44830KTC900S,,Parts,HHML Parts,Pcs.,,,,,,1,2026-08-06 08:11:37,2026-08-06 18:09:31
59164,45010KCC300S,SUB PANEL COMP.FR.BRAKE-45010KCC300S,,Parts,HHML Parts,Pcs.,,,,,,1,2026-08-06 08:11:37,2026-08-06 18:09:31
59163,45200KRY901S,"CALIPER ASSY., R. FR.-45200KRY901S",,Parts,HHML Parts,Pcs.,,,,,,1,2026-08-06 08:11:37,2026-08-06 18:09:31
59169,50100198740S,BODY COMP. FRAME-50100198740S,,Parts,HHML Parts,Pcs.,,,,,,1,2026-08-06 08:11:37,2026-08-06 18:09:31
59781,50100AAZ510S,FRAME BODY COMP-50100AAZ510S,,Parts,HHML Parts,Pcs.,,,,,,1,2026-08-06 08:11:37,2026-08-06 18:09:31
59509,50100ACZ000S,FRAME BODY COMPLETE-50100ACZ000S,,Parts,HHML Parts,Pcs.,,,,,,1,2026-08-06 08:11:37,2026-08-06 18:09:31
60009,50270AABA00RS,SHROUD L (PBM NH-B08M)-50270AABA00RS,,Parts,HHML Parts,Pcs.,,,,,,1,2026-08-06 08:11:37,2026-08-06 18:09:31
60000,50270AABA00SS,SHROUD L (BLK NH-1)-50270AABA00SS,,Parts,HHML Parts,Pcs.,,,,,,1,2026-08-06 08:11:37,2026-08-06 18:09:31
59999,50270AABA00TS,SHROUD L (HGM NH-194M-U)-50270AABA00TS,,Parts,HHML Parts,Pcs.,,,,,,1,2026-08-06 08:11:37,2026-08-06 18:09:31
60001,50270AABA00US,SHROUD L (TBMBL-002M)-50270AABA00US,,Parts,HHML Parts,Pcs.,,,,,,1,2026-08-06 08:11:37,2026-08-06 18:09:31
60008,50270AABA00VS,SHROUD L (SRD R-321)-50270AABA00VS,,Parts,HHML Parts,Pcs.,,,,,,1,2026-08-06 08:11:37,2026-08-06 18:09:31
59974,50400AAGA00VS,GRIP REAR(BLACK NH-1 (R))-50400AAGA00VS,,Parts,HHML Parts,Pcs.,,,,,,1,2026-08-06 08:11:37,2026-08-06 18:09:31
59173,50400KTR940ZAS,GRIP REAR (SGD)-50400KTR940ZAS,,Parts,HHML Parts,Pcs.,,,,,,1,2026-08-06 08:11:37,2026-08-06 18:09:31
59159,50720KCC830S,HOLDER ASSY.HELMET-50720KCC830S,,Parts,HHML Parts,Pcs.,,,,,,1,2026-08-06 08:11:37,2026-08-06 18:09:31
59818,51103AAG900S,GUARD SARI-51103AAG900S,,Parts,HHML Parts,Pcs.,,,,,,1,2026-08-06 08:11:37,2026-08-06 18:09:31
59816,51104AAG900S,STEP WOMEN-51104AAG900S,,Parts,HHML Parts,Pcs.,,,,,,1,2026-08-06 08:11:37,2026-08-06 18:09:31
59934,5160222C940S,COVER COMP. R FR. FORK UPP.-5160222C940S,,Parts,HHML Parts,Pcs.,,,,,,1,2026-08-06 08:11:37,2026-08-06 18:09:31
59160,5160622C940S,COVER COMP. L FR. FORK UPP.-5160622C940S,,Parts,HHML Parts,Pcs.,,,,,,1,2026-08-06 08:11:37,2026-08-06 18:09:31
59610,52110ADP200S,SWINGARM COMPLETE REAR-52110ADP200S,,Parts,HHML Parts,Pcs.,,,,,,1,2026-08-06 08:11:37,2026-08-06 18:09:31
59789,52400122A00S,CUSHION ASSEMBLY REAR AOG OLIVE GREEN-52400122A00S,,Parts,HHML Parts,Pcs.,,,,,,1,2026-08-06 08:11:37,2026-08-06 18:09:31
59177,53172KWP900S,BRKT HANDLE-53172KWP900S,,Parts,HHML Parts,Pcs.,,,,,,1,2026-08-06 08:11:37,2026-08-06 18:09:31
59830,53205ABH700RS,COVER HANDLE FR MAGM NH 303M-53205ABH700RS,,Parts,HHML Parts,Pcs.,,,,,,1,2026-08-06 08:11:37,2026-08-06 18:09:31
59430,53206ADE230S,COVER HANDLE REAR-53206ADE230S,,Parts,HHML Parts,Pcs.,,,,,,1,2026-08-06 08:11:37,2026-08-06 18:09:31
60059,53207KTPH00ZBS,"SET, HNDL.FR.COVER(EBM)-53207KTPH00ZBS",,Parts,HHML Parts,Pcs.,,,,,,1,2026-08-06 08:11:37,2026-08-06 18:09:31
59790,61000254C00S,FENDER FRONT AOG OLIVE GREEN-61000254C00S,,Parts,HHML Parts,Pcs.,,,,,,1,2026-08-06 08:11:37,2026-08-06 18:09:31
59767,61000ABH300WS,FRONT FENDER (MAT BLACK NH-105)-61000ABH300WS,,Parts,HHML Parts,Pcs.,,,,,,1,2026-08-06 08:11:37,2026-08-06 18:09:31
59179,6110002A940S,FENDER COMP FR.(OLIVE GRE-6110002A940S,,Parts,HHML Parts,Pcs.,,,,,,1,2026-08-06 08:11:37,2026-08-06 18:09:31
59769,61100AAC800RS,FENDER COMP FR-61100AAC800RS,,Parts,HHML Parts,Pcs.,,,,,,1,2026-08-06 08:11:37,2026-08-06 18:09:31
59763,61100AAC800SS,FENDER COMP FR-61100AAC800SS,,Parts,HHML Parts,Pcs.,,,,,,1,2026-08-06 08:11:37,2026-08-06 18:09:31
59773,61100AAC800TS,FENDER COMP FR-61100AAC800TS,,Parts,HHML Parts,Pcs.,,,,,,1,2026-08-06 08:11:37,2026-08-06 18:09:31
59770,61100AAL500RS,FENDER A FR-61100AAL500RS,,Parts,HHML Parts,Pcs.,,,,,,1,2026-08-06 08:11:37,2026-08-06 18:09:31
59758,61100AAL500SS,FENDER A FR-61100AAL500SS,,Parts,HHML Parts,Pcs.,,,,,,1,2026-08-06 08:11:37,2026-08-06 18:09:31
59779,61100AAL500US,FENDER A FR-61100AAL500US,,Parts,HHML Parts,Pcs.,,,,,,1,2026-08-06 08:11:37,2026-08-06 18:09:31
59771,61100AAL500VS,FENDER A FR-61100AAL500VS,,Parts,HHML Parts,Pcs.,,,,,,1,2026-08-06 08:11:37,2026-08-06 18:09:31
59774,61100AAL500WS,FENDER A FR-61100AAL500WS,,Parts,HHML Parts,Pcs.,,,,,,1,2026-08-06 08:11:37,2026-08-06 18:09:31
59768,61100AAL500XS,FENDER A FR-61100AAL500XS,,Parts,HHML Parts,Pcs.,,,,,,1,2026-08-06 08:11:37,2026-08-06 18:09:31
59762,61100AAL500ZS,FENDER A FR-61100AAL500ZS,,Parts,HHML Parts,Pcs.,,,,,,1,2026-08-06 08:11:37,2026-08-06 18:09:31
59381,61100ABS400US,FRONT FENDER A ASSY GL(L)-009M(G)-61100ABS400US,,Parts,HHML Parts,Pcs.,,,,,,1,2026-08-06 08:11:37,2026-08-06 18:09:31
59201,61100ABS400VS,FRONT FENDER A ASSEBMBLY MATT CHESTNUT B-61100ABS400VS,,Parts,HHML Parts,Pcs.,,,,,,1,2026-08-06 08:11:37,2026-08-06 18:09:31
59472,61100ACJ000FS,FENDER COMPLETE FRONT MOON YELLOW-61100ACJ000FS,,Parts,HHML Parts,Pcs.,,,,,,1,2026-08-06 08:11:37,2026-08-06 18:09:31
59474,61100ACJ000VS,FENDER COMPLETE FRONT GLOSS GOLDFISH SIL-61100ACJ000VS,,Parts,HHML Parts,Pcs.,,,,,,1,2026-08-06 08:11:37,2026-08-06 18:09:31
59525,61100ACZ000BS,FRONT FENDER - RD(BR)-026C(G)-61100ACZ000BS,,Parts,HHML Parts,Pcs.,,,,,,1,2026-08-06 08:11:37,2026-08-06 18:09:31
59491,61100ACZ000CS,FRONT FENDER - S(DU)-013M(F)-61100ACZ000CS,,Parts,HHML Parts,Pcs.,,,,,,1,2026-08-06 08:11:37,2026-08-06 18:09:31
59510,61100ACZ000JS,FRONT FENDER - BK(BR)-008P(G)-61100ACZ000JS,,Parts,HHML Parts,Pcs.,,,,,,1,2026-08-06 08:11:37,2026-08-06 18:09:31
59293,61100ADE200LS,FRONT FENDER A SUB ASSEMBLY-61100ADE200LS,,Parts,HHML Parts,Pcs.,,,,,,1,2026-08-06 08:11:37,2026-08-06 18:09:31
59209,61100ADE20CLS,FRONT FENDER A SUB ASSEMBLY-61100ADE20CLS,,Parts,HHML Parts,Pcs.,,,,,,1,2026-08-06 08:11:37,2026-08-06 18:09:31
60024,61100KFN770ZAHS,FENDER FRONT(SSM)-61100KFN770ZAHS,,Parts,HHML Parts,Pcs.,,,,,,1,2026-08-06 08:11:37,2026-08-06 18:09:31
60053,61100KFN770ZFHS,FENDER FRONT(PTB)-61100KFN770ZFHS,,Parts,HHML Parts,Pcs.,,,,,,1,2026-08-06 08:11:37,2026-08-06 18:09:31
60048,61100KFN770ZXHS,FNDER FRONT (SIENA GOLD ME.)-61100KFN770ZXHS,,Parts,HHML Parts,Pcs.,,,,,,1,2026-08-06 08:11:37,2026-08-06 18:09:31
60042,61100KTN700ZBHS,FENDER FRONT(MYE)-61100KTN700ZBHS,,Parts,HHML Parts,Pcs.,,,,,,1,2026-08-06 08:11:37,2026-08-06 18:09:31
60038,61100KTN700ZDHS,FENDER FRONT(EBM)-61100KTN700ZDHS,,Parts,HHML Parts,Pcs.,,,,,,1,2026-08-06 08:11:37,2026-08-06 18:09:31
60025,61100KTN700ZGHS,FENDER FRONT(SVM)-61100KTN700ZGHS,,Parts,HHML Parts,Pcs.,,,,,,1,2026-08-06 08:11:37,2026-08-06 18:09:31
59741,61101AAGA001S,FENDER FRONT(MAT BLACK NH-1)-61101AAGA001S,,Parts,HHML Parts,Pcs.,,,,,,1,2026-08-06 08:11:37,2026-08-06 18:09:31
59185,61101GBG850ZBS,FENFD.A.FR.(BLACK)-61101GBG850ZBS,,Parts,HHML Parts,Pcs.,,,,,,1,2026-08-06 08:11:37,2026-08-06 18:09:31
60040,61101KCC870ZHS,FENDER FR. (SRD)-61101KCC870ZHS,,Parts,HHML Parts,Pcs.,,,,,,1,2026-08-06 08:11:37,2026-08-06 18:09:31
59631,61105ADE400BS,FENDER FRONT NH-105(T2)-61105ADE400BS,,Parts,HHML Parts,Pcs.,,,,,,1,2026-08-06 08:11:37,2026-08-06 18:09:31
59954,61300KTRH00ZAS,SET FRCOWL(BLK-1)-61300KTRH00ZAS,,Parts,HHML Parts,Pcs.,,,,,,1,2026-08-06 08:11:37,2026-08-06 18:09:31
59995,61300KTRH00ZBS,SET FRCOWL(BLK-2)-61300KTRH00ZBS,,Parts,HHML Parts,Pcs.,,,,,,1,2026-08-06 08:11:37,2026-08-06 18:09:31
60103,61312KFN950S,STAY COMP COWL FR.-61312KFN950S,,Parts,HHML Parts,Pcs.,,,,,,1,2026-08-06 08:11:37,2026-08-06 18:09:31
59548,61335AAL5100S,GARNISH R BODY COVER-61335AAL5100S,,Parts,HHML Parts,Pcs.,,,,,,1,2026-08-06 08:11:37,2026-08-06 18:09:31
60121,63AACLE0HMCL,OWNERS MANUAL-63AACLE0HMCL,,Parts,HHML Parts,Pcs.,,,,,,1,2026-08-06 08:11:37,2026-08-06 18:09:31
60124,63ABAAEHMCL,OWNERS MANUAL-63ABAAEHMCL,,Parts,HHML Parts,Pcs.,,,,,,1,2026-08-06 08:11:37,2026-08-06 18:09:31
59998,64100AAG3000S,SET WIND SCREEN-64100AAG3000S,,Parts,HHML Parts,Pcs.,,,,,,1,2026-08-06 08:11:37,2026-08-06 18:09:31
59632,64200ADE400BS,FRONT UPPER COVER NH-105(T2)-64200ADE400BS,,Parts,HHML Parts,Pcs.,,,,,,1,2026-08-06 08:11:37,2026-08-06 18:09:31
59451,64210AALE200S,FRONT UPPER COVER (R-321)-64210AALE200S,,Parts,HHML Parts,Pcs.,,,,,,1,2026-08-06 08:11:37,2026-08-06 18:09:31
59780,64301ABH300WS,COVER FR CENTER A (MAT BLACK NH-105)-64301ABH300WS,,Parts,HHML Parts,Pcs.,,,,,,1,2026-08-06 08:11:37,2026-08-06 18:09:31
59826,64305ACV200RS,COVER FR CENTER A MCBR RD BR 001C F-64305ACV200RS,,Parts,HHML Parts,Pcs.,,,,,,1,2026-08-06 08:11:37,2026-08-06 18:09:31
59824,64305ACV200SS,COVER FR CENTER A MAT BLACK NH 105-64305ACV200SS,,Parts,HHML Parts,Pcs.,,,,,,1,2026-08-06 08:11:37,2026-08-06 18:09:31
59775,64310ABH300WS,FRONT COVER (MAT BLACK NH-105)-64310ABH300WS,,Parts,HHML Parts,Pcs.,,,,,,1,2026-08-06 08:11:37,2026-08-06 18:09:31
59825,64310ACV200RS,COVER FR CENTER MCBR RD BR 001C F-64310ACV200RS,,Parts,HHML Parts,Pcs.,,,,,,1,2026-08-06 08:11:37,2026-08-06 18:09:31
59827,64310ACV200SS,COVER FR CENTER MAT BLACK NH 105-64310ACV200SS,,Parts,HHML Parts,Pcs.,,,,,,1,2026-08-06 08:11:37,2026-08-06 18:09:31
59979,64320ABS200VS,COVER R FLOOR SIDE-64320ABS200VS,,Parts,HHML Parts,Pcs.,,,,,,1,2026-08-06 08:11:37,2026-08-06 18:09:31
60135,64330ABS200VS,COVER L FLOOR SIDE-64330ABS200VS,,Parts,HHML Parts,Pcs.,,,,,,1,2026-08-06 08:11:37,2026-08-06 18:09:31
59629,64350ADE400BS,FRONT LOWER COVER NH-105(T2)-64350ADE400BS,,Parts,HHML Parts,Pcs.,,,,,,1,2026-08-06 08:11:37,2026-08-06 18:09:31
59592,710035BTRHDXFFS,HD X440 (LABOUR ONLY)-710035BTRHDXFFS,,Parts,HHML Parts,Pcs.,,,,,,1,2026-08-06 08:11:37,2026-08-06 18:09:31
59593,710035BTRXMRFFS,Karizma XMR (LABOUR ONLY)-710035BTRXMRFFS,,Parts,HHML Parts,Pcs.,,,,,,1,2026-08-06 08:11:37,2026-08-06 18:09:31
59798,710035FRTROVS,WARRANTY CLAIM (LABOUR ONLY)-710035FRTROVS,,Parts,HHML Parts,Pcs.,,,,,,1,2026-08-06 08:11:37,2026-08-06 18:09:31
59175,710035FRTSWS,WARRANTY CLAIM (LABOUR ONLY)-710035FRTSWS,,Parts,HHML Parts,Pcs.,,,,,,1,2026-08-06 08:11:37,2026-08-06 18:09:31
59554,710035FRTSWTCUS,TCU flashing(Labour Only)-710035FRTSWTCUS,,Parts,HHML Parts,Pcs.,,,,,,1,2026-08-06 08:11:37,2026-08-06 18:09:31
59558,710035FRTVD7CT2S,"VCU, MCU, BMS, TCU FLASH + PDU SEAL (LAB-710035FRTVD7CT2S",,Parts,HHML Parts,Pcs.,,,,,,1,2026-08-06 08:11:37,2026-08-06 18:09:31
59557,710035FRTVD7CT3S,"VCU, TFT, MCU, BMS, TCU FLASH + PDU SEAL-710035FRTVD7CT3S",,Parts,HHML Parts,Pcs.,,,,,,1,2026-08-06 08:11:37,2026-08-06 18:09:31
59580,710035HECUSWS,HECU Flashing-710035HECUSWS,,Parts,HHML Parts,Pcs.,,,,,,1,2026-08-06 08:11:37,2026-08-06 18:09:31
59565,710035RSPFFS,ACLA RING SET PISTON FF(LABOUR ONLY)-710035RSPFFS,,Parts,HHML Parts,Pcs.,,,,,,1,2026-08-06 08:11:37,2026-08-06 18:09:31
59570,710035TCUSWS,TCU FLASHING (LABOUR ONLY)-710035TCUSWS,,Parts,HHML Parts,Pcs.,,,,,,1,2026-08-06 08:11:37,2026-08-06 18:09:31
59413,710035WHLTRUINGS,WHEEL TRUING-710035WHLTRUINGS,,Parts,HHML Parts,Pcs.,,,,,,1,2026-08-06 08:11:37,2026-08-06 18:09:31
59997,77200198H40S,SEAT ASSY. DOUBLE-77200198H40S,,Parts,HHML Parts,Pcs.,,,,,,1,2026-08-06 08:11:37,2026-08-06 18:09:31
59695,77200ADE400S,SEAT COMPLETE DOUBLE-77200ADE400S,,Parts,HHML Parts,Pcs.,,,,,,1,2026-08-06 08:11:37,2026-08-06 18:09:31
60060,77215KFN770ZDHS,SET ILLUST.R RR.COWL(CTB)-77215KFN770ZDHS,,Parts,HHML Parts,Pcs.,,,,,,1,2026-08-06 08:11:37,2026-08-06 18:09:31
60041,77215KFN770ZFHS,SET ILLUST.R RR.COWL(PTB)-77215KFN770ZFHS,,Parts,HHML Parts,Pcs.,,,,,,1,2026-08-06 08:11:37,2026-08-06 18:09:31
60044,77215KFN770ZGHS,SET ILLUST.R RR.COWL(BLK)-77215KFN770ZGHS,,Parts,HHML Parts,Pcs.,,,,,,1,2026-08-06 08:11:37,2026-08-06 18:09:31
60033,77225KFN770ZDHS,SET ILLUST.L RR.COWL(CTB)-77225KFN770ZDHS,,Parts,HHML Parts,Pcs.,,,,,,1,2026-08-06 08:11:37,2026-08-06 18:09:31
60069,77226KST860ZBS,STRIPE L REAR COWL(TYPE-2)-77226KST860ZBS,,Parts,HHML Parts,Pcs.,,,,,,1,2026-08-06 08:11:37,2026-08-06 18:09:31
60070,77228KRY960ZAS,STRIPE R RR COWL (TYPE-1)-77228KRY960ZAS,,Parts,HHML Parts,Pcs.,,,,,,1,2026-08-06 08:11:37,2026-08-06 18:09:31
59178,7723002A950S,"SET, CENTER REAR COWL(OLIVE GREEN)-7723002A950S",,Parts,HHML Parts,Pcs.,,,,,,1,2026-08-06 08:11:37,2026-08-06 18:09:31
59794,77230122A00S,CENTER REAR COWL AOG OLIVE GREEN-77230122A00S,,Parts,HHML Parts,Pcs.,,,,,,1,2026-08-06 08:11:37,2026-08-06 18:09:31
59962,77236AAGA00RS,COWL RR CENTER UPPER(BLACK NH-1 (R))-77236AAGA00RS,,Parts,HHML Parts,Pcs.,,,,,,1,2026-08-06 08:11:37,2026-08-06 18:09:31
59968,77236AAGA00SS,COWL RR CENTER UPPER(CBR R-195C(S))-77236AAGA00SS,,Parts,HHML Parts,Pcs.,,,,,,1,2026-08-06 08:11:37,2026-08-06 18:09:31
59975,77236AAGA00TS,COWL RR CENTER UPPER(HGM NH-194M-U(T))-77236AAGA00TS,,Parts,HHML Parts,Pcs.,,,,,,1,2026-08-06 08:11:37,2026-08-06 18:09:31
59986,77236AAGA00US,COWL RR CENTER UPPER(MXBBLBR-013MG U)-77236AAGA00US,,Parts,HHML Parts,Pcs.,,,,,,1,2026-08-06 08:11:37,2026-08-06 18:09:31
59635,77236AAZ0000020US,SET CENTER RR COWL-77236AAZ0000020US,,Parts,HHML Parts,Pcs.,,,,,,1,2026-08-06 08:11:37,2026-08-06 18:09:31
60051,77240KTRH00ZKS,SET R SIDE COWL(IOM)-77240KTRH00ZKS,,Parts,HHML Parts,Pcs.,,,,,,1,2026-08-06 08:11:37,2026-08-06 18:09:31
60068,77240KWA910ZAS,"SET, R SIDE COWL(BLK-1)-77240KWA910ZAS",,Parts,HHML Parts,Pcs.,,,,,,1,2026-08-06 08:11:37,2026-08-06 18:09:31
59795,77246122A00S,COWL R SIDE AOG OLIVE GREEN-77246122A00S,,Parts,HHML Parts,Pcs.,,,,,,1,2026-08-06 08:11:37,2026-08-06 18:09:31
59987,77246AAGA00RS,COWL R SIDE(BLACK NH-1 (R))-77246AAGA00RS,,Parts,HHML Parts,Pcs.,,,,,,1,2026-08-06 08:11:37,2026-08-06 18:09:31
59963,77246AAGA00SS,COWL R SIDE(CBR R-195C(S))-77246AAGA00SS,,Parts,HHML Parts,Pcs.,,,,,,1,2026-08-06 08:11:37,2026-08-06 18:09:31
59969,77246AAGA00TS,COWL R SIDE(HGM NH-194M-U(T))-77246AAGA00TS,,Parts,HHML Parts,Pcs.,,,,,,1,2026-08-06 08:11:37,2026-08-06 18:09:31
59976,77246AAGA00US,COWL R SIDE(MXBBL(BR)-013M(G) (U))-77246AAGA00US,,Parts,HHML Parts,Pcs.,,,,,,1,2026-08-06 08:11:37,2026-08-06 18:09:31
59624,77246AAZ0000020US,SET R SIDE COWL-77246AAZ0000020US,,Parts,HHML Parts,Pcs.,,,,,,1,2026-08-06 08:11:37,2026-08-06 18:09:31
60067,77250KCC730ZLS,SET L SIDE COWL(BLK-9)-77250KCC730ZLS,,Parts,HHML Parts,Pcs.,,,,,,1,2026-08-06 08:11:37,2026-08-06 18:09:31
59996,77250KTRH00ZKS,SET L SIDE COWL (IOM)-77250KTRH00ZKS,,Parts,HHML Parts,Pcs.,,,,,,1,2026-08-06 08:11:37,2026-08-06 18:09:31
60066,77250KWA930ZAS,"SET, L SIDE COWL(BLK-1)-77250KWA930ZAS",,Parts,HHML Parts,Pcs.,,,,,,1,2026-08-06 08:11:37,2026-08-06 18:09:31
59792,77256122A00S,COWL L SIDE BLACK AOG OLIVE GREEN-77256122A00S,,Parts,HHML Parts,Pcs.,,,,,,1,2026-08-06 08:11:37,2026-08-06 18:09:31
59988,77256AAGA00RS,COWL L SIDE(BLACK NH-1 (R))-77256AAGA00RS,,Parts,HHML Parts,Pcs.,,,,,,1,2026-08-06 08:11:37,2026-08-06 18:09:31
59989,77256AAGA00SS,COWL L SIDE(CBR R-195C(S))-77256AAGA00SS,,Parts,HHML Parts,Pcs.,,,,,,1,2026-08-06 08:11:37,2026-08-06 18:09:31
59977,77256AAGA00TS,COWL L SIDE(HGM NH-194M-U(T))-77256AAGA00TS,,Parts,HHML Parts,Pcs.,,,,,,1,2026-08-06 08:11:37,2026-08-06 18:09:31
59970,77256AAGA00US,COWL L SIDE(MXBBL(BR)-013M(G) (U))-77256AAGA00US,,Parts,HHML Parts,Pcs.,,,,,,1,2026-08-06 08:11:37,2026-08-06 18:09:31
59622,77256AAZ0000020US,SET L SIDE COWL-77256AAZ0000020US,,Parts,HHML Parts,Pcs.,,,,,,1,2026-08-06 08:11:37,2026-08-06 18:09:31
60036,77256KCC905ZBHS,COWL L.SIDE(BLACK)-77256KCC905ZBHS,,Parts,HHML Parts,Pcs.,,,,,,1,2026-08-06 08:11:37,2026-08-06 18:09:31
60054,77260KTN700ZAHS,SET R RR COWL(FSM)-77260KTN700ZAHS,,Parts,HHML Parts,Pcs.,,,,,,1,2026-08-06 08:11:37,2026-08-06 18:09:31
60020,77260KTN700ZBHS,SET R RR COWL(MYE)-77260KTN700ZBHS,,Parts,HHML Parts,Pcs.,,,,,,1,2026-08-06 08:11:37,2026-08-06 18:09:31
60015,77260KTN700ZCHS,SET R RR COWL(BLK-1E)-77260KTN700ZCHS,,Parts,HHML Parts,Pcs.,,,,,,1,2026-08-06 08:11:37,2026-08-06 18:09:31
60021,77260KTN700ZDHS,SET R RR COWL(BLK-1F)-77260KTN700ZDHS,,Parts,HHML Parts,Pcs.,,,,,,1,2026-08-06 08:11:37,2026-08-06 18:09:31
60039,77260KTN700ZEHS,SET R RR COWL(EBM)-77260KTN700ZEHS,,Parts,HHML Parts,Pcs.,,,,,,1,2026-08-06 08:11:37,2026-08-06 18:09:31
60062,77260KTN700ZFHS,SET R RR COWL(CBR)-77260KTN700ZFHS,,Parts,HHML Parts,Pcs.,,,,,,1,2026-08-06 08:11:37,2026-08-06 18:09:31
60056,77260KTN700ZGHS,SET R RR COWL(PMM)-77260KTN700ZGHS,,Parts,HHML Parts,Pcs.,,,,,,1,2026-08-06 08:11:37,2026-08-06 18:09:31
60016,77260KTN700ZJHS,SET R RR COWL(MBM)-77260KTN700ZJHS,,Parts,HHML Parts,Pcs.,,,,,,1,2026-08-06 08:11:37,2026-08-06 18:09:31
60026,77260KTN720ZAHS,SET  R RR COWL(FSM)-77260KTN720ZAHS,,Parts,HHML Parts,Pcs.,,,,,,1,2026-08-06 08:11:37,2026-08-06 18:09:31
60057,77260KTN720ZBHS,SET  R RR COWL(MYE)-77260KTN720ZBHS,,Parts,HHML Parts,Pcs.,,,,,,1,2026-08-06 08:11:37,2026-08-06 18:09:31
60031,77260KTN720ZCHS,SET  R RR COWL(BLK)-77260KTN720ZCHS,,Parts,HHML Parts,Pcs.,,,,,,1,2026-08-06 08:11:37,2026-08-06 18:09:31
60027,77260KTN720ZDHS,SET  R RR COWL(EBM)-77260KTN720ZDHS,,Parts,HHML Parts,Pcs.,,,,,,1,2026-08-06 08:11:37,2026-08-06 18:09:31
60028,77260KTN720ZEHS,SET  R RR COWL(CBR)-77260KTN720ZEHS,,Parts,HHML Parts,Pcs.,,,,,,1,2026-08-06 08:11:37,2026-08-06 18:09:31
60017,77260KTN720ZFHS,SET  R RR COWL(PMM)-77260KTN720ZFHS,,Parts,HHML Parts,Pcs.,,,,,,1,2026-08-06 08:11:37,2026-08-06 18:09:31
60063,77260KTN720ZGHS,SET  R RR COWL(SVM)-77260KTN720ZGHS,,Parts,HHML Parts,Pcs.,,,,,,1,2026-08-06 08:11:37,2026-08-06 18:09:31
60058,77260KTN720ZHHS,SET  R RR COWL(MBM)-77260KTN720ZHHS,,Parts,HHML Parts,Pcs.,,,,,,1,2026-08-06 08:11:37,2026-08-06 18:09:31
59764,77340AAE100S,SET R SIDE COWL (BLACK NH 1) TYPE 4-77340AAE100S,,Parts,HHML Parts,Pcs.,,,,,,1,2026-08-06 08:11:37,2026-08-06 18:09:31
59759,77350AAE100S,SET L SIDE COWL (BLACK NH 1) TYPE 4-77350AAE100S,,Parts,HHML Parts,Pcs.,,,,,,1,2026-08-06 08:11:37,2026-08-06 18:09:31
59500,77501ACY000S,SEAT BACKREST-77501ACY000S,,Parts,HHML Parts,Pcs.,,,,,,1,2026-08-06 08:11:37,2026-08-06 18:09:31
59494,77502ACY000JS,COVER SEAT BACK REST-77502ACY000JS,,Parts,HHML Parts,Pcs.,,,,,,1,2026-08-06 08:11:37,2026-08-06 18:09:31
59912,80106198D00S,MUDGUARD RR. FENDER-80106198D00S,,Parts,HHML Parts,Pcs.,,,,,,1,2026-08-06 08:11:37,2026-08-06 18:09:31
59574,8120AAALD00S,CARRIER BACK REST-8120AAALD00S,,Parts,HHML Parts,Pcs.,,,,,,1,2026-08-06 08:11:37,2026-08-06 18:09:31
59630,83094AAZ0000020US,SET R SIDE COVER-83094AAZ0000020US,,Parts,HHML Parts,Pcs.,,,,,,1,2026-08-06 08:11:37,2026-08-06 18:09:31
59626,83095AAZ0000020US,SET L SIDE COVER-83095AAZ0000020US,,Parts,HHML Parts,Pcs.,,,,,,1,2026-08-06 08:11:37,2026-08-06 18:09:31
60035,83100KTN720ZDHS,COVER R FRONT(EBM)-83100KTN720ZDHS,,Parts,HHML Parts,Pcs.,,,,,,1,2026-08-06 08:11:37,2026-08-06 18:09:31
60050,83100KTN720ZGHS,COVER R FRONT(SVM)-83100KTN720ZGHS,,Parts,HHML Parts,Pcs.,,,,,,1,2026-08-06 08:11:37,2026-08-06 18:09:31
60049,83300AAF000THS,"SET, R SIDE COVER(SRD,R-321)-83300AAF000THS",,Parts,HHML Parts,Pcs.,,,,,,1,2026-08-06 08:11:37,2026-08-06 18:09:31
59760,83300ABH300WS,BODY SIDE R (MAT BLACK NH-105)-83300ABH300WS,,Parts,HHML Parts,Pcs.,,,,,,1,2026-08-06 08:11:37,2026-08-06 18:09:31
59793,83400254B00S,FRONT VISOR ABK ARMY BLACK-83400254B00S,,Parts,HHML Parts,Pcs.,,,,,,1,2026-08-06 08:11:37,2026-08-06 18:09:31
59791,83400254C00S,FRONT VISOR AOG OLIVE GREEN-83400254C00S,,Parts,HHML Parts,Pcs.,,,,,,1,2026-08-06 08:11:37,2026-08-06 18:09:31
59765,83400ABH300WS,BODY SIDE L (MAT BLACK NH-105)-83400ABH300WS,,Parts,HHML Parts,Pcs.,,,,,,1,2026-08-06 08:11:37,2026-08-06 18:09:31
60019,83400KCCH30ZLS,SET FR.VISOR(BLK-7)-83400KCCH30ZLS,,Parts,HHML Parts,Pcs.,,,,,,1,2026-08-06 08:11:37,2026-08-06 18:09:31
59275,83401KCC9000020S,VISOR FR.COMP.(UNPAINTED)-83401KCC9000020S,,Parts,HHML Parts,Pcs.,,,,,,1,2026-08-06 08:11:37,2026-08-06 18:09:31
59809,83409AAEA20RS,STRIPE L FR VISOR BLACK NH1-83409AAEA20RS,,Parts,HHML Parts,Pcs.,,,,,,1,2026-08-06 08:11:37,2026-08-06 18:09:31
59802,83409AAEA30RS,STRIPE L FR VISOR BLACK NH1-83409AAEA30RS,,Parts,HHML Parts,Pcs.,,,,,,1,2026-08-06 08:11:37,2026-08-06 18:09:31
59633,83450ADE400AS,BODY COVER RIGHT NH-105(T1)-83450ADE400AS,,Parts,HHML Parts,Pcs.,,,,,,1,2026-08-06 08:11:37,2026-08-06 18:09:31
59623,83450ADE400BS,BODY COVER RIGHT NH-105(T2)-83450ADE400BS,,Parts,HHML Parts,Pcs.,,,,,,1,2026-08-06 08:11:37,2026-08-06 18:09:31
59782,83500122A00S,SET R SIDE COVER AOG OLIVE GREEN-83500122A00S,,Parts,HHML Parts,Pcs.,,,,,,1,2026-08-06 08:11:37,2026-08-06 18:09:31
59783,83500122B00S,SET R SIDE COVER ABK ARMY BLACK-83500122B00S,,Parts,HHML Parts,Pcs.,,,,,,1,2026-08-06 08:11:37,2026-08-06 18:09:31
60086,83500198911ZAS,SIDE COV.R.C.RED MMC-83500198911ZAS,,Parts,HHML Parts,Pcs.,,,,,,1,2026-08-06 08:11:37,2026-08-06 18:09:31
60087,83500198911ZBS,SIDE COV.R.BLK MMC-83500198911ZBS,,Parts,HHML Parts,Pcs.,,,,,,1,2026-08-06 08:11:37,2026-08-06 18:09:31
60076,83500198911ZFS,SID.COV.R.CL.SLV*MMC-83500198911ZFS,,Parts,HHML Parts,Pcs.,,,,,,1,2026-08-06 08:11:37,2026-08-06 18:09:31
59618,83500AAKE00VS,SIDE COVER B RIGHT R-195C-83500AAKE00VS,,Parts,HHML Parts,Pcs.,,,,,,1,2026-08-06 08:11:37,2026-08-06 18:09:31
59945,83500AAM300US,SET R SIDE COVER(VBM PB-374M)-83500AAM300US,,Parts,HHML Parts,Pcs.,,,,,,1,2026-08-06 08:11:37,2026-08-06 18:09:31
59832,83500KAG900ZAS,COV SET R.SIDE A.RED-83500KAG900ZAS,,Parts,HHML Parts,Pcs.,,,,,,1,2026-08-06 08:11:37,2026-08-06 18:09:31
59838,83500KAG900ZCS,COV.SET R.SIDE C.SLV.-83500KAG900ZCS,,Parts,HHML Parts,Pcs.,,,,,,1,2026-08-06 08:11:37,2026-08-06 18:09:31
59839,83500KAG900ZGS,COV SET R.SIDE G.BLUE-83500KAG900ZGS,,Parts,HHML Parts,Pcs.,,,,,,1,2026-08-06 08:11:37,2026-08-06 18:09:31
60029,83500KCC730ZLHS,SET R SIDE COVER(BLK-9)-83500KCC730ZLHS,,Parts,HHML Parts,Pcs.,,,,,,1,2026-08-06 08:11:37,2026-08-06 18:09:31
60046,83500KFN770ZCHS,SET ILLUST.R SIDE COVER-83500KFN770ZCHS,,Parts,HHML Parts,Pcs.,,,,,,1,2026-08-06 08:11:37,2026-08-06 18:09:31
59953,83500KTRH00ZDS,SET R SIDE COVER(EBM)-83500KTRH00ZDS,,Parts,HHML Parts,Pcs.,,,,,,1,2026-08-06 08:11:37,2026-08-06 18:09:31
60037,83500KTRH00ZKS,SET R SIDE COVER(IOM)-83500KTRH00ZKS,,Parts,HHML Parts,Pcs.,,,,,,1,2026-08-06 08:11:37,2026-08-06 18:09:31
60071,83500KWH900ZS,"SET, R SIDE COVER(BLK-2)-83500KWH900ZS",,Parts,HHML Parts,Pcs.,,,,,,1,2026-08-06 08:11:37,2026-08-06 18:09:31
60085,83500P11910ZBS,COV.COMP. R SIDE BLK-83500P11910ZBS,,Parts,HHML Parts,Pcs.,,,,,,1,2026-08-06 08:11:37,2026-08-06 18:09:31
59990,83501AAGA00RS,SIDE COVER R(BLACK NH-1 (R))-83501AAGA00RS,,Parts,HHML Parts,Pcs.,,,,,,1,2026-08-06 08:11:37,2026-08-06 18:09:31
59971,83501AAGA00SS,SIDE COVER R(CBR R-195C(S))-83501AAGA00SS,,Parts,HHML Parts,Pcs.,,,,,,1,2026-08-06 08:11:37,2026-08-06 18:09:31
59964,83501AAGA00TS,SIDE COVER R(HGM NH-194M-U(T))-83501AAGA00TS,,Parts,HHML Parts,Pcs.,,,,,,1,2026-08-06 08:11:37,2026-08-06 18:09:31
59984,83501AAGA00US,SIDE COVER R(MXBBL(BR)-013M(G) (U))-83501AAGA00US,,Parts,HHML Parts,Pcs.,,,,,,1,2026-08-06 08:11:37,2026-08-06 18:09:31
60074,83505198D00ZFS,"SET,RIGHT SIDE COV (BOON SILVER ME-83505198D00ZFS",,Parts,HHML Parts,Pcs.,,,,,,1,2026-08-06 08:11:37,2026-08-06 18:09:31
60075,83505198D00ZGS,"SET,RIGHT SIDE COV (CANDY RUBY RED-83505198D00ZGS",,Parts,HHML Parts,Pcs.,,,,,,1,2026-08-06 08:11:37,2026-08-06 18:09:31
60077,83505P26900ZES,"SET,RIGHT SIDE COV (BOON SILVER ME-83505P26900ZES",,Parts,HHML Parts,Pcs.,,,,,,1,2026-08-06 08:11:37,2026-08-06 18:09:31
60078,83510198770ZKS,SET RIGHT SIDE COV(SIERRA GREEN ME-83510198770ZKS,,Parts,HHML Parts,Pcs.,,,,,,1,2026-08-06 08:11:37,2026-08-06 18:09:31
60023,83510198770ZUHS,SET RIGHT SIDE COV (AMAZINGBLUE ME-83510198770ZUHS,,Parts,HHML Parts,Pcs.,,,,,,1,2026-08-06 08:11:37,2026-08-06 18:09:31
60082,83510198770ZUS,SET RIGHT SIDE COV (AMAZINGBLUE ME-83510198770ZUS,,Parts,HHML Parts,Pcs.,,,,,,1,2026-08-06 08:11:37,2026-08-06 18:09:31
60079,83510198771ZKS,"SET R SIDE COV(SIERRA GREEN,G-171M-83510198771ZKS",,Parts,HHML Parts,Pcs.,,,,,,1,2026-08-06 08:11:37,2026-08-06 18:09:31
60080,83510198771ZUS,SET R SIDE COV (AMAZING BLUE ME-83510198771ZUS,,Parts,HHML Parts,Pcs.,,,,,,1,2026-08-06 08:11:37,2026-08-06 18:09:31
60043,83520KFN770ZFHS,SET ILLUST.R SHROUD(TYPE-6)-83520KFN770ZFHS,,Parts,HHML Parts,Pcs.,,,,,,1,2026-08-06 08:11:37,2026-08-06 18:09:31
59501,8354AACA000PS,COVER RIGHT SIDE SUB ASSY-8354AACA000PS,,Parts,HHML Parts,Pcs.,,,,,,1,2026-08-06 08:11:37,2026-08-06 18:09:31
59490,83550ACZ000JS,SIDE COVER RIGHT - BK(BR)-008P(G)-83550ACZ000JS,,Parts,HHML Parts,Pcs.,,,,,,1,2026-08-06 08:11:37,2026-08-06 18:09:31
59627,83550ADE400AS,BODY COVER LEFT NH-105(T1)-83550ADE400AS,,Parts,HHML Parts,Pcs.,,,,,,1,2026-08-06 08:11:37,2026-08-06 18:09:31
59634,83550ADE400BS,BODY COVER LEFT NH-105(T2)-83550ADE400BS,,Parts,HHML Parts,Pcs.,,,,,,1,2026-08-06 08:11:37,2026-08-06 18:09:31
59143,83600198911ZAS,SIDE COV.L.C.RED-83600198911ZAS,,Parts,HHML Parts,Pcs.,,,,,,1,2026-08-06 08:11:37,2026-08-06 18:09:31
60052,83600198911ZBHS,SIDE COV.L.BLK-83600198911ZBHS,,Parts,HHML Parts,Pcs.,,,,,,1,2026-08-06 08:11:37,2026-08-06 18:09:31
59153,83600198911ZBS,SIDE COV.L.BLK-83600198911ZBS,,Parts,HHML Parts,Pcs.,,,,,,1,2026-08-06 08:11:37,2026-08-06 18:09:31
59840,83600KAG900ZAS,COV SET L SIDE A.RED-83600KAG900ZAS,,Parts,HHML Parts,Pcs.,,,,,,1,2026-08-06 08:11:37,2026-08-06 18:09:31
59841,83600KAG900ZGS,COV.SET L SIDE G.BLUE-83600KAG900ZGS,,Parts,HHML Parts,Pcs.,,,,,,1,2026-08-06 08:11:37,2026-08-06 18:09:31
59152,83600KCC730ZLS,SET L SIDE COVER(BLK-9)-83600KCC730ZLS,,Parts,HHML Parts,Pcs.,,,,,,1,2026-08-06 08:11:37,2026-08-06 18:09:31
60061,83600KTRH00ZKS,SET L SIDE COVER(IOM)-83600KTRH00ZKS,,Parts,HHML Parts,Pcs.,,,,,,1,2026-08-06 08:11:37,2026-08-06 18:09:31
59978,83601AAGA00RS,SIDE COVER L(BLACK NH-1 (R))-83601AAGA00RS,,Parts,HHML Parts,Pcs.,,,,,,1,2026-08-06 08:11:37,2026-08-06 18:09:31
59959,83601AAGA00SS,SIDE COVER L(CBR R-195C(S))-83601AAGA00SS,,Parts,HHML Parts,Pcs.,,,,,,1,2026-08-06 08:11:37,2026-08-06 18:09:31
59985,83601AAGA00TS,SIDE COVER L(HGM NH-194M-U(T))-83601AAGA00TS,,Parts,HHML Parts,Pcs.,,,,,,1,2026-08-06 08:11:37,2026-08-06 18:09:31
59972,83601AAGA00US,SIDE COVER L(MXBBL(BR)-013M(G) (U))-83601AAGA00US,,Parts,HHML Parts,Pcs.,,,,,,1,2026-08-06 08:11:37,2026-08-06 18:09:31
59150,83605198D00ZFS,"SET,LEFT SIDE COV (BOON SILVER ME-83605198D00ZFS",,Parts,HHML Parts,Pcs.,,,,,,1,2026-08-06 08:11:37,2026-08-06 18:09:31
60072,83610198770ZKS,SET LEFT SIDE COV (SIERRA GREEN ME-83610198770ZKS,,Parts,HHML Parts,Pcs.,,,,,,1,2026-08-06 08:11:37,2026-08-06 18:09:31
60073,83610198770ZUS,SET LEFT SIDE COV (AMAZING BLUE ME-83610198770ZUS,,Parts,HHML Parts,Pcs.,,,,,,1,2026-08-06 08:11:37,2026-08-06 18:09:31
59157,83610198771ZKS,"SET L SIDE COV(SIERRA GREEN,G-171M-83610198771ZKS",,Parts,HHML Parts,Pcs.,,,,,,1,2026-08-06 08:11:37,2026-08-06 18:09:31
59158,83610198771ZUS,SET L SIDE COV (AMAZING BLUE ME-83610198771ZUS,,Parts,HHML Parts,Pcs.,,,,,,1,2026-08-06 08:11:37,2026-08-06 18:09:31
59155,83610P11660ZKS,SET L.SIDE COV(SR.GR.ME)-83610P11660ZKS,,Parts,HHML Parts,Pcs.,,,,,,1,2026-08-06 08:11:37,2026-08-06 18:09:31
59156,83610P11660ZUS,SET L.SIDE COV(AZ.BLUE ME)-83610P11660ZUS,,Parts,HHML Parts,Pcs.,,,,,,1,2026-08-06 08:11:37,2026-08-06 18:09:31
60127,83620KFN770ZAHS,SHROUD SET L (TYPE-1)-83620KFN770ZAHS,,Parts,HHML Parts,Pcs.,,,,,,1,2026-08-06 08:11:37,2026-08-06 18:09:31
60018,83620KFN770ZFHS,SET ILLUST.L SHROUD(TYPE-6)-83620KFN770ZFHS,,Parts,HHML Parts,Pcs.,,,,,,1,2026-08-06 08:11:37,2026-08-06 18:09:31
59519,8364AACA000PS,COVER LEFT SIDE SUB ASSY-8364AACA000PS,,Parts,HHML Parts,Pcs.,,,,,,1,2026-08-06 08:11:37,2026-08-06 18:09:31
59506,83650ACZ000JS,SIDE COVER LEFT - BK(BR)-008P(G)-83650ACZ000JS,,Parts,HHML Parts,Pcs.,,,,,,1,2026-08-06 08:11:37,2026-08-06 18:09:31
59696,83701AAL500S,COVER REAR CENTER-83701AAL500S,,Parts,HHML Parts,Pcs.,,,,,,1,2026-08-06 08:11:37,2026-08-06 18:09:31
59154,84701198900S,NUMBER PLATE-84701198900S,,Parts,HHML Parts,Pcs.,,,,,,1,2026-08-06 08:11:37,2026-08-06 18:09:31
60095,86175AAGC00US,"STRIPE A, R FUEL TANK(VBM, PB-374M)-86175AAGC00US",,Parts,HHML Parts,Pcs.,,,,,,1,2026-08-06 08:11:37,2026-08-06 18:09:31
60094,86176AAGC00US,"STRIPE A, L FUEL TANK(VBM, PB-374M)-86176AAGC00US",,Parts,HHML Parts,Pcs.,,,,,,1,2026-08-06 08:11:37,2026-08-06 18:09:31
59677,86232ABSD00RS,MARK PRIME LEFT-86232ABSD00RS,,Parts,HHML Parts,Pcs.,,,,,,1,2026-08-06 08:11:37,2026-08-06 18:09:31
60110,86271ACT200WS,STRIPE R FUEL TANK(MTBBL(BR)003M)-86271ACT200WS,,Parts,HHML Parts,Pcs.,,,,,,1,2026-08-06 08:11:37,2026-08-06 18:09:31
60105,86272ACT200WS,STRIPE L FUEL TANK(MTBBL(BR)003M)-86272ACT200WS,,Parts,HHML Parts,Pcs.,,,,,,1,2026-08-06 08:11:37,2026-08-06 18:09:31
60131,86273ABF200VS,"STRIPE A, R SHROUD(MTB BL(BR)003M(F))-86273ABF200VS",,Parts,HHML Parts,Pcs.,,,,,,1,2026-08-06 08:11:37,2026-08-06 18:09:31
60104,86273ACT100VS,"STRIPE A, R SHROUD(MTB BL(BR)003M(F))-86273ACT100VS",,Parts,HHML Parts,Pcs.,,,,,,1,2026-08-06 08:11:37,2026-08-06 18:09:31
60116,86273ACT200WS,"STRIPE A, R SHROUD(MTBBL(BR)003M)-86273ACT200WS",,Parts,HHML Parts,Pcs.,,,,,,1,2026-08-06 08:11:37,2026-08-06 18:09:31
59176,86274ABF200VS,"STRIPE A, L SHROUD(MTB BL(BR)003M(F))-86274ABF200VS",,Parts,HHML Parts,Pcs.,,,,,,1,2026-08-06 08:11:37,2026-08-06 18:09:31
60119,86274ACT100VS,"STRIPE A, L SHROUD(MTB BL(BR)003M(F))-86274ACT100VS",,Parts,HHML Parts,Pcs.,,,,,,1,2026-08-06 08:11:37,2026-08-06 18:09:31
60107,86274ACT200WS,"STRIPE A, L SHROUD(MTBBL(BR)003M)-86274ACT200WS",,Parts,HHML Parts,Pcs.,,,,,,1,2026-08-06 08:11:37,2026-08-06 18:09:31
60112,86275ACT100VS,"STRIPE B, R SHROUD(MTB BL(BR)003M(F))-86275ACT100VS",,Parts,HHML Parts,Pcs.,,,,,,1,2026-08-06 08:11:37,2026-08-06 18:09:31
60113,86275ACT200WS,"STRIPE B, R SHROUD(MTBBL(BR)003M)-86275ACT200WS",,Parts,HHML Parts,Pcs.,,,,,,1,2026-08-06 08:11:37,2026-08-06 18:09:31
60109,86276ACT100VS,"STRIPE B, L SHROUD(MTB BL(BR)003M(F))-86276ACT100VS",,Parts,HHML Parts,Pcs.,,,,,,1,2026-08-06 08:11:37,2026-08-06 18:09:31
60115,86276ACT200WS,"STRIPE B, L SHROUD(MTBBL(BR)003M)-86276ACT200WS",,Parts,HHML Parts,Pcs.,,,,,,1,2026-08-06 08:11:37,2026-08-06 18:09:31
60111,86277ACT200WS,"STRIPE C, R SHROUD(MTBBL(BR)003M)-86277ACT200WS",,Parts,HHML Parts,Pcs.,,,,,,1,2026-08-06 08:11:37,2026-08-06 18:09:31
60117,86278ACT200WS,"STRIPE C, L SHROUD(MTBBL(BR)003M)-86278ACT200WS",,Parts,HHML Parts,Pcs.,,,,,,1,2026-08-06 08:11:37,2026-08-06 18:09:31
60108,86279ACT200WS,"STRIPE D, R SHROUD(MTBBL(BR)003M)-86279ACT200WS",,Parts,HHML Parts,Pcs.,,,,,,1,2026-08-06 08:11:37,2026-08-06 18:09:31
60106,86281ACT200WS,STRIPE COWL R REAR(MTBBL(BR)003M)-86281ACT200WS,,Parts,HHML Parts,Pcs.,,,,,,1,2026-08-06 08:11:37,2026-08-06 18:09:31
60114,86282ACT200WS,STRIPE COWL L REAR(MTBBL(BR)003M)-86282ACT200WS,,Parts,HHML Parts,Pcs.,,,,,,1,2026-08-06 08:11:37,2026-08-06 18:09:31
59684,86351ADE400RS,STRIPE RIGHT FENDER FRONT (TYPE-1)-86351ADE400RS,,Parts,HHML Parts,Pcs.,,,,,,1,2026-08-06 08:11:37,2026-08-06 18:09:31
59653,86351ADE400SS,STRIPE RIGHT FENDER FRONT (TYPE-2)-86351ADE400SS,,Parts,HHML Parts,Pcs.,,,,,,1,2026-08-06 08:11:37,2026-08-06 18:09:31
59679,86351ADE400TS,STRIPE RIGHT FENDER FRONT (TYPE-3)-86351ADE400TS,,Parts,HHML Parts,Pcs.,,,,,,1,2026-08-06 08:11:37,2026-08-06 18:09:31
59661,86351ADE400US,STRIPE RIGHT FENDER FRONT (TYPT-4)-86351ADE400US,,Parts,HHML Parts,Pcs.,,,,,,1,2026-08-06 08:11:37,2026-08-06 18:09:31
59680,86352ADE400RS,STRIPE LEFT FENDER FRONT (TYPE-1)-86352ADE400RS,,Parts,HHML Parts,Pcs.,,,,,,1,2026-08-06 08:11:37,2026-08-06 18:09:31
59685,86352ADE400SS,STRIPE LEFT FENDER FRONT (TYPE-2)-86352ADE400SS,,Parts,HHML Parts,Pcs.,,,,,,1,2026-08-06 08:11:37,2026-08-06 18:09:31
59689,86352ADE400TS,STRIPE LEFT FENDER FRONT (TYPE-3)-86352ADE400TS,,Parts,HHML Parts,Pcs.,,,,,,1,2026-08-06 08:11:37,2026-08-06 18:09:31
59654,86352ADE400US,STRIPE LEFT FENDER FRONT (TYPE-4)-86352ADE400US,,Parts,HHML Parts,Pcs.,,,,,,1,2026-08-06 08:11:37,2026-08-06 18:09:31
59662,86353ADE400RS,STRIPE A FRONT UPPER COVER (TYPE-1)-86353ADE400RS,,Parts,HHML Parts,Pcs.,,,,,,1,2026-08-06 08:11:37,2026-08-06 18:09:31
59690,86353ADE400SS,STRIPE A FRONT UPPER COVER (TYPE-2)-86353ADE400SS,,Parts,HHML Parts,Pcs.,,,,,,1,2026-08-06 08:11:37,2026-08-06 18:09:31
59663,86353ADE400TS,STRIPE A FRONT UPPER COVER (TYPE-3)-86353ADE400TS,,Parts,HHML Parts,Pcs.,,,,,,1,2026-08-06 08:11:37,2026-08-06 18:09:31
59651,86353ADE400US,STRIPE A FRONT UPPER COVER (TYPE-4)-86353ADE400US,,Parts,HHML Parts,Pcs.,,,,,,1,2026-08-06 08:11:37,2026-08-06 18:09:31
59668,86354ADE400RS,STRIPE B FRONT UPPER COVER (TYPE-1)-86354ADE400RS,,Parts,HHML Parts,Pcs.,,,,,,1,2026-08-06 08:11:37,2026-08-06 18:09:31
59646,86354ADE400SS,STRIPE B FRONT UPPER COVER (TYPE-2)-86354ADE400SS,,Parts,HHML Parts,Pcs.,,,,,,1,2026-08-06 08:11:37,2026-08-06 18:09:31
59655,86354ADE400TS,STRIPE B FRONT UPPER COVER (TYPE-3)-86354ADE400TS,,Parts,HHML Parts,Pcs.,,,,,,1,2026-08-06 08:11:37,2026-08-06 18:09:31
59686,86354ADE400US,STRIPE B FRONT UPPER COVER (TYPE-4)-86354ADE400US,,Parts,HHML Parts,Pcs.,,,,,,1,2026-08-06 08:11:37,2026-08-06 18:09:31
59681,86355ADE400RS,STRIPE RIGHT FRONT UPPER COVER (TYPE-1)-86355ADE400RS,,Parts,HHML Parts,Pcs.,,,,,,1,2026-08-06 08:11:37,2026-08-06 18:09:31
59667,86355ADE400SS,STRIPE RIGHT FRONT UPPER COVER (TYPE-2)-86355ADE400SS,,Parts,HHML Parts,Pcs.,,,,,,1,2026-08-06 08:11:37,2026-08-06 18:09:31
59688,86355ADE400TS,STRIPE RIGHT FRONT UPPER COVER (TYPE-3)-86355ADE400TS,,Parts,HHML Parts,Pcs.,,,,,,1,2026-08-06 08:11:37,2026-08-06 18:09:31
59664,86355ADE400US,STRIPE RIGHT FRONT UPPER COVER (TYPE-4)-86355ADE400US,,Parts,HHML Parts,Pcs.,,,,,,1,2026-08-06 08:11:37,2026-08-06 18:09:31
59644,86356ADE400RS,STRIPE LEFT FRONT UPPER COVER (TYPE-1)-86356ADE400RS,,Parts,HHML Parts,Pcs.,,,,,,1,2026-08-06 08:11:37,2026-08-06 18:09:31
59650,86356ADE400SS,STRIPE LEFT FRONT UPPER COVER (TYPE-2)-86356ADE400SS,,Parts,HHML Parts,Pcs.,,,,,,1,2026-08-06 08:11:37,2026-08-06 18:09:31
59671,86356ADE400TS,STRIPE LEFT FRONT UPPER COVER (TYPE-3)-86356ADE400TS,,Parts,HHML Parts,Pcs.,,,,,,1,2026-08-06 08:11:37,2026-08-06 18:09:31
59656,86356ADE400US,STRIPE LEFT FRONT UPPER COVER (TYPE-4)-86356ADE400US,,Parts,HHML Parts,Pcs.,,,,,,1,2026-08-06 08:11:37,2026-08-06 18:09:31
59687,86361ADE400RS,STRIPE BODY COVER RIGHT (TYPE-1)-86361ADE400RS,,Parts,HHML Parts,Pcs.,,,,,,1,2026-08-06 08:11:37,2026-08-06 18:09:31
59682,86361ADE400SS,STRIPE BODY COVER RIGHT (TYPE-2)-86361ADE400SS,,Parts,HHML Parts,Pcs.,,,,,,1,2026-08-06 08:11:37,2026-08-06 18:09:31
59672,86361ADE400TS,STRIPE BODY COVER RIGHT (TYPE-3)-86361ADE400TS,,Parts,HHML Parts,Pcs.,,,,,,1,2026-08-06 08:11:37,2026-08-06 18:09:31
59640,86361ADE410US,STRIPE BODY COVER RIGHT (TYPE-4)-86361ADE410US,,Parts,HHML Parts,Pcs.,,,,,,1,2026-08-06 08:11:37,2026-08-06 18:09:31
59691,86362ADE400RS,STRIPE BODY COVER LEFT (TYPE-1)-86362ADE400RS,,Parts,HHML Parts,Pcs.,,,,,,1,2026-08-06 08:11:37,2026-08-06 18:09:31
59665,86362ADE400SS,STRIPE BODY COVER LEFT (TYPE-2)-86362ADE400SS,,Parts,HHML Parts,Pcs.,,,,,,1,2026-08-06 08:11:37,2026-08-06 18:09:31
59675,86362ADE400TS,STRIPE BODY COVER LEFT (TYPE-3)-86362ADE400TS,,Parts,HHML Parts,Pcs.,,,,,,1,2026-08-06 08:11:37,2026-08-06 18:09:31
59673,86362ADE410US,STRIPE BODY COVER LEFT (TYPE-4)-86362ADE410US,,Parts,HHML Parts,Pcs.,,,,,,1,2026-08-06 08:11:37,2026-08-06 18:09:31
59645,86363ADE400RS,STRIPE RIGHT FRONT LOWER COVER (TYPE-1)-86363ADE400RS,,Parts,HHML Parts,Pcs.,,,,,,1,2026-08-06 08:11:37,2026-08-06 18:09:31
59652,86363ADE400SS,STRIPE RIGHT FRONT LOWER COVER (TYPE-2)-86363ADE400SS,,Parts,HHML Parts,Pcs.,,,,,,1,2026-08-06 08:11:37,2026-08-06 18:09:31
59647,86363ADE400TS,STRIPE RIGHT FRONT LOWER COVER (TYPE-3)-86363ADE400TS,,Parts,HHML Parts,Pcs.,,,,,,1,2026-08-06 08:11:37,2026-08-06 18:09:31
59657,86363ADE400US,STRIPE RIGHT FRONT LOWER COVER (TYPE-4)-86363ADE400US,,Parts,HHML Parts,Pcs.,,,,,,1,2026-08-06 08:11:37,2026-08-06 18:09:31
59683,86364ADE400RS,STRIPE LEFT FRONT LOWER COVER (TYPE-1)-86364ADE400RS,,Parts,HHML Parts,Pcs.,,,,,,1,2026-08-06 08:11:37,2026-08-06 18:09:31
59678,86364ADE400SS,STRIPE LEFT FRONT LOWER COVER (TYPE-2)-86364ADE400SS,,Parts,HHML Parts,Pcs.,,,,,,1,2026-08-06 08:11:37,2026-08-06 18:09:31
59674,86364ADE400TS,STRIPE LEFT FRONT LOWER COVER (TYPE-3)-86364ADE400TS,,Parts,HHML Parts,Pcs.,,,,,,1,2026-08-06 08:11:37,2026-08-06 18:09:31
59641,86364ADE400US,STRIPE LEFT FRONT LOWER COVER (TYPE-4)-86364ADE400US,,Parts,HHML Parts,Pcs.,,,,,,1,2026-08-06 08:11:37,2026-08-06 18:09:31
59692,86365ADE400RS,STRIPE B BODY COVER RIGHT (TYPE-1)-86365ADE400RS,,Parts,HHML Parts,Pcs.,,,,,,1,2026-08-06 08:11:37,2026-08-06 18:09:31
59666,86365ADE400SS,STRIPE B BODY COVER RIGHT (TYPE-2)-86365ADE400SS,,Parts,HHML Parts,Pcs.,,,,,,1,2026-08-06 08:11:37,2026-08-06 18:09:31
59638,86365ADE400TS,STRIPE B BODY COVER RIGHT (TYPE-3)-86365ADE400TS,,Parts,HHML Parts,Pcs.,,,,,,1,2026-08-06 08:11:37,2026-08-06 18:09:31
59669,86365ADE410US,STRIPE B BODY COVER RIGHT (TYPE-4)-86365ADE410US,,Parts,HHML Parts,Pcs.,,,,,,1,2026-08-06 08:11:37,2026-08-06 18:09:31
59639,86366ADE400RS,STRIPE B BODY COVER LEFT (TYPE-1)-86366ADE400RS,,Parts,HHML Parts,Pcs.,,,,,,1,2026-08-06 08:11:37,2026-08-06 18:09:31
59648,86366ADE400SS,STRIPE B BODY COVER LEFT (TYPE-2)-86366ADE400SS,,Parts,HHML Parts,Pcs.,,,,,,1,2026-08-06 08:11:37,2026-08-06 18:09:31
59649,86366ADE400TS,STRIPE B BODY COVER LEFT (TYPE-3)-86366ADE400TS,,Parts,HHML Parts,Pcs.,,,,,,1,2026-08-06 08:11:37,2026-08-06 18:09:31
59658,86366ADE410US,STRIPE B BODY COVER LEFT (TYPE-4)-86366ADE410US,,Parts,HHML Parts,Pcs.,,,,,,1,2026-08-06 08:11:37,2026-08-06 18:09:31
59139,86406KWA700S,STRIPE R FR. VISOR(TYPE-1)-86406KWA700S,,Parts,HHML Parts,Pcs.,,,,,,1,2026-08-06 08:11:37,2026-08-06 18:09:31
59917,86517KSTA10ZES,"STRIPE A, L FUEL TANK(TYPE-5)-86517KSTA10ZES",,Parts,HHML Parts,Pcs.,,,,,,1,2026-08-06 08:11:37,2026-08-06 18:09:31
60084,87103KTP940ZGS,"STRIPE A,L BODY COVER(TYPE-6)-87103KTP940ZGS",,Parts,HHML Parts,Pcs.,,,,,,1,2026-08-06 08:11:37,2026-08-06 18:09:31
59828,87115104A10S,"MARK, R SIDE COVER(SHJ)-87115104A10S",,Parts,HHML Parts,Pcs.,,,,,,1,2026-08-06 08:11:37,2026-08-06 18:09:31
59806,87115AAEA10RS,STRIPE R SIDE COVER BLACK NH1-87115AAEA10RS,,Parts,HHML Parts,Pcs.,,,,,,1,2026-08-06 08:11:37,2026-08-06 18:09:31
59803,87115AAEA20RS,STRIPE R SIDE COVER BLACK NH1-87115AAEA20RS,,Parts,HHML Parts,Pcs.,,,,,,1,2026-08-06 08:11:37,2026-08-06 18:09:31
60137,87116104A10S,"MARK, L SIDE COVER(SHJ)-87116104A10S",,Parts,HHML Parts,Pcs.,,,,,,1,2026-08-06 08:11:37,2026-08-06 18:09:31
59807,87116AAEA30RS,STRIPE L SIDE COVER BLACK NH1-87116AAEA30RS,,Parts,HHML Parts,Pcs.,,,,,,1,2026-08-06 08:11:37,2026-08-06 18:09:31
59815,87117AANK00S,MARK CENTER RR COWL-87117AANK00S,,Parts,HHML Parts,Pcs.,,,,,,1,2026-08-06 08:11:37,2026-08-06 18:09:31
59814,87131AAE100S,STRIPE R SIDE COWL (TYPE 5)-87131AAE100S,,Parts,HHML Parts,Pcs.,,,,,,1,2026-08-06 08:11:37,2026-08-06 18:09:31
59810,87131AAEA20RS,STRIPE R SIDE COWL BLACK NH1-87131AAEA20RS,,Parts,HHML Parts,Pcs.,,,,,,1,2026-08-06 08:11:37,2026-08-06 18:09:31
59811,87131AAEA30RS,STRIPE R SIDE COWL BLACK NH1-87131AAEA30RS,,Parts,HHML Parts,Pcs.,,,,,,1,2026-08-06 08:11:37,2026-08-06 18:09:31
59817,87132AAE100S,STRIPE L SIDE COWL (TYPE 5)-87132AAE100S,,Parts,HHML Parts,Pcs.,,,,,,1,2026-08-06 08:11:37,2026-08-06 18:09:31
59813,87132AAEA20RS,STRIPE L SIDE COWL BLACK NH1-87132AAEA20RS,,Parts,HHML Parts,Pcs.,,,,,,1,2026-08-06 08:11:37,2026-08-06 18:09:31
59812,87132AAEA30RS,STRIPE L SIDE COWL BLACK NH1-87132AAEA30RS,,Parts,HHML Parts,Pcs.,,,,,,1,2026-08-06 08:11:37,2026-08-06 18:09:31
60101,88110KWA940ZAS,MIRROR ASSY. R BACK(BLK)-88110KWA940ZAS,,Parts,HHML Parts,Pcs.,,,,,,1,2026-08-06 08:11:37,2026-08-06 18:09:31
59182,89010KRY900S,TOOL SET-89010KRY900S,,Parts,HHML Parts,Pcs.,,,,,,1,2026-08-06 08:11:37,2026-08-06 18:09:31
59184,90101KY6008S,SCREW TAPPING 3X14-90101KY6008S,,Parts,HHML Parts,Pcs.,,,,,,1,2026-08-06 08:11:37,2026-08-06 18:09:31
60097,90163KCN000S,BOLT FLANGE UBS 10X48-90163KCN000S,,Parts,HHML Parts,Pcs.,,,,,,1,2026-08-06 08:11:37,2026-08-06 18:09:31
59247,90164ACZ000S,SCREW FLAT 6 X 22-90164ACZ000S,,Parts,HHML Parts,Pcs.,,,,,,1,2026-08-06 08:11:37,2026-08-06 18:09:31
59183,90231087000S,NUT LOCK 14MM-90231087000S,,Parts,HHML Parts,Pcs.,,,,,,1,2026-08-06 08:11:37,2026-08-06 18:09:31
59922,93500050100GS,SCREW PAN 5X10-93500050100GS,,Parts,HHML Parts,Pcs.,,,,,,1,2026-08-06 08:11:37,2026-08-06 18:09:31
59935,9451012000S,"CIRCLIP EXT.12,DLX-9451012000S",,Parts,HHML Parts,Pcs.,,,,,,1,2026-08-06 08:11:37,2026-08-06 18:09:31
59921,9501471302S,SPRING C MAIN STAND-9501471302S,,Parts,HHML Parts,Pcs.,,,,,,1,2026-08-06 08:11:37,2026-08-06 18:09:31
59923,9805657723S,SPARK PLUG (NGK)-9805657723S,,Parts,HHML Parts,Pcs.,,,,,,1,2026-08-06 08:11:37,2026-08-06 18:09:31
59706,9963AAAWD00S,RR EXTRA GRIP SUB ASSY-9963AAAWD00S,,Parts,HHML Parts,Pcs.,,,,,,1,2026-08-06 08:11:37,2026-08-06 18:09:31
59442,9967BACJ000TS,WINDSCREEN KIT NH-1 BLACK-9967BACJ000TS,,Parts,HHML Parts,Pcs.,,,,,,1,2026-08-06 08:11:37,2026-08-06 18:09:31
59283,A1AAB4A0030XAGS,TANK COMP FUEL  NH-1 + RD(BR)-021P(G)-A1AAB4A0030XAGS,,Parts,HHML Parts,Pcs.,,,,,,1,2026-08-06 08:11:37,2026-08-06 18:09:31
59335,A1AAB4A0030XBGS,TANK COMP FUEL  RD(BR)-021P(G) + NH-1-A1AAB4A0030XBGS,,Parts,HHML Parts,Pcs.,,,,,,1,2026-08-06 08:11:37,2026-08-06 18:09:31
59210,A1AAB4A0030XCGS,TANK COMP FUEL  BL-002M + NH-1-A1AAB4A0030XCGS,,Parts,HHML Parts,Pcs.,,,,,,1,2026-08-06 08:11:37,2026-08-06 18:09:31
59282,A1AAE1C001000GS,HEAD CYLINDER COMPLETE-A1AAE1C001000GS,,Parts,HHML Parts,Pcs.,,,,,,1,2026-08-06 08:11:37,2026-08-06 18:09:31
59392,A1ADA7Y002100GS,UPPER CASE ASSEMBLY-A1ADA7Y002100GS,,Parts,HHML Parts,Pcs.,,,,,,1,2026-08-06 08:11:37,2026-08-06 18:09:31
59420,A1ADA7Y003000GS,LOWER CASE ASSEMBLY-A1ADA7Y003000GS,,Parts,HHML Parts,Pcs.,,,,,,1,2026-08-06 08:11:37,2026-08-06 18:09:31
59192,A1ADF2C0010MGS,HOLDER HANDLE UPPER NH-35M-A1ADF2C0010MGS,,Parts,HHML Parts,Pcs.,,,,,,1,2026-08-06 08:11:37,2026-08-06 18:09:31
59229,A1AHB4A002000GS,TUBE B PURGE-A1AHB4A002000GS,,Parts,HHML Parts,Pcs.,,,,,,1,2026-08-06 08:11:37,2026-08-06 18:09:31
59452,A1AMB4E0030ANGS,GRILL FRONT NH-1-A1AMB4E0030ANGS,,Parts,HHML Parts,Pcs.,,,,,,1,2026-08-06 08:11:37,2026-08-06 18:09:31
59368,A1CJB4E0050CLGS,COVER RIGHT FLOOR SIDE G(L)-007S(G)-A1CJB4E0050CLGS,,Parts,HHML Parts,Pcs.,,,,,,1,2026-08-06 08:11:37,2026-08-06 18:09:31
59343,A1CJB4E0060CLGS,COVER LEFT FLOOR SIDE G(L)-007S(G)-A1CJB4E0060CLGS,,Parts,HHML Parts,Pcs.,,,,,,1,2026-08-06 08:11:37,2026-08-06 18:09:31
59248,A1CJB4T0000CLGS,EMBLEM H MARK G(L)-007S(G)-A1CJB4T0000CLGS,,Parts,HHML Parts,Pcs.,,,,,,1,2026-08-06 08:11:37,2026-08-06 18:09:31
59196,A1CJF2C0000CLGS,COVER HANDLE FRONT G(L)-007S(G)-A1CJF2C0000CLGS,,Parts,HHML Parts,Pcs.,,,,,,1,2026-08-06 08:11:37,2026-08-06 18:09:31
59274,A4AGE0E001000GS,KIT ACG OWC-A4AGE0E001000GS,,Parts,HHML Parts,Pcs.,,,,,,1,2026-08-06 08:11:37,2026-08-06 18:09:31
59202,AACJB4A000100GS,COCK ASSY FUEL-AACJB4A000100GS,,Parts,HHML Parts,Pcs.,,,,,,1,2026-08-06 08:11:37,2026-08-06 18:09:31
59369,AAHMB4A001000GS,TUBE FUEL SUB ASSY-AAHMB4A001000GS,,Parts,HHML Parts,Pcs.,,,,,,1,2026-08-06 08:11:37,2026-08-06 18:09:31
59250,AAJYA7Y004000GS,FUEL METER COMPLETE-AAJYA7Y004000GS,,Parts,HHML Parts,Pcs.,,,,,,1,2026-08-06 08:11:37,2026-08-06 18:09:31
59230,AAJYA7Y005000GS,UNDER CASE ASSEMBLY-AAJYA7Y005000GS,,Parts,HHML Parts,Pcs.,,,,,,1,2026-08-06 08:11:37,2026-08-06 18:09:31
59517,ABRAF2G000000GS,KIT STAND SIDE COMP-ABRAF2G000000GS,,Parts,HHML Parts,Pcs.,,,,,,1,2026-08-06 08:11:37,2026-08-06 18:09:31
59426,ABSEB4E0020BRGS,COVER L FLOOR SIDE SUB ASSEMBLY GL(L)-00-ABSEB4E0020BRGS,,Parts,HHML Parts,Pcs.,,,,,,1,2026-08-06 08:11:37,2026-08-06 18:09:31
59352,ABSEB4E0020EVGS,COVER LEFT FLOOR SIDE SUB ASSEBMBLY MATT-ABSEB4E0020EVGS,,Parts,HHML Parts,Pcs.,,,,,,1,2026-08-06 08:11:37,2026-08-06 18:09:31
59577,ABSEB4E0030AYGSX,ABSEB4E0030AYGSX`,,Parts,HHML Parts,Pcs.,,,,,,1,2026-08-06 08:11:37,2026-08-06 18:09:31
59397,ABSEB4E0030BRGS,COVER R FLOOR SIDE SUB ASSEMBLY GL(L)-00-ABSEB4E0030BRGS,,Parts,HHML Parts,Pcs.,,,,,,1,2026-08-06 08:11:37,2026-08-06 18:09:31
59217,ABSEB4E0030EVGS,COVER RIGHT FLOOR SIDE SUB ASSEBMBLY MAT-ABSEB4E0030EVGS,,Parts,HHML Parts,Pcs.,,,,,,1,2026-08-06 08:11:37,2026-08-06 18:09:31
59382,ABSES6A0020BRGS,COVER HANDLE TOP GL(L)-009M(G)-ABSES6A0020BRGS,,Parts,HHML Parts,Pcs.,,,,,,1,2026-08-06 08:11:37,2026-08-06 18:09:31
59353,ABSES6A0020EVGS,COVER HANDLE TOP MATT CHESTNUT BRONZE-ABSES6A0020EVGS,,Parts,HHML Parts,Pcs.,,,,,,1,2026-08-06 08:11:37,2026-08-06 18:09:31
59427,ABSES6A0030BRGS,COVER FRONT UPPER GL(L)-009M(G)-ABSES6A0030BRGS,,Parts,HHML Parts,Pcs.,,,,,,1,2026-08-06 08:11:37,2026-08-06 18:09:31
59551,ABSES6A0040AFGS,BODY SIDE RIGHT S(D)-014M(G)-ABSES6A0040AFGS,,Parts,HHML Parts,Pcs.,,,,,,1,2026-08-06 08:11:37,2026-08-06 18:09:31
59389,ABSES6A0080AGGS,GRILL FRONT (BL(BR)-013M(G))-ABSES6A0080AGGS,,Parts,HHML Parts,Pcs.,,,,,,1,2026-08-06 08:11:37,2026-08-06 18:09:31
59410,ABSRS6A0030BRGS,BODY SIDE RIGHT GL(L)-009M(G)-ABSRS6A0030BRGS,,Parts,HHML Parts,Pcs.,,,,,,1,2026-08-06 08:11:37,2026-08-06 18:09:31
59411,ABSRS6A0040BRGS,BODY SIDE LEFT GL(L)-009M(G)-ABSRS6A0040BRGS,,Parts,HHML Parts,Pcs.,,,,,,1,2026-08-06 08:11:37,2026-08-06 18:09:31
59359,ACAAE0E001000GS,KIT OWC-ACAAE0E001000GS,,Parts,HHML Parts,Pcs.,,,,,,1,2026-08-06 08:11:37,2026-08-06 18:09:31
59414,ACAAE1B000000GS,CRANKCASE RH ASSY-ACAAE1B000000GS,,Parts,HHML Parts,Pcs.,,,,,,1,2026-08-06 08:11:37,2026-08-06 18:09:31
59404,ACAAE1C002000GS,CYLINDER COMP-ACAAE1C002000GS,,Parts,HHML Parts,Pcs.,,,,,,1,2026-08-06 08:11:37,2026-08-06 18:09:31
59448,ACABC3H002000GS,CARTRIDGE ASSEMBLY-ACABC3H002000GS,,Parts,HHML Parts,Pcs.,,,,,,1,2026-08-06 08:11:37,2026-08-06 18:09:31
59424,ACJAS6A0000BGGS,SET FUEL TANK PEARL FADELESS WHIT-ACJAS6A0000BGGS,,Parts,HHML Parts,Pcs.,,,,,,1,2026-08-06 08:11:37,2026-08-06 18:09:31
59390,ACJAS6A0010AYGS,SET FUEL TANK PEARL BLACK (BK(BR)-ACJAS6A0010AYGS,,Parts,HHML Parts,Pcs.,,,,,,1,2026-08-06 08:11:37,2026-08-06 18:09:31
59408,ACJAS6A0020DUGS,SET FUEL TANK MATT GRAPHITE GREY-ACJAS6A0020DUGS,,Parts,HHML Parts,Pcs.,,,,,,1,2026-08-06 08:11:37,2026-08-06 18:09:31
59556,ACJAS6A0030AVGS,SET FUEL TANK COCKTAIL BLUE (BL(B-ACJAS6A0030AVGS,,Parts,HHML Parts,Pcs.,,,,,,1,2026-08-06 08:11:37,2026-08-06 18:09:31
59385,ACJAS6A0030BUGS,SET FUEL TANK COCKTAIL RED (RD(BR-ACJAS6A0030BUGS,,Parts,HHML Parts,Pcs.,,,,,,1,2026-08-06 08:11:37,2026-08-06 18:09:31
59303,ACKZB4P001000GS,UTILITY BOX COMPLETE-ACKZB4P001000GS,,Parts,HHML Parts,Pcs.,,,,,,1,2026-08-06 08:11:37,2026-08-06 18:09:31
59344,ACKZS6A000000GS,UTILITY BOX COVER LH-ACKZS6A000000GS,,Parts,HHML Parts,Pcs.,,,,,,1,2026-08-06 08:11:37,2026-08-06 18:09:31
59317,ACKZS6A0030ANGS,SIDE COVER RIGHT NH-1-ACKZS6A0030ANGS,,Parts,HHML Parts,Pcs.,,,,,,1,2026-08-06 08:11:37,2026-08-06 18:09:31
59362,ACKZS6A0040ANGS,SIDE COVER LEFT NH-1-ACKZS6A0040ANGS,,Parts,HHML Parts,Pcs.,,,,,,1,2026-08-06 08:11:37,2026-08-06 18:09:31
59377,ACKZS6A0050ANGS,COWL REAR RIGHT NH-1-ACKZS6A0050ANGS,,Parts,HHML Parts,Pcs.,,,,,,1,2026-08-06 08:11:37,2026-08-06 18:09:31
59255,ACKZS6A0060ANGS,COWL REAR LEFT NH-1-ACKZS6A0060ANGS,,Parts,HHML Parts,Pcs.,,,,,,1,2026-08-06 08:11:37,2026-08-06 18:09:31
59325,ACKZS6A0070ANGS,VISOR FRONT NH-1-ACKZS6A0070ANGS,,Parts,HHML Parts,Pcs.,,,,,,1,2026-08-06 08:11:37,2026-08-06 18:09:31
59304,ACLAE0E000000GS,GUIDE VALVE OVERSIZE-ACLAE0E000000GS,,Parts,HHML Parts,Pcs.,,,,,,1,2026-08-06 08:11:37,2026-08-06 18:09:31
59444,ACLAE1C001000GS,HEAD CYLINDER COMPLETE-ACLAE1C001000GS,,Parts,HHML Parts,Pcs.,,,,,,1,2026-08-06 08:11:37,2026-08-06 18:09:31
59469,ACVKB4H0000AHGS,VISOR FRONT SUB ASSEMBLY BL(BR)-004S(G)-ACVKB4H0000AHGS,,Parts,HHML Parts,Pcs.,,,,,,1,2026-08-06 08:11:37,2026-08-06 18:09:31
59526,ACVKB4H0000AMGS,VISOR FRONT SUB ASSEMBLY R-321-ACVKB4H0000AMGS,,Parts,HHML Parts,Pcs.,,,,,,1,2026-08-06 08:11:37,2026-08-06 18:09:31
59518,ACVKB4H0000ANGS,VISOR FRONT SUB ASSEMBLY NH-1-ACVKB4H0000ANGS,,Parts,HHML Parts,Pcs.,,,,,,1,2026-08-06 08:11:37,2026-08-06 18:09:31
59513,ACVKB4H0000ASGS,VISOR FRONT SUB ASSEMBLY Y-153-ACVKB4H0000ASGS,,Parts,HHML Parts,Pcs.,,,,,,1,2026-08-06 08:11:37,2026-08-06 18:09:31
59273,ACWAE0E001000GS,KIT OWC-ACWAE0E001000GS,,Parts,HHML Parts,Pcs.,,,,,,1,2026-08-06 08:11:37,2026-08-06 18:09:31
59446,ACYAB4T0120BPGS,FAIRING FRONT L SIDE SUB ASSY-ACYAB4T0120BPGS,,Parts,HHML Parts,Pcs.,,,,,,1,2026-08-06 08:11:37,2026-08-06 18:09:31
59459,ACYAB4T0130BPGS,FAIRING FRONT R SIDE SUB ASSY-ACYAB4T0130BPGS,,Parts,HHML Parts,Pcs.,,,,,,1,2026-08-06 08:11:37,2026-08-06 18:09:31
59415,ACYBE1B000000GS,CRANKCASE RH ASSY-ACYBE1B000000GS,,Parts,HHML Parts,Pcs.,,,,,,1,2026-08-06 08:11:37,2026-08-06 18:09:31
59401,ACYBE1C000000GS,CYLINDER COMP-ACYBE1C000000GS,,Parts,HHML Parts,Pcs.,,,,,,1,2026-08-06 08:11:37,2026-08-06 18:09:31
59251,ADHLA0G001000GS,KIT PUMP FUEL-ADHLA0G001000GS,,Parts,HHML Parts,Pcs.,,,,,,1,2026-08-06 08:11:37,2026-08-06 18:09:31
59370,ADHLA7N000000GS,FUEL PUMP ASSEMBLY-ADHLA7N000000GS,,Parts,HHML Parts,Pcs.,,,,,,1,2026-08-06 08:11:37,2026-08-06 18:09:31
59231,ADHLA7R000000GS,HARNESS WIRE-ADHLA7R000000GS,,Parts,HHML Parts,Pcs.,,,,,,1,2026-08-06 08:11:37,2026-08-06 18:09:31
59242,ADHLB4E001000GS,CHROME COVER UTILITY LEFT-ADHLB4E001000GS,,Parts,HHML Parts,Pcs.,,,,,,1,2026-08-06 08:11:37,2026-08-06 18:09:31
59350,ADHLB4E002000GS,COVER UTILITY BOX LEFT SUB ASSEMBLY-ADHLB4E002000GS,,Parts,HHML Parts,Pcs.,,,,,,1,2026-08-06 08:11:37,2026-08-06 18:09:31
59203,ADHLE1G00010099GS,HOSE A FUEL-ADHLE1G00010099GS,,Parts,HHML Parts,Pcs.,,,,,,1,2026-08-06 08:11:37,2026-08-06 18:09:31
59309,ADHLE1G00210099GS,HOSE C FUEL-ADHLE1G00210099GS,,Parts,HHML Parts,Pcs.,,,,,,1,2026-08-06 08:11:37,2026-08-06 18:09:31
59252,ADHLE1H000000GS,THROTTLE BODY ASSEMBLY-ADHLE1H000000GS,,Parts,HHML Parts,Pcs.,,,,,,1,2026-08-06 08:11:37,2026-08-06 18:09:31
59378,ADHLS6A0020ANGS,COVER SIDE RIGHT NH-1-ADHLS6A0020ANGS,,Parts,HHML Parts,Pcs.,,,,,,1,2026-08-06 08:11:37,2026-08-06 18:09:31
59330,ADHLS6A0030ANGS,COVER SIDE LEFT NH-1-ADHLS6A0030ANGS,,Parts,HHML Parts,Pcs.,,,,,,1,2026-08-06 08:11:37,2026-08-06 18:09:31
59363,ADHLS6A0040ANGS,COWL REAR RIGHT NH-1-ADHLS6A0040ANGS,,Parts,HHML Parts,Pcs.,,,,,,1,2026-08-06 08:11:37,2026-08-06 18:09:31
59305,ADHLS6A0050ANGS,COWL REAR LEFT NH-1-ADHLS6A0050ANGS,,Parts,HHML Parts,Pcs.,,,,,,1,2026-08-06 08:11:37,2026-08-06 18:09:31
59333,ADHLS6A0060ANGS,VISOR FRONT NH-1-ADHLS6A0060ANGS,,Parts,HHML Parts,Pcs.,,,,,,1,2026-08-06 08:11:37,2026-08-06 18:09:31
59310,ADHLS6B0000ANGS,STRIPE TANK FUEL RIGHT (TYPE-1)-ADHLS6B0000ANGS,,Parts,HHML Parts,Pcs.,,,,,,1,2026-08-06 08:11:37,2026-08-06 18:09:31
59232,ADHLS6B0010ANGS,STRIPE TANK FUEL LEFT (TYPE-1)-ADHLS6B0010ANGS,,Parts,HHML Parts,Pcs.,,,,,,1,2026-08-06 08:11:37,2026-08-06 18:09:31
59253,ADHLS6B0020ANGS,STRIPE SIDE COVER RIGHT (TYPE-1)-ADHLS6B0020ANGS,,Parts,HHML Parts,Pcs.,,,,,,1,2026-08-06 08:11:37,2026-08-06 18:09:31
59351,ADHLS6B0030ANGS,STRIPE SIDE COVER LEFT (TYPE-1)-ADHLS6B0030ANGS,,Parts,HHML Parts,Pcs.,,,,,,1,2026-08-06 08:11:37,2026-08-06 18:09:31
59311,ADHLS6B0040ANGS,STRIPE COWL REAR RIGHT (TYPE-1)-ADHLS6B0040ANGS,,Parts,HHML Parts,Pcs.,,,,,,1,2026-08-06 08:11:37,2026-08-06 18:09:31
59371,ADHLS6B0050ANGS,STRIPE COWL REAR LEFT (TYPE-1)-ADHLS6B0050ANGS,,Parts,HHML Parts,Pcs.,,,,,,1,2026-08-06 08:11:37,2026-08-06 18:09:31
59204,ADHLS6B0060ANGS,STRIPE VISOR FRONT RIGHT (TYPE-1)-ADHLS6B0060ANGS,,Parts,HHML Parts,Pcs.,,,,,,1,2026-08-06 08:11:37,2026-08-06 18:09:31
59233,ADHLS6B0070ANGS,STRIPE VISOR FRONT LEFT (TYPE-1)-ADHLS6B0070ANGS,,Parts,HHML Parts,Pcs.,,,,,,1,2026-08-06 08:11:37,2026-08-06 18:09:31
59521,ADJRB4A0010AYGS,TANK COMPLETE FUEL BK(BR)-008P(G)-ADJRB4A0010AYGS,,Parts,HHML Parts,Pcs.,,,,,,1,2026-08-06 08:11:37,2026-08-06 18:09:31
59447,ADJRB4A0010BFGS,TANK COMPLETE FUEL BL-002M-ADJRB4A0010BFGS,,Parts,HHML Parts,Pcs.,,,,,,1,2026-08-06 08:11:37,2026-08-06 18:09:31
59456,ADJRB4A0010BUGS,TANK COMPLETE FUEL RD(BR)-026C(G)-ADJRB4A0010BUGS,,Parts,HHML Parts,Pcs.,,,,,,1,2026-08-06 08:11:37,2026-08-06 18:09:31
59449,ADJRB4A0010DHGS,TANK COMPLETE FUEL S(DU)-013M(F)-ADJRB4A0010DHGS,,Parts,HHML Parts,Pcs.,,,,,,1,2026-08-06 08:11:37,2026-08-06 18:09:31
59396,ADJRE1C005000GS,COVER HEAD CYLINDER TOP-ADJRE1C005000GS,,Parts,HHML Parts,Pcs.,,,,,,1,2026-08-06 08:11:37,2026-08-06 18:09:31
59473,ADJRE1C006000GS,COVER HEAD CYLINDER LEFT-ADJRE1C006000GS,,Parts,HHML Parts,Pcs.,,,,,,1,2026-08-06 08:11:37,2026-08-06 18:09:31
59220,ADJRS6A0140DYGS,TANK FUEL NH-303M-ADJRS6A0140DYGS,,Parts,HHML Parts,Pcs.,,,,,,1,2026-08-06 08:11:37,2026-08-06 18:09:31
59254,ADJSA7L000000GS,SWITCH WINKER ASSEMBLY-ADJSA7L000000GS,,Parts,HHML Parts,Pcs.,,,,,,1,2026-08-06 08:11:37,2026-08-06 18:09:31
59312,ADJSA7L003000GS,SWITCH START AND THROTTLE ASSEMBLY-ADJSA7L003000GS,,Parts,HHML Parts,Pcs.,,,,,,1,2026-08-06 08:11:37,2026-08-06 18:09:31
59205,ADJSA7P000000GS,SENSOR POSITION GEAR-ADJSA7P000000GS,,Parts,HHML Parts,Pcs.,,,,,,1,2026-08-06 08:11:37,2026-08-06 18:09:31
59372,ADJSA7R000000GS,HARNESS WIRE-ADJSA7R000000GS,,Parts,HHML Parts,Pcs.,,,,,,1,2026-08-06 08:11:37,2026-08-06 18:09:31
59234,ADJSC3E004000GS,SENSOR TPMS ASSEMBLY-ADJSC3E004000GS,,Parts,HHML Parts,Pcs.,,,,,,1,2026-08-06 08:11:37,2026-08-06 18:09:31
59416,ADJTA7N001000GS,SENSOR FUEL LEVEL-ADJTA7N001000GS,,Parts,HHML Parts,Pcs.,,,,,,1,2026-08-06 08:11:37,2026-08-06 18:09:31
59417,ADJTA7N002000GS,KIT PUMP FUEL-ADJTA7N002000GS,,Parts,HHML Parts,Pcs.,,,,,,1,2026-08-06 08:11:37,2026-08-06 18:09:31
59431,ADKBS6A0010AZGS,SET FUEL TANK (CANDY BLAZING RED)-ADKBS6A0010AZGS,,Parts,HHML Parts,Pcs.,,,,,,1,2026-08-06 08:11:37,2026-08-06 18:09:31
59422,ADKBS6A0010BAGS,SET FUEL TANK (RBL)-ADKBS6A0010BAGS,,Parts,HHML Parts,Pcs.,,,,,,1,2026-08-06 08:11:37,2026-08-06 18:09:31
59391,ADLAB4A0030ANGS,TANK FUEL COMP NH-1-ADLAB4A0030ANGS,,Parts,HHML Parts,Pcs.,,,,,,1,2026-08-06 08:11:37,2026-08-06 18:09:31
59386,ADLAB4A0030ARGS,TANK FUEL COMP RD(BR)-021P(G)-ADLAB4A0030ARGS,,Parts,HHML Parts,Pcs.,,,,,,1,2026-08-06 08:11:37,2026-08-06 18:09:31
59425,ADLAB4A0030BGGS,TANK FUEL COMP NH-341P-ADLAB4A0030BGGS,,Parts,HHML Parts,Pcs.,,,,,,1,2026-08-06 08:11:37,2026-08-06 18:09:31
59428,ADLAB4A0030BPGS,TANK FUEL COMP G(D)-009S(G)-ADLAB4A0030BPGS,,Parts,HHML Parts,Pcs.,,,,,,1,2026-08-06 08:11:37,2026-08-06 18:09:31
59419,ADRKB4A0010BGGS,TANK FUEL COMPLETE NH-341P-ADRKB4A0010BGGS,,Parts,HHML Parts,Pcs.,,,,,,1,2026-08-06 08:11:37,2026-08-06 18:09:31
59380,ADRKB4A0010XCGS,TANK FUEL COMPLETE BL-002M&(NH-1)-ADRKB4A0010XCGS,,Parts,HHML Parts,Pcs.,,,,,,1,2026-08-06 08:11:37,2026-08-06 18:09:31
59399,ADRKB4A0010XDGS,TANK FUEL COMPLETE NH-1(T1)&(R-321)-ADRKB4A0010XDGS,,Parts,HHML Parts,Pcs.,,,,,,1,2026-08-06 08:11:37,2026-08-06 18:09:31
59388,ADRKB4A0010XEGS,TANK FUEL COMPLETE NH-1(T2)&{G(D)-009S(G-ADRKB4A0010XEGS,,Parts,HHML Parts,Pcs.,,,,,,1,2026-08-06 08:11:37,2026-08-06 18:09:31
59421,ADRKB4A0010XFGS,TANK FUEL COMPLETE BL(BR)-013M(G)&NH-341-ADRKB4A0010XFGS,,Parts,HHML Parts,Pcs.,,,,,,1,2026-08-06 08:11:37,2026-08-06 18:09:31
59407,ADRKB4A0010XGGS,TANK FUEL COMPLETE NH-341P(T1)&SG-013M-ADRKB4A0010XGGS,,Parts,HHML Parts,Pcs.,,,,,,1,2026-08-06 08:11:37,2026-08-06 18:09:31
59453,ADTAA7Y000000GS,DIAL DESIGN PILOT ASSEMBLY-ADTAA7Y000000GS,,Parts,HHML Parts,Pcs.,,,,,,1,2026-08-06 08:11:37,2026-08-06 18:09:31
59260,B1ATA7R000000GS,HARNESS WIRE LX-B1ATA7R000000GS,,Parts,HHML Parts,Pcs.,,,,,,1,2026-08-06 08:11:37,2026-08-06 18:09:31
59295,B1ATS6A0000AZGS,BODY SIDE RIGHT R-195C-B1ATS6A0000AZGS,,Parts,HHML Parts,Pcs.,,,,,,1,2026-08-06 08:11:37,2026-08-06 18:09:31
59336,B1ATS6A0000BGGS,BODY SIDE RIGHT NH-341P-B1ATS6A0000BGGS,,Parts,HHML Parts,Pcs.,,,,,,1,2026-08-06 08:11:37,2026-08-06 18:09:31
59285,B1ATS6A0010AZGS,BODY SIDE LEFT R-195C-B1ATS6A0010AZGS,,Parts,HHML Parts,Pcs.,,,,,,1,2026-08-06 08:11:37,2026-08-06 18:09:31
59284,B1ATS6A0010BGGS,BODY SIDE LEFT NH-341P-B1ATS6A0010BGGS,,Parts,HHML Parts,Pcs.,,,,,,1,2026-08-06 08:11:37,2026-08-06 18:09:31
59296,B1ATS6A0040AFGS,BODY SIDE RIGHT S(D)-014M(G)-B1ATS6A0040AFGS,,Parts,HHML Parts,Pcs.,,,,,,1,2026-08-06 08:11:37,2026-08-06 18:09:31
59211,B1ATS6A0040BGGS,BODY SIDE RIGHT NH-341P-B1ATS6A0040BGGS,,Parts,HHML Parts,Pcs.,,,,,,1,2026-08-06 08:11:37,2026-08-06 18:09:31
59337,B1ATS6A0050AFGS,BODY SIDE LEFT S(D)-014M(G)-B1ATS6A0050AFGS,,Parts,HHML Parts,Pcs.,,,,,,1,2026-08-06 08:11:37,2026-08-06 18:09:31
59338,B1ATS6A0050BGGS,BODY SIDE LEFT NH-341P-B1ATS6A0050BGGS,,Parts,HHML Parts,Pcs.,,,,,,1,2026-08-06 08:11:37,2026-08-06 18:09:31
59287,B1AWS6A0000AZGS,BODY SIDE RIGHT R-195C-B1AWS6A0000AZGS,,Parts,HHML Parts,Pcs.,,,,,,1,2026-08-06 08:11:37,2026-08-06 18:09:31
59197,B1AWS6A0000BDGS,BODY SIDE RIGHT PB-374M-B1AWS6A0000BDGS,,Parts,HHML Parts,Pcs.,,,,,,1,2026-08-06 08:11:37,2026-08-06 18:09:31
59219,B1AWS6A0000BJGS,BODY SIDE RIGHT BL(BR)-023M(G)-B1AWS6A0000BJGS,,Parts,HHML Parts,Pcs.,,,,,,1,2026-08-06 08:11:37,2026-08-06 18:09:31
59288,B1AWS6A0000DYGS,BODY SIDE RIGHT NH-303M-B1AWS6A0000DYGS,,Parts,HHML Parts,Pcs.,,,,,,1,2026-08-06 08:11:37,2026-08-06 18:09:31
59281,B1AWS6A0000ENGS,BODY SIDE RIGHT YL(BR)-007S(F)-B1AWS6A0000ENGS,,Parts,HHML Parts,Pcs.,,,,,,1,2026-08-06 08:11:37,2026-08-06 18:09:31
59193,B1AWS6A0000HJGS,BODY SIDE RIGHT NH-303M (T1)-B1AWS6A0000HJGS,,Parts,HHML Parts,Pcs.,,,,,,1,2026-08-06 08:11:37,2026-08-06 18:09:31
59239,B1AWS6A0010AZGS,BODY SIDE LEFT R-195C-B1AWS6A0010AZGS,,Parts,HHML Parts,Pcs.,,,,,,1,2026-08-06 08:11:37,2026-08-06 18:09:31
59289,B1AWS6A0010BDGS,BODY SIDE LEFT PB-374M-B1AWS6A0010BDGS,,Parts,HHML Parts,Pcs.,,,,,,1,2026-08-06 08:11:37,2026-08-06 18:09:31
59198,B1AWS6A0010BJGS,BODY SIDE LEFT BL(BR)-023M(G)-B1AWS6A0010BJGS,,Parts,HHML Parts,Pcs.,,,,,,1,2026-08-06 08:11:37,2026-08-06 18:09:31
59290,B1AWS6A0010DYGS,BODY SIDE LEFT NH-303M-B1AWS6A0010DYGS,,Parts,HHML Parts,Pcs.,,,,,,1,2026-08-06 08:11:37,2026-08-06 18:09:31
59291,B1AWS6A0010ENGS,BODY SIDE LEFT YL(BR)-007S(F)-B1AWS6A0010ENGS,,Parts,HHML Parts,Pcs.,,,,,,1,2026-08-06 08:11:37,2026-08-06 18:09:31
59199,B1AWS6A0010HJGS,BODY SIDE LEFT NH-303M (T1)-B1AWS6A0010HJGS,,Parts,HHML Parts,Pcs.,,,,,,1,2026-08-06 08:11:37,2026-08-06 18:09:31
59286,B1AWS6A0020AZGS,FENDER FRONT R-195C-B1AWS6A0020AZGS,,Parts,HHML Parts,Pcs.,,,,,,1,2026-08-06 08:11:37,2026-08-06 18:09:31
59259,B1AWS6A0020BDGS,FENDER FRONT PB-374M-B1AWS6A0020BDGS,,Parts,HHML Parts,Pcs.,,,,,,1,2026-08-06 08:11:37,2026-08-06 18:09:31
59215,B1AWS6A0020BJGS,FENDER FRONT BL(BR)-023M(G)-B1AWS6A0020BJGS,,Parts,HHML Parts,Pcs.,,,,,,1,2026-08-06 08:11:37,2026-08-06 18:09:31
59339,B1AWS6A0020DYGS,FENDER FRONT NH-303M-B1AWS6A0020DYGS,,Parts,HHML Parts,Pcs.,,,,,,1,2026-08-06 08:11:37,2026-08-06 18:09:31
59264,B1AWS6A0020ENGS,FENDER FRONT YL(BR)-007S(F)-B1AWS6A0020ENGS,,Parts,HHML Parts,Pcs.,,,,,,1,2026-08-06 08:11:37,2026-08-06 18:09:31
59345,B1AWS6A0020HJGS,FENDER FRONT NH-303M (T1)-B1AWS6A0020HJGS,,Parts,HHML Parts,Pcs.,,,,,,1,2026-08-06 08:11:37,2026-08-06 18:09:31
59265,B1AWS6A0030AZGS,COVER FRONT LOWER RIGHT R-195C-B1AWS6A0030AZGS,,Parts,HHML Parts,Pcs.,,,,,,1,2026-08-06 08:11:37,2026-08-06 18:09:31
59266,B1AWS6A0030BDGS,COVER FRONT LOWER RIGHT PB-374M-B1AWS6A0030BDGS,,Parts,HHML Parts,Pcs.,,,,,,1,2026-08-06 08:11:37,2026-08-06 18:09:31
59346,B1AWS6A0030BJGS,COVER FRONT LOWER RIGHT (BR)-023M(G)-B1AWS6A0030BJGS,,Parts,HHML Parts,Pcs.,,,,,,1,2026-08-06 08:11:37,2026-08-06 18:09:31
59222,B1AWS6A0030DYGS,COVER FRONT LOWER RIGHT NH-303M-B1AWS6A0030DYGS,,Parts,HHML Parts,Pcs.,,,,,,1,2026-08-06 08:11:37,2026-08-06 18:09:31
59267,B1AWS6A0030ENGS,COVER FRONT LOWER RIGHT YL(BR)-007S(F)-B1AWS6A0030ENGS,,Parts,HHML Parts,Pcs.,,,,,,1,2026-08-06 08:11:37,2026-08-06 18:09:31
59347,B1AWS6A0030HJGS,COVER FRONT LOWER RIGHT NH-303M (T1)-B1AWS6A0030HJGS,,Parts,HHML Parts,Pcs.,,,,,,1,2026-08-06 08:11:37,2026-08-06 18:09:31
59268,B1AWS6A0040AZGS,COVER FRONT LOWER LEFT R-195C-B1AWS6A0040AZGS,,Parts,HHML Parts,Pcs.,,,,,,1,2026-08-06 08:11:37,2026-08-06 18:09:31
59348,B1AWS6A0040BDGS,COVER FRONT LOWER LEFT PB-374M-B1AWS6A0040BDGS,,Parts,HHML Parts,Pcs.,,,,,,1,2026-08-06 08:11:37,2026-08-06 18:09:31
59269,B1AWS6A0040BJGS,COVER FRONT LOWER LEFT (BR)-023M(G)-B1AWS6A0040BJGS,,Parts,HHML Parts,Pcs.,,,,,,1,2026-08-06 08:11:37,2026-08-06 18:09:31
59223,B1AWS6A0040DYGS,COVER FRONT LOWER LEFT NH-303M-B1AWS6A0040DYGS,,Parts,HHML Parts,Pcs.,,,,,,1,2026-08-06 08:11:37,2026-08-06 18:09:31
59349,B1AWS6A0040ENGS,COVER FRONT LOWER LEFT YL(BR)-007S(F)-B1AWS6A0040ENGS,,Parts,HHML Parts,Pcs.,,,,,,1,2026-08-06 08:11:37,2026-08-06 18:09:31
59270,B1AWS6A0040HJGS,COVER FRONT LOWER LEFT NH-303M (T1)-B1AWS6A0040HJGS,,Parts,HHML Parts,Pcs.,,,,,,1,2026-08-06 08:11:37,2026-08-06 18:09:31
59271,B1AWS6A0050HHGS,FENDER FRONT NH-303M (T2)-B1AWS6A0050HHGS,,Parts,HHML Parts,Pcs.,,,,,,1,2026-08-06 08:11:37,2026-08-06 18:09:31
59224,B1AWS6A0060HHGS,COVER FRONT LOWER RIGHT NH-303M (T2)-B1AWS6A0060HHGS,,Parts,HHML Parts,Pcs.,,,,,,1,2026-08-06 08:11:37,2026-08-06 18:09:31
59272,B1AWS6A0070HHGS,COVER FRONT LOWER LEFT NH-303M (T2)-B1AWS6A0070HHGS,,Parts,HHML Parts,Pcs.,,,,,,1,2026-08-06 08:11:37,2026-08-06 18:09:31
59292,B1AWS6A0080HHGS,BODY SIDE RIGHT NH-303M (T2)-B1AWS6A0080HHGS,,Parts,HHML Parts,Pcs.,,,,,,1,2026-08-06 08:11:37,2026-08-06 18:09:31
59194,B1AWS6A0090HHGS,BODY SIDE LEFT NH-303M (T2)-B1AWS6A0090HHGS,,Parts,HHML Parts,Pcs.,,,,,,1,2026-08-06 08:11:37,2026-08-06 18:09:31
59361,B1BBA7Y00000099GS,METER COMB ASSEMBLY-B1BBA7Y00000099GS,,Parts,HHML Parts,Pcs.,,,,,,1,2026-08-06 08:11:37,2026-08-06 18:09:31
59357,B1BBS6A0020AFGS,TANK FUEL S(D)-014M(G)-B1BBS6A0020AFGS,,Parts,HHML Parts,Pcs.,,,,,,1,2026-08-06 08:11:37,2026-08-06 18:09:31
59356,B1BRS6A0000EVGS,COVER FRONT UPPER MATT CHESTNUT BRONZE-B1BRS6A0000EVGS,,Parts,HHML Parts,Pcs.,,,,,,1,2026-08-06 08:11:37,2026-08-06 18:09:31
59323,B1BRS6A0010EVGS,BODY SIDE RIGHT MATT CHESTNUT BRONZE-B1BRS6A0010EVGS,,Parts,HHML Parts,Pcs.,,,,,,1,2026-08-06 08:11:37,2026-08-06 18:09:31
59240,B1BRS6A0020EVGS,BODY SIDE LEFT MATT CHESTNUT BRONZE-B1BRS6A0020EVGS,,Parts,HHML Parts,Pcs.,,,,,,1,2026-08-06 08:11:37,2026-08-06 18:09:31
59364,C1ABS6A0020ALGS,FUEL TANK PEARL SILVER WHITE EX SPARKLE-C1ABS6A0020ALGS,,Parts,HHML Parts,Pcs.,,,,,,1,2026-08-06 08:11:37,2026-08-06 18:09:31
59354,C1ABS6A0020ANGS,FUEL TANK BLACK-C1ABS6A0020ANGS,,Parts,HHML Parts,Pcs.,,,,,,1,2026-08-06 08:11:37,2026-08-06 18:09:31
59306,C1ABS6A0020AZGS,FUEL TANK CANDY BLAZING RED-C1ABS6A0020AZGS,,Parts,HHML Parts,Pcs.,,,,,,1,2026-08-06 08:11:37,2026-08-06 18:09:31
59331,C1ABS6A0020BDGS,FUEL TANK VIBRANT BLUE METALLIC-C1ABS6A0020BDGS,,Parts,HHML Parts,Pcs.,,,,,,1,2026-08-06 08:11:37,2026-08-06 18:09:31
59256,C1ABS6A0030ALGS,COWL FRONT WH-004P-C1ABS6A0030ALGS,,Parts,HHML Parts,Pcs.,,,,,,1,2026-08-06 08:11:37,2026-08-06 18:09:31
59326,C1ABS6A0030ANGS,COWL FRONT NH-1-C1ABS6A0030ANGS,,Parts,HHML Parts,Pcs.,,,,,,1,2026-08-06 08:11:37,2026-08-06 18:09:31
59365,C1ABS6A0030AZGS,COWL FRONT R-195C-C1ABS6A0030AZGS,,Parts,HHML Parts,Pcs.,,,,,,1,2026-08-06 08:11:37,2026-08-06 18:09:31
59307,C1ABS6A0030BDGS,COWL FRONT PB-374M-C1ABS6A0030BDGS,,Parts,HHML Parts,Pcs.,,,,,,1,2026-08-06 08:11:37,2026-08-06 18:09:31
59355,C1ABS6A0060ALGS,TANK FUEL WH-004P-C1ABS6A0060ALGS,,Parts,HHML Parts,Pcs.,,,,,,1,2026-08-06 08:11:37,2026-08-06 18:09:31
59332,C1ABS6A0060ANGS,TANK FUEL NH-1-C1ABS6A0060ANGS,,Parts,HHML Parts,Pcs.,,,,,,1,2026-08-06 08:11:37,2026-08-06 18:09:31
59308,C1ABS6A0060AZGS,TANK FUEL R-195C-C1ABS6A0060AZGS,,Parts,HHML Parts,Pcs.,,,,,,1,2026-08-06 08:11:37,2026-08-06 18:09:31
59257,C1ABS6A0060BDGS,TANK FUEL PB-374M-C1ABS6A0060BDGS,,Parts,HHML Parts,Pcs.,,,,,,1,2026-08-06 08:11:37,2026-08-06 18:09:31
59316,C1ABS6B0000ALGS,STRIPE TANK FUEL RIGHT (TYPE-4)-C1ABS6B0000ALGS,,Parts,HHML Parts,Pcs.,,,,,,1,2026-08-06 08:11:37,2026-08-06 18:09:31
59200,C1ABS6B0000ANGS,STRIPE TANK FUEL RIGHT (TYPE-1)-C1ABS6B0000ANGS,,Parts,HHML Parts,Pcs.,,,,,,1,2026-08-06 08:11:37,2026-08-06 18:09:31
59315,C1ABS6B0000AZGS,STRIPE TANK FUEL RIGHT (TYPE-2)-C1ABS6B0000AZGS,,Parts,HHML Parts,Pcs.,,,,,,1,2026-08-06 08:11:37,2026-08-06 18:09:31
59225,C1ABS6B0000BDGS,STRIPE TANK FUEL RIGHT (TYPE-3)-C1ABS6B0000BDGS,,Parts,HHML Parts,Pcs.,,,,,,1,2026-08-06 08:11:37,2026-08-06 18:09:31
59277,C1ABS6B0010ALGS,STRIPE TANK FUEL LEFT (TYPE-4)-C1ABS6B0010ALGS,,Parts,HHML Parts,Pcs.,,,,,,1,2026-08-06 08:11:37,2026-08-06 18:09:31
59243,C1ABS6B0010ANGS,STRIPE TANK FUEL LEFT (TYPE-1)-C1ABS6B0010ANGS,,Parts,HHML Parts,Pcs.,,,,,,1,2026-08-06 08:11:37,2026-08-06 18:09:31
59319,C1ABS6B0010AZGS,STRIPE TANK FUEL LEFT (TYPE-2)-C1ABS6B0010AZGS,,Parts,HHML Parts,Pcs.,,,,,,1,2026-08-06 08:11:37,2026-08-06 18:09:31
59318,C1ABS6B0010BDGS,STRIPE TANK FUEL LEFT (TYPE-3)-C1ABS6B0010BDGS,,Parts,HHML Parts,Pcs.,,,,,,1,2026-08-06 08:11:37,2026-08-06 18:09:31
59373,C1ABS6B0020ALGS,STRIPE A FUEL TANK RIGHT (TYPE-4)-C1ABS6B0020ALGS,,Parts,HHML Parts,Pcs.,,,,,,1,2026-08-06 08:11:37,2026-08-06 18:09:31
59313,C1ABS6B0020ANGS,STRIPE A FUEL TANK RIGHT (TYPE-1)-C1ABS6B0020ANGS,,Parts,HHML Parts,Pcs.,,,,,,1,2026-08-06 08:11:37,2026-08-06 18:09:31
59235,C1ABS6B0020AZGS,STRIPE A FUEL TANK RIGHT (TYPE-2)-C1ABS6B0020AZGS,,Parts,HHML Parts,Pcs.,,,,,,1,2026-08-06 08:11:37,2026-08-06 18:09:31
59297,C1ABS6B0020BDGS,STRIPE A FUEL TANK RIGHT (TYPE-3)-C1ABS6B0020BDGS,,Parts,HHML Parts,Pcs.,,,,,,1,2026-08-06 08:11:37,2026-08-06 18:09:31
59206,C1ABS6B0030ALGS,STRIPE A FUEL TANK LEFT (TYPE-4)-C1ABS6B0030ALGS,,Parts,HHML Parts,Pcs.,,,,,,1,2026-08-06 08:11:37,2026-08-06 18:09:31
59261,C1ABS6B0030ANGS,STRIPE A FUEL TANK LEFT (TYPE-1)-C1ABS6B0030ANGS,,Parts,HHML Parts,Pcs.,,,,,,1,2026-08-06 08:11:37,2026-08-06 18:09:31
59314,C1ABS6B0030AZGS,STRIPE A FUEL TANK LEFT (TYPE-2)-C1ABS6B0030AZGS,,Parts,HHML Parts,Pcs.,,,,,,1,2026-08-06 08:11:37,2026-08-06 18:09:31
59374,C1ABS6B0030BDGS,STRIPE A FUEL TANK LEFT (TYPE-3)-C1ABS6B0030BDGS,,Parts,HHML Parts,Pcs.,,,,,,1,2026-08-06 08:11:37,2026-08-06 18:09:31
59236,C1ABS6B0040ALGS,STRIPE TANK FUEL TOP (TYPE-4)-C1ABS6B0040ALGS,,Parts,HHML Parts,Pcs.,,,,,,1,2026-08-06 08:11:37,2026-08-06 18:09:31
59298,C1ABS6B0040ANGS,STRIPE TANK FUEL TOP (TYPE-1)-C1ABS6B0040ANGS,,Parts,HHML Parts,Pcs.,,,,,,1,2026-08-06 08:11:37,2026-08-06 18:09:31
59207,C1ABS6B0040AZGS,STRIPE TANK FUEL TOP (TYPE-2)-C1ABS6B0040AZGS,,Parts,HHML Parts,Pcs.,,,,,,1,2026-08-06 08:11:37,2026-08-06 18:09:31
59262,C1ABS6B0040BDGS,STRIPE TANK FUEL TOP (TYPE-3)-C1ABS6B0040BDGS,,Parts,HHML Parts,Pcs.,,,,,,1,2026-08-06 08:11:37,2026-08-06 18:09:31
59212,C1ABS6B0050ALGS,STRIPE SIDE COVER RIGHT (TYPE-4)-C1ABS6B0050ALGS,,Parts,HHML Parts,Pcs.,,,,,,1,2026-08-06 08:11:37,2026-08-06 18:09:31
59278,C1ABS6B0050ANGS,STRIPE SIDE COVER RIGHT (TYPE-1)-C1ABS6B0050ANGS,,Parts,HHML Parts,Pcs.,,,,,,1,2026-08-06 08:11:37,2026-08-06 18:09:31
59244,C1ABS6B0050AZGS,STRIPE SIDE COVER RIGHT (TYPE-2)-C1ABS6B0050AZGS,,Parts,HHML Parts,Pcs.,,,,,,1,2026-08-06 08:11:37,2026-08-06 18:09:31
59320,C1ABS6B0050BDGS,STRIPE SIDE COVER RIGHT (TYPE-3)-C1ABS6B0050BDGS,,Parts,HHML Parts,Pcs.,,,,,,1,2026-08-06 08:11:37,2026-08-06 18:09:31
59321,C1ABS6B0060ALGS,STRIPE SIDE COVER LEFT-C1ABS6B0060ALGS,,Parts,HHML Parts,Pcs.,,,,,,1,2026-08-06 08:11:37,2026-08-06 18:09:31
59213,C1ABS6B0060ANGS,STRIPE SIDE COVER LEFT-C1ABS6B0060ANGS,,Parts,HHML Parts,Pcs.,,,,,,1,2026-08-06 08:11:37,2026-08-06 18:09:31
59279,C1ABS6B0060AZGS,STRIPE SIDE COVER LEFT-C1ABS6B0060AZGS,,Parts,HHML Parts,Pcs.,,,,,,1,2026-08-06 08:11:37,2026-08-06 18:09:31
59245,C1ABS6B0060BDGS,STRIPE SIDE COVER LEFT-C1ABS6B0060BDGS,,Parts,HHML Parts,Pcs.,,,,,,1,2026-08-06 08:11:37,2026-08-06 18:09:31
59340,C1ABS6B0070ALGS,STRIPE COWL FRONT RIGHT (TYPE-4)-C1ABS6B0070ALGS,,Parts,HHML Parts,Pcs.,,,,,,1,2026-08-06 08:11:37,2026-08-06 18:09:31
59375,C1ABS6B0070ANGS,STRIPE COWL FRONT RIGHT (TYPE-1)-C1ABS6B0070ANGS,,Parts,HHML Parts,Pcs.,,,,,,1,2026-08-06 08:11:37,2026-08-06 18:09:31
59299,C1ABS6B0070AZGS,STRIPE COWL FRONT RIGHT (TYPE-2)-C1ABS6B0070AZGS,,Parts,HHML Parts,Pcs.,,,,,,1,2026-08-06 08:11:37,2026-08-06 18:09:31
59237,C1ABS6B0070BDGS,STRIPE COWL FRONT RIGHT (TYPE-3)-C1ABS6B0070BDGS,,Parts,HHML Parts,Pcs.,,,,,,1,2026-08-06 08:11:37,2026-08-06 18:09:31
59208,C1ABS6B0080ALGS,STRIPE COWL FRONT LEFT (TYPE-4)-C1ABS6B0080ALGS,,Parts,HHML Parts,Pcs.,,,,,,1,2026-08-06 08:11:37,2026-08-06 18:09:31
59263,C1ABS6B0080ANGS,STRIPE COWL FRONT LEFT (TYPE-1)-C1ABS6B0080ANGS,,Parts,HHML Parts,Pcs.,,,,,,1,2026-08-06 08:11:37,2026-08-06 18:09:31
59376,C1ABS6B0080AZGS,STRIPE COWL FRONT LEFT (TYPE-2)-C1ABS6B0080AZGS,,Parts,HHML Parts,Pcs.,,,,,,1,2026-08-06 08:11:37,2026-08-06 18:09:31
59341,C1ABS6B0080BDGS,STRIPE COWL FRONT LEFT (TYPE-3)-C1ABS6B0080BDGS,,Parts,HHML Parts,Pcs.,,,,,,1,2026-08-06 08:11:37,2026-08-06 18:09:31
59322,C1ABS6B0090ALGS,STRIPE COWL REAR RIGHT (TYPE-4)-C1ABS6B0090ALGS,,Parts,HHML Parts,Pcs.,,,,,,1,2026-08-06 08:11:37,2026-08-06 18:09:31
59214,C1ABS6B0090ANGS,STRIPE COWL REAR RIGHT (TYPE-1)-C1ABS6B0090ANGS,,Parts,HHML Parts,Pcs.,,,,,,1,2026-08-06 08:11:37,2026-08-06 18:09:31
59327,C1ABS6B0090AZGS,STRIPE COWL REAR RIGHT (TYPE-2)-C1ABS6B0090AZGS,,Parts,HHML Parts,Pcs.,,,,,,1,2026-08-06 08:11:37,2026-08-06 18:09:31
59328,C1ABS6B0090BDGS,STRIPE COWL REAR RIGHT (TYPE-3)-C1ABS6B0090BDGS,,Parts,HHML Parts,Pcs.,,,,,,1,2026-08-06 08:11:37,2026-08-06 18:09:31
59226,C1ABS6B0100ALGS,STRIPE COWL REAR LEFT-C1ABS6B0100ALGS,,Parts,HHML Parts,Pcs.,,,,,,1,2026-08-06 08:11:37,2026-08-06 18:09:31
59280,C1ABS6B0100ANGS,STRIPE COWL REAR LEFT-C1ABS6B0100ANGS,,Parts,HHML Parts,Pcs.,,,,,,1,2026-08-06 08:11:37,2026-08-06 18:09:31
59329,C1ABS6B0100AZGS,STRIPE COWL REAR LEFT-C1ABS6B0100AZGS,,Parts,HHML Parts,Pcs.,,,,,,1,2026-08-06 08:11:37,2026-08-06 18:09:31
59249,C1ABS6B0100BDGS,STRIPE COWL REAR LEFT-C1ABS6B0100BDGS,,Parts,HHML Parts,Pcs.,,,,,,1,2026-08-06 08:11:37,2026-08-06 18:09:31
60007,HMCL041519801,CAM SPROCKET DRIVER-HMCL041519801,,Parts,HHML Parts,Pcs.,,,,,,1,2026-08-06 08:11:37,2026-08-06 18:09:31
59777,K12121AAHRD00S,Cylinder Kit-K12121AAHRD00S,,Parts,HHML Parts,Pcs.,,,,,,1,2026-08-06 08:11:37,2026-08-06 18:09:31
59241,K12121AAJWA00S,CYLINDER KIT-K12121AAJWA00S,,Parts,HHML Parts,Pcs.,,,,,,1,2026-08-06 08:11:37,2026-08-06 18:09:31
59432,K12121ABRA000S,KIT CYLINDER-K12121ABRA000S,,Parts,HHML Parts,Pcs.,,,,,,1,2026-08-06 08:11:37,2026-08-06 18:09:31
59940,K12121KTCE940SVS,KIT  GASKET-K12121KTCE940SVS,,Parts,HHML Parts,Pcs.,,,,,,1,2026-08-06 08:11:37,2026-08-06 18:09:31
59937,K12121KTPE901S,"""""KIT, CYLINDER""""-K12121KTPE901S",,Parts,HHML Parts,Pcs.,,,,,,1,2026-08-06 08:11:37,2026-08-06 18:09:31
59709,K12122AAJPA00S,KIT GASKET-K12122AAJPA00S,,Parts,HHML Parts,Pcs.,,,,,,1,2026-08-06 08:11:37,2026-08-06 18:09:31
59734,K12123AALK800S,GASKET KIT-K12123AALK800S,,Parts,HHML Parts,Pcs.,,,,,,1,2026-08-06 08:11:37,2026-08-06 18:09:31
59702,K12123AAWD300S,GASKET KIT-K12123AAWD300S,,Parts,HHML Parts,Pcs.,,,,,,1,2026-08-06 08:11:37,2026-08-06 18:09:31
59710,K12123AAWD300SS,GASKET KIT-K12123AAWD300SS,,Parts,HHML Parts,Pcs.,,,,,,1,2026-08-06 08:11:37,2026-08-06 18:09:31
59947,K12123HF100DSVS,KIT  GASKET-K12123HF100DSVS,,Parts,HHML Parts,Pcs.,,,,,,1,2026-08-06 08:11:37,2026-08-06 18:09:31
59749,K13130AAHPC00S,PISTON & RING SET KIT OVER SIZE 0.25-K13130AAHPC00S,,Parts,HHML Parts,Pcs.,,,,,,1,2026-08-06 08:11:37,2026-08-06 18:09:31
59745,K13130AAHPC01S,PISTON & RING SET KIT OVER SIZE 0.50-K13130AAHPC01S,,Parts,HHML Parts,Pcs.,,,,,,1,2026-08-06 08:11:37,2026-08-06 18:09:31
59711,K13130AALD200S,PISTON & RING SET KIT OVER SIZE 0.25-K13130AALD200S,,Parts,HHML Parts,Pcs.,,,,,,1,2026-08-06 08:11:37,2026-08-06 18:09:31
59720,K13130AALD201S,PISTON & RING SET KIT OVER SIZE 0.50-K13130AALD201S,,Parts,HHML Parts,Pcs.,,,,,,1,2026-08-06 08:11:37,2026-08-06 18:09:31
59727,K13130AAWTG00S,PISTON & RING SET KIT OVER SIZE 0.25-K13130AAWTG00S,,Parts,HHML Parts,Pcs.,,,,,,1,2026-08-06 08:11:37,2026-08-06 18:09:31
59750,K13130AAWTG01S,PISTON & RING SET KIT OVER SIZE 0.50-K13130AAWTG01S,,Parts,HHML Parts,Pcs.,,,,,,1,2026-08-06 08:11:37,2026-08-06 18:09:31
59721,K13131AAGF400S,PISTON & RING SET KIT OVER SIZE 0.25-K13131AAGF400S,,Parts,HHML Parts,Pcs.,,,,,,1,2026-08-06 08:11:37,2026-08-06 18:09:31
59736,K13131AAGF401S,PISTON & RING SET KIT OVER SIZE 0.50-K13131AAGF401S,,Parts,HHML Parts,Pcs.,,,,,,1,2026-08-06 08:11:37,2026-08-06 18:09:31
59712,K13131AAMB010S,PISTON & RING SET KIT OVER SIZE 0.25-K13131AAMB010S,,Parts,HHML Parts,Pcs.,,,,,,1,2026-08-06 08:11:37,2026-08-06 18:09:31
59746,K13131AAMB011S,PISTON & RING SET KIT OVER SIZE 0.50-K13131AAMB011S,,Parts,HHML Parts,Pcs.,,,,,,1,2026-08-06 08:11:37,2026-08-06 18:09:31
60120,K14144AADE302S,CAM CHAIN-K14144AADE302S,,Parts,HHML Parts,Pcs.,,,,,,1,2026-08-06 08:11:37,2026-08-06 18:09:31
59433,K14144ABRA000S,KIT CAM CHAIN-K14144ABRA000S,,Parts,HHML Parts,Pcs.,,,,,,1,2026-08-06 08:11:37,2026-08-06 18:09:31
59568,K14144ACLA001S,CAM CHAIN KIT-K14144ACLA001S,,Parts,HHML Parts,Pcs.,,,,,,1,2026-08-06 08:11:37,2026-08-06 18:09:31
59379,K14147ABRA000S,KIT VALVE-K14147ABRA000S,,Parts,HHML Parts,Pcs.,,,,,,1,2026-08-06 08:11:37,2026-08-06 18:09:31
59659,K14147ACKA000S,"KIT, VALVE-K14147ACKA000S",,Parts,HHML Parts,Pcs.,,,,,,1,2026-08-06 08:11:37,2026-08-06 18:09:31
59412,K14147ACLA001S,VALVE KIT-K14147ACLA001S,,Parts,HHML Parts,Pcs.,,,,,,1,2026-08-06 08:11:37,2026-08-06 18:09:31
59628,K16167AAEPC00SS,KIT FUEL PUMP FILTER-K16167AAEPC00SS,,Parts,HHML Parts,Pcs.,,,,,,1,2026-08-06 08:11:37,2026-08-06 18:09:31
59567,K22222ACLA001S,DISC CLUTCH FRICTION KIT-K22222ACLA001S,,Parts,HHML Parts,Pcs.,,,,,,1,2026-08-06 08:11:37,2026-08-06 18:09:31
59642,K24246ACKA000S,"""""KIT, SPINDLE COMPLETE""""-K24246ACKA000S",,Parts,HHML Parts,Pcs.,,,,,,1,2026-08-06 08:11:37,2026-08-06 18:09:31
59941,K40405KCCZ600VS,KIT CHAIN COVER-K40405KCCZ600VS,,Parts,HHML Parts,Pcs.,,,,,,1,2026-08-06 08:11:37,2026-08-06 18:09:31
59950,K40405KRYA900SVS,KIT  CHAIN COVER-K40405KRYA900SVS,,Parts,HHML Parts,Pcs.,,,,,,1,2026-08-06 08:11:37,2026-08-06 18:09:31
59943,K40405KRYA900VS,KIT CHAIN COVER-K40405KRYA900VS,,Parts,HHML Parts,Pcs.,,,,,,1,2026-08-06 08:11:37,2026-08-06 18:09:31
59944,K40405KSTG950VS,KIT CHAIN COVER-K40405KSTG950VS,,Parts,HHML Parts,Pcs.,,,,,,1,2026-08-06 08:11:37,2026-08-06 18:09:31
59948,K40405KTCF900VS,KIT CHAIN COVER-K40405KTCF900VS,,Parts,HHML Parts,Pcs.,,,,,,1,2026-08-06 08:11:37,2026-08-06 18:09:31
59951,K40405KTRA900VS,KIT CHAIN COVER-K40405KTRA900VS,,Parts,HHML Parts,Pcs.,,,,,,1,2026-08-06 08:11:37,2026-08-06 18:09:31
59946,K40405KVEA900VS,KIT CHAIN COVER-K40405KVEA900VS,,Parts,HHML Parts,Pcs.,,,,,,1,2026-08-06 08:11:37,2026-08-06 18:09:31
59949,K40405KVNA900VS,KIT CHAIN COVER-K40405KVNA900VS,,Parts,HHML Parts,Pcs.,,,,,,1,2026-08-06 08:11:37,2026-08-06 18:09:31
59942,K40405KWAA900VS,KIT CHAIN COVER-K40405KWAA900VS,,Parts,HHML Parts,Pcs.,,,,,,1,2026-08-06 08:11:37,2026-08-06 18:09:31
59573,K41412ACLA001S,CHAIN SPROCKET KIT-K41412ACLA001S,,Parts,HHML Parts,Pcs.,,,,,,1,2026-08-06 08:11:37,2026-08-06 18:09:31
59216,K41412ACYB000S,KIT CHAIN SPROCKET XPULSE 210-K41412ACYB000S,,Parts,HHML Parts,Pcs.,,,,,,1,2026-08-06 08:11:37,2026-08-06 18:09:31
59697,K42423AACG500S,K42423AACG500S,,Parts,HHML Parts,Pcs.,,,,,,1,2026-08-06 08:11:37,2026-08-06 18:09:31
59776,K42426AAJMA00S,RR WHEEL KIT-K42426AAJMA00S,,Parts,HHML Parts,Pcs.,,,,,,1,2026-08-06 08:11:37,2026-08-06 18:09:31
59703,K42426AAKRD00S,KIT WHEEL COMP. REAR-K42426AAKRD00S,,Parts,HHML Parts,Pcs.,,,,,,1,2026-08-06 08:11:37,2026-08-06 18:09:31
59571,K42426ACLA001S,WHEEL COMP REAR-K42426ACLA001S,,Parts,HHML Parts,Pcs.,,,,,,1,2026-08-06 08:11:37,2026-08-06 18:09:31
59699,K42426ADKB100S,"""""KIT, WHEEL COMP REAR""""-K42426ADKB100S",,Parts,HHML Parts,Pcs.,,,,,,1,2026-08-06 08:11:37,2026-08-06 18:09:31
59704,K44446AAKRD00S,KIT WHEEL COMP. FRONT-K44446AAKRD00S,,Parts,HHML Parts,Pcs.,,,,,,1,2026-08-06 08:11:37,2026-08-06 18:09:31
59705,K44446AAKRD10S,KIT WHEEL COMP. FRONT-K44446AAKRD10S,,Parts,HHML Parts,Pcs.,,,,,,1,2026-08-06 08:11:37,2026-08-06 18:09:31
59581,K44446ACLA001S,WHEEL COMP FRONT-K44446ACLA001S,,Parts,HHML Parts,Pcs.,,,,,,1,2026-08-06 08:11:37,2026-08-06 18:09:31
59527,K50505ABRA000S,"KIT, SIDE STAND-K50505ABRA000S",,Parts,HHML Parts,Pcs.,,,,,,1,2026-08-06 08:11:37,2026-08-06 18:09:31
59761,K50506AAJL900S,STEP L KIT-K50506AAJL900S,,Parts,HHML Parts,Pcs.,,,,,,1,2026-08-06 08:11:37,2026-08-06 18:09:31
59778,K50506AAJMA00S,"""""KIT, STEP L""""-K50506AAJMA00S",,Parts,HHML Parts,Pcs.,,,,,,1,2026-08-06 08:11:37,2026-08-06 18:09:31
59728,K50507AALK800S,KIT STEP L PILLION-K50507AALK800S,,Parts,HHML Parts,Pcs.,,,,,,1,2026-08-06 08:11:37,2026-08-06 18:09:31
59434,K53532ABRA000S,KIT BALL RACE-K53532ABRA000S,,Parts,HHML Parts,Pcs.,,,,,,1,2026-08-06 08:11:37,2026-08-06 18:09:31
59435,K55912ABRA000S,KIT OIL SEAL-K55912ABRA000S,,Parts,HHML Parts,Pcs.,,,,,,1,2026-08-06 08:11:37,2026-08-06 18:09:31
59909,K55912KTPE900S,OIL SEAL KIT (PLEASURE)-K55912KTPE900S,,Parts,HHML Parts,Pcs.,,,,,,1,2026-08-06 08:11:37,2026-08-06 18:09:31
59539,K64641ACYB000S,KIT Customization Accessory to Base-K64641ACYB000S,,Parts,HHML Parts,Pcs.,,,,,,1,2026-08-06 08:11:37,2026-08-06 18:09:31
59747,K64847AAJL900S,NUMBER PLATE KIT (FRONT & REAR)-K64847AAJL900S,,Parts,HHML Parts,Pcs.,,,,,,1,2026-08-06 08:11:37,2026-08-06 18:09:31
59713,K86502AAKC100S,COMPLETE STICKER SET-K86502AAKC100S,,Parts,HHML Parts,Pcs.,,,,,,1,2026-08-06 08:11:37,2026-08-06 18:09:31
59748,K86502AAKC101S,COMPLETE STICKER SET-K86502AAKC101S,,Parts,HHML Parts,Pcs.,,,,,,1,2026-08-06 08:11:37,2026-08-06 18:09:31
59737,K86502AAKC102S,COMPLETE STICKER SET-K86502AAKC102S,,Parts,HHML Parts,Pcs.,,,,,,1,2026-08-06 08:11:37,2026-08-06 18:09:31
59729,K86502AAKC103S,COMPLETE STICKER SET-K86502AAKC103S,,Parts,HHML Parts,Pcs.,,,,,,1,2026-08-06 08:11:37,2026-08-06 18:09:31
59722,K86861AAKMA00S,COMPLETE STICKER SET-K86861AAKMA00S,,Parts,HHML Parts,Pcs.,,,,,,1,2026-08-06 08:11:37,2026-08-06 18:09:31
59751,K86861AAKMA01S,COMPLETE STICKER SET-K86861AAKMA01S,,Parts,HHML Parts,Pcs.,,,,,,1,2026-08-06 08:11:37,2026-08-06 18:09:31
59714,K86863AALD200S,COMPLETE STICKER SET-K86863AALD200S,,Parts,HHML Parts,Pcs.,,,,,,1,2026-08-06 08:11:37,2026-08-06 18:09:31
59752,K86863AALD201S,COMPLETE STICKER SET-K86863AALD201S,,Parts,HHML Parts,Pcs.,,,,,,1,2026-08-06 08:11:37,2026-08-06 18:09:31
59753,K86863AALD202S,COMPLETE STICKER SET-K86863AALD202S,,Parts,HHML Parts,Pcs.,,,,,,1,2026-08-06 08:11:37,2026-08-06 18:09:31
59738,K86863AALD203S,COMPLETE STICKER SET-K86863AALD203S,,Parts,HHML Parts,Pcs.,,,,,,1,2026-08-06 08:11:37,2026-08-06 18:09:31
59730,K86863AALD204S,COMPLETE STICKER SET-K86863AALD204S,,Parts,HHML Parts,Pcs.,,,,,,1,2026-08-06 08:11:37,2026-08-06 18:09:31
59723,K86863AALD205S,COMPLETE STICKER SET-K86863AALD205S,,Parts,HHML Parts,Pcs.,,,,,,1,2026-08-06 08:11:37,2026-08-06 18:09:31
59715,K86863AALD206S,COMPLETE STICKER SET-K86863AALD206S,,Parts,HHML Parts,Pcs.,,,,,,1,2026-08-06 08:11:37,2026-08-06 18:09:31
59754,K86865AAHPC00S,COMPLETE STICKER SET-K86865AAHPC00S,,Parts,HHML Parts,Pcs.,,,,,,1,2026-08-06 08:11:37,2026-08-06 18:09:31
59716,K86868AAWD300S,COMPLETE STICKER SET-K86868AAWD300S,,Parts,HHML Parts,Pcs.,,,,,,1,2026-08-06 08:11:37,2026-08-06 18:09:31
59755,K86868AAWD301S,COMPLETE STICKER SET-K86868AAWD301S,,Parts,HHML Parts,Pcs.,,,,,,1,2026-08-06 08:11:37,2026-08-06 18:09:31
59739,K86868AAWD302S,COMPLETE STICKER SET-K86868AAWD302S,,Parts,HHML Parts,Pcs.,,,,,,1,2026-08-06 08:11:37,2026-08-06 18:09:31
59731,K86868AAWD303S,COMPLETE STICKER SET-K86868AAWD303S,,Parts,HHML Parts,Pcs.,,,,,,1,2026-08-06 08:11:37,2026-08-06 18:09:31
59724,K87871AAWE400S,COMPLETE STICKER SET-K87871AAWE400S,,Parts,HHML Parts,Pcs.,,,,,,1,2026-08-06 08:11:37,2026-08-06 18:09:31
59756,K87871AAWE401S,COMPLETE STICKER SET-K87871AAWE401S,,Parts,HHML Parts,Pcs.,,,,,,1,2026-08-06 08:11:37,2026-08-06 18:09:31
59717,K87871AAWE402S,COMPLETE STICKER SET-K87871AAWE402S,,Parts,HHML Parts,Pcs.,,,,,,1,2026-08-06 08:11:37,2026-08-06 18:09:31
59732,K87871AAWG600S,COMPLETE STICKER SET-K87871AAWG600S,,Parts,HHML Parts,Pcs.,,,,,,1,2026-08-06 08:11:37,2026-08-06 18:09:31
59718,K87871AAWG601S,COMPLETE STICKER SET-K87871AAWG601S,,Parts,HHML Parts,Pcs.,,,,,,1,2026-08-06 08:11:37,2026-08-06 18:09:31
59725,K87871AAWTG00S,COMPLETE STICKER SET-K87871AAWTG00S,,Parts,HHML Parts,Pcs.,,,,,,1,2026-08-06 08:11:37,2026-08-06 18:09:31
59743,K87871AAWTG01S,COMPLETE STICKER SET-K87871AAWTG01S,,Parts,HHML Parts,Pcs.,,,,,,1,2026-08-06 08:11:37,2026-08-06 18:09:31
59742,K90907AAHC100S,DOWEL PIN KIT-K90907AAHC100S,,Parts,HHML Parts,Pcs.,,,,,,1,2026-08-06 08:11:37,2026-08-06 18:09:31
59740,K90907AALK800S,DOWEL PIN KIT-K90907AALK800S,,Parts,HHML Parts,Pcs.,,,,,,1,2026-08-06 08:11:37,2026-08-06 18:09:31
59733,K90907AAMSE00S,DOWEL PIN KIT-K90907AAMSE00S,,Parts,HHML Parts,Pcs.,,,,,,1,2026-08-06 08:11:37,2026-08-06 18:09:31
59719,K90907ABHD300S,DOWEL PIN KIT-K90907ABHD300S,,Parts,HHML Parts,Pcs.,,,,,,1,2026-08-06 08:11:37,2026-08-06 18:09:31
59406,K91051ACY100S,KIT BEARING STRG STEM WITH GREASE-K91051ACY100S,,Parts,HHML Parts,Pcs.,,,,,,1,2026-08-06 08:11:37,2026-08-06 18:09:31
59744,K91910AABYJ00S,CRANK BEARING KIT(2)-K91910AABYJ00S,,Parts,HHML Parts,Pcs.,,,,,,1,2026-08-06 08:11:37,2026-08-06 18:09:31
59735,K91910ABGD300S,CRANK BEARING KIT(2)-K91910ABGD300S,,Parts,HHML Parts,Pcs.,,,,,,1,2026-08-06 08:11:37,2026-08-06 18:09:31
59726,K91912AACL900S,OIL SEAL KIT WITH ORING-K91912AACL900S,,Parts,HHML Parts,Pcs.,,,,,,1,2026-08-06 08:11:37,2026-08-06 18:09:31
59543,K9967BACJ000WS,WINDSCREEN KIT METALLIC NEXUS BLUE-K9967BACJ000WS,,Parts,HHML Parts,Pcs.,,,,,,1,2026-08-06 08:11:37,2026-08-06 18:09:31
59393,KAAGTE1D000000S,PISTON RING KIT-KAAGTE1D000000S,,Parts,HHML Parts,Pcs.,,,,,,1,2026-08-06 08:11:37,2026-08-06 18:09:31
59532,SPDCLNT01SEESS,HERO COOL PLUS  SP (1000 ml)-SPDCLNT01SEESS,,Parts,HHML Parts,Pcs.,,,,,,1,2026-08-06 08:11:37,2026-08-06 18:09:31
59528,SPDFFSO01EESS,Hero Genuine Front Fork Oil (100 ML)-SPDFFSO01EESS,,Parts,HHML Parts,Pcs.,,,,,,1,2026-08-06 08:11:37,2026-08-06 18:09:31
59533,SPDFFSO01SEESS,Hero Genuine Front Fork Oil SP (100 ML)-SPDFFSO01SEESS,,Parts,HHML Parts,Pcs.,,,,,,1,2026-08-06 08:11:37,2026-08-06 18:09:31
59572,SPDFFSO02EESS,Hero Genuine Front Fork Oil (160 ML)-SPDFFSO02EESS,,Parts,HHML Parts,Pcs.,,,,,,1,2026-08-06 08:11:37,2026-08-06 18:09:31
59583,SPDFFSO02SEESS,Hero Genuine Front Fork Oil  SP (160 ML)-SPDFFSO02SEESS,,Parts,HHML Parts,Pcs.,,,,,,1,2026-08-06 08:11:37,2026-08-06 18:09:31
59707,TEST,TEST,,Parts,HHML Parts,Pcs.,,,,,,1,2026-08-06 08:11:37,2026-08-06 18:09:31
59895,070HH198032,DRIVER 31.8X34.8 MM-070HH198032,,Publications,HHML Publication,Pcs.,,,,,,1,2026-08-06 08:11:37,2026-08-06 18:09:31
59837,070HH198035S-10819,"CAP,MUFFLER-070HH198035S-10819",,Publications,HHML Publication,Pcs.,,,,,,1,2026-08-06 08:11:37,2026-08-06 18:09:31
59883,070HHKFN009,DRIVER OUTER 22X24-070HHKFN009,,Publications,HHML Publication,Pcs.,,,,,,1,2026-08-06 08:11:37,2026-08-06 18:09:31
60005,61309AAP000,"CUSHION, INNER FAIRING-61309AAP000",,Publications,HHML Publication,Pcs.,,,,,,1,2026-08-06 08:11:37,2026-08-06 18:09:31
59991,63AACPE0HMCLS,OWNERS MANUAL-63AACPE0HMCLS,,Publications,HHML Publication,Pcs.,,,,,,1,2026-08-06 08:11:37,2026-08-06 18:09:31
60122,63AAHMEHMCLS,PARTS CATALOGUE HF DELUXE I3S-63AAHMEHMCLS,,Publications,HHML Publication,Pcs.,,,,,,1,2026-08-06 08:11:37,2026-08-06 18:09:31
59821,63ABSKE0HMCLS,OWNER MANUAL-63ABSKE0HMCLS,,Publications,HHML Publication,Pcs.,,,,,,1,2026-08-06 08:11:37,2026-08-06 18:09:31
59823,63ACKHE0HMCLS,OWNER MANUAL-63ACKHE0HMCLS,,Publications,HHML Publication,Pcs.,,,,,,1,2026-08-06 08:11:37,2026-08-06 18:09:31
60003,6430BAAP000,INNER FAIRING SUB ASSY-6430BAAP000,,Publications,HHML Publication,Pcs.,,,,,,1,2026-08-06 08:11:37,2026-08-06 18:09:31
60004,90810AAP000,"RUBBER SEAL, INNER FAIRING-90810AAP000",,Publications,HHML Publication,Pcs.,,,,,,1,2026-08-06 08:11:37,2026-08-06 18:09:31
59550,SPDFFSO01PPS,Oil seal kit (160ml)-SPDFFSO01PPS,,Oil,HHML Shocker Oil,Pcs.,,,,,,1,2026-08-06 08:11:37,2026-08-06 18:09:31
59612,SPDFFSO01SS,Hero Genuine Front Fork Oil (100 ML)-SPDFFSO01SS,,Oil,HHML Shocker Oil,Pcs.,,,,,,1,2026-08-06 08:11:37,2026-08-06 18:09:31
59530,SPDFFSO02PPS,Front Fork Oil (160 ML) Promo-SPDFFSO02PPS,,Oil,HHML Shocker Oil,Pcs.,,,,,,1,2026-08-06 08:11:37,2026-08-06 18:09:31
59609,SPDFFSO02SS,Hero Genuine Front Fork Oil (160 ML)-SPDFFSO02SS,,Oil,HHML Shocker Oil,Pcs.,,,,,,1,2026-08-06 08:11:37,2026-08-06 18:09:31
59613,SPDCLNT01SS,HERO COOL PLUS (1000ML)-SPDCLNT01SS,,Oil,HHML Transmission Oil,Pcs.,,,,,,1,2026-08-06 08:11:37,2026-08-06 18:09:31
59563,42711AAFJ00199S,Blaze BR34 80/100-18 R TL-42711AAFJ00199S,,Tyre,HHML Tyre,Pcs.,,,,,,1,2026-08-06 08:11:37,2026-08-06 18:09:31
59545,42711AAL00099ES,TYRE REAR 90/100-10 ZOOM D TL-42711AAL00099ES,,Tyre,HHML Tyre,Pcs.,,,,,,1,2026-08-06 08:11:37,2026-08-06 18:09:31
59544,42711AAL00199ES,TYRE 90/100-10 53J-42711AAL00199ES,,Tyre,HHML Tyre,Pcs.,,,,,,1,2026-08-06 08:11:37,2026-08-06 18:09:31
59537,42711ABW103ES,TYRE REAR 120/80-18 62S-42711ABW103ES,,Tyre,HHML Tyre,Pcs.,,,,,,1,2026-08-06 08:11:37,2026-08-06 18:09:31
59531,42711AJKR00201S,80/100-18 BLAZE BR64 (TUBELESS)-42711AJKR00201S,,Tyre,HHML Tyre,Pcs.,,,,,,1,2026-08-06 08:11:37,2026-08-06 18:09:31
59529,42711CTR410201S,120/80-17 M/C 61P Zoom X3-42711CTR410201S,,Tyre,HHML Tyre,Pcs.,,,,,,1,2026-08-06 08:11:37,2026-08-06 18:09:31
59439,42711HTR701S,80/100-18 54P HERO M6303S LRR-42711HTR701S,,Tyre,HHML Tyre,Pcs.,,,,,,1,2026-08-06 08:11:37,2026-08-06 18:09:31
59552,42711KWA832ES,TYRE REAR REAR - 3.00 18-52P SECURA ZOOM-42711KWA832ES,,Tyre,HHML Tyre,Pcs.,,,,,,1,2026-08-06 08:11:37,2026-08-06 18:09:31
59564,42711SPLSJ0199S,Blaze BR32 2.75-18 R Assy-42711SPLSJ0199S,,Tyre,HHML Tyre,Pcs.,,,,,,1,2026-08-06 08:11:37,2026-08-06 18:09:31
59540,42712ABW103099ES,TUBE REAR 120/80-18 TTK-42712ABW103099ES,,Tyre,HHML Tyre,Pcs.,,,,,,1,2026-08-06 08:11:37,2026-08-06 18:09:31
59535,42712ABW103ES,TUBE REAR 120/80-18-42712ABW103ES,,Tyre,HHML Tyre,Pcs.,,,,,,1,2026-08-06 08:11:37,2026-08-06 18:09:31
59560,44710CTA7521S,GRIP X3 2.75-18 F TT Assy-44710CTA7521S,,Tyre,HHML Tyre,Pcs.,,,,,,1,2026-08-06 08:11:37,2026-08-06 18:09:31
59562,44710CTA7522S,MILAZE TT 2.75-18 F TT Assy-44710CTA7522S,,Tyre,HHML Tyre,Pcs.,,,,,,1,2026-08-06 08:11:37,2026-08-06 18:09:31
59575,44710KWH7520S,TYRE 2.75X18 (F85) Assy-44710KWH7520S,,Tyre,HHML Tyre,Pcs.,,,,,,1,2026-08-06 08:11:37,2026-08-06 18:09:31
59542,44711AAF00099ES,TYRE FRONT 80/100 18 47P SECURA ZOOM-44711AAF00099ES,,Tyre,HHML Tyre,Pcs.,,,,,,1,2026-08-06 08:11:37,2026-08-06 18:09:31
59578,44711AAFJ00199S,Blaze BF34 80/100-18 F TL-44711AAFJ00199S,,Tyre,HHML Tyre,Pcs.,,,,,,1,2026-08-06 08:11:37,2026-08-06 18:09:31
59538,44711AAW00099ES,TYRE FRONT 90/90- 12-44711AAW00099ES,,Tyre,HHML Tyre,Pcs.,,,,,,1,2026-08-06 08:11:37,2026-08-06 18:09:31
59553,44711ABW103ES,TYRE FRONT 90/90-21 54S-44711ABW103ES,,Tyre,HHML Tyre,Pcs.,,,,,,1,2026-08-06 08:11:37,2026-08-06 18:09:31
59547,44711AJKF00200S,80/100-18 BLAZE BF64 (TUBELESS)-44711AJKF00200S,,Tyre,HHML Tyre,Pcs.,,,,,,1,2026-08-06 08:11:37,2026-08-06 18:09:31
59549,44711CTF410200S,90/90-17 M/C 49P Zoom X3 F-44711CTF410200S,,Tyre,HHML Tyre,Pcs.,,,,,,1,2026-08-06 08:11:37,2026-08-06 18:09:31
59438,44711HTF700S,80/100-18 47P HERO M6302 LRR-44711HTF700S,,Tyre,HHML Tyre,Pcs.,,,,,,1,2026-08-06 08:11:37,2026-08-06 18:09:31
59383,44711HTF703S,2.75-18 42P M6302-44711HTF703S,,Tyre,HHML Tyre,Pcs.,,,,,,1,2026-08-06 08:11:37,2026-08-06 18:09:31
59409,44711HTF705S,2.75-18 42P MA-V6-44711HTF705S,,Tyre,HHML Tyre,Pcs.,,,,,,1,2026-08-06 08:11:37,2026-08-06 18:09:31
59394,44711HTR704S,2.75-18 48P M6303-44711HTR704S,,Tyre,HHML Tyre,Pcs.,,,,,,1,2026-08-06 08:11:37,2026-08-06 18:09:31
59403,44711HTR706S,2.75-18 48P MA-V6R-44711HTR706S,,Tyre,HHML Tyre,Pcs.,,,,,,1,2026-08-06 08:11:37,2026-08-06 18:09:31
59384,44711HTS702S,90/100-10 M6000-44711HTS702S,,Tyre,HHML Tyre,Pcs.,,,,,,1,2026-08-06 08:11:37,2026-08-06 18:09:31
59579,44711KWH9610S,TYRE 2.75X18 ZOOM F Assy-44711KWH9610S,,Tyre,HHML Tyre,Pcs.,,,,,,1,2026-08-06 08:11:37,2026-08-06 18:09:31
59576,44711SPLSJ0199S,Blaze BF32 2.75-18 F Assy-44711SPLSJ0199S,,Tyre,HHML Tyre,Pcs.,,,,,,1,2026-08-06 08:11:37,2026-08-06 18:09:31
59541,44712ABW103099ES,TUBE FRONT 90/90-21 TTK-44712ABW103099ES,,Tyre,HHML Tyre,Pcs.,,,,,,1,2026-08-06 08:11:37,2026-08-06 18:09:31
59546,44712ABW103ES,TUBE FRONT 90/90-21-44712ABW103ES,,Tyre,HHML Tyre,Pcs.,,,,,,1,2026-08-06 08:11:37,2026-08-06 18:09:31
59418,44712HTB801S,2.75-18 TUBE LOOSE-44712HTB801S,,Tyre,HHML Tyre,Pcs.,,,,,,1,2026-08-06 08:11:37,2026-08-06 18:09:31
59395,44712HTB802S,2.75-18 TUBE PACKED-44712HTB802S,,Tyre,HHML Tyre,Pcs.,,,,,,1,2026-08-06 08:11:37,2026-08-06 18:09:31
59784,SPDPKDTBC001S,PACKED TUBE 2.50/2.75-18-SPDPKDTBC001S,,Tyre,HHML Tyre,Pcs.,,,,,,1,2026-08-06 08:11:37,2026-08-06 18:09:31
59796,SPDPKDTBC002S,PACKED TUBE 3.00-18-SPDPKDTBC002S,,Tyre,HHML Tyre,Pcs.,,,,,,1,2026-08-06 08:11:37,2026-08-06 18:09:31
59785,SPDPKDTBC003S,PACKED TUBE 120/80-18-SPDPKDTBC003S,,Tyre,HHML Tyre,Pcs.,,,,,,1,2026-08-06 08:11:37,2026-08-06 18:09:31
59788,SPDPKDTBC004S,PACKED TUBE 90/90-21-SPDPKDTBC004S,,Tyre,HHML Tyre,Pcs.,,,,,,1,2026-08-06 08:11:37,2026-08-06 18:09:31
59400,K50505KCCJ870PROS,MAIN STAND KIT - 100CC 125CC-K50505KCCJ870PROS,,Pro Parts,PROPARTS-1,Pcs.,,,,,,1,2026-08-06 08:11:37,2026-08-06 18:09:31
59294,K50506KCCA900LPROS,KIT STEP-K50506KCCA900LPROS,,Pro Parts,PROPARTS-1,Pcs.,,,,,,1,2026-08-06 08:11:37,2026-08-06 18:09:31
59218,K50506KCCA900RPROS,KIT STEP-K50506KCCA900RPROS,,Pro Parts,PROPARTS-1,Pcs.,,,,,,1,2026-08-06 08:11:37,2026-08-06 18:09:31
59258,K50507KCCA900LPROS,KIT STEP-K50507KCCA900LPROS,,Pro Parts,PROPARTS-1,Pcs.,,,,,,1,2026-08-06 08:11:37,2026-08-06 18:09:31
59238,K50507KCCA900RPROS,KIT STEP-K50507KCCA900RPROS,,Pro Parts,PROPARTS-1,Pcs.,,,,,,1,2026-08-06 08:11:37,2026-08-06 18:09:31
59174,99810ACK300S,HF Deluxe  BSVI Tank Cover-99810ACK300S,,Accessories,Seat Cover EL,Pcs.,,,,,,1,2026-08-06 08:11:37,2026-08-06 18:09:31
59643,K88881AACNB00S,Premium Chrome Mirror-K88881AACNB00S,,Accessories,Seat Cover EL,Pcs.,,,,,,1,2026-08-06 08:11:37,2026-08-06 18:09:31
59607,5210BACA000S,"KIT, REAR HUGGER XMR-5210BACA000S",,Accessories,Seat Cover PL,Pcs.,,,,,,1,2026-08-06 08:11:37,2026-08-06 18:09:31
59221,ADSAB0L000000GS,Cover Seat Assy - TriCycle Export-ADSAB0L000000GS,,Accessories,Seat Cover PL,Pcs.,,,,,,1,2026-08-06 08:11:37,2026-08-06 18:09:31
59586,K99997AAEPC01S,"Kit Stays, Side-K99997AAEPC01S",,Accessories,Seat Cover PL,Pcs.,,,,,,1,2026-08-06 08:11:37,2026-08-06 18:09:31
60189,VD99770ZZZ000120S,TOP ASSEMBLY 23 STUDDS RED BOX-VD99770ZZZ000120S,,Accessories,VIDA Accessories,Pcs.,,,,,,1,2026-08-06 08:11:37,2026-08-06 18:09:31
60192,VD99770ZZZ0001S,TOP ASSEMBLY 23 STUDDS BASIC BOX-VD99770ZZZ0001S,,Accessories,VIDA Accessories,Pcs.,,,,,,1,2026-08-06 08:11:37,2026-08-06 18:09:31
60179,VDEAAAB0L004000GS,HELMET ASSY XXS PURPLE-VDEAAAB0L004000GS,,Accessories,VIDA Accessories,Pcs.,,,,,,1,2026-08-06 08:11:37,2026-08-06 18:09:31
60188,VDEBACF0L000000GS,CARRIER REAR-VDEBACF0L000000GS,,Accessories,VIDA Accessories,Pcs.,,,,,,1,2026-08-06 08:11:37,2026-08-06 18:09:31
60171,VDEBABA8D000000GS,BATTERY ASSEMBLY-VDEBABA8D000000GS,,Battery,VIDA B2S2,Pcs.,,,,,,1,2026-08-06 08:11:37,2026-08-06 18:09:31
60156,VDEBABF2A000000GS,FRAME COMP-VDEBABF2A000000GS,,Battery,VIDA B2S2,Pcs.,,,,,,1,2026-08-06 08:11:37,2026-08-06 18:09:31
60207,710035CRTVDDFC1S,VIDA DFC UNIT SERVICE LABOUR-710035CRTVDDFC1S,,Parts,VIDA Parts,Pcs.,,,,,,1,2026-08-06 08:11:37,2026-08-06 18:09:31
60206,710035CRTVDDFC2S,VIDA DFC ASSY SERVICE LABOUR-710035CRTVDDFC2S,,Parts,VIDA Parts,Pcs.,,,,,,1,2026-08-06 08:11:37,2026-08-06 18:09:31
60203,710035FRTVD10EFS,EHLU Flashing-710035FRTVD10EFS,,Parts,VIDA Parts,Pcs.,,,,,,1,2026-08-06 08:11:37,2026-08-06 18:09:31
60196,710035FRTVD11WFS,Wheel Dy Penetration-710035FRTVD11WFS,,Parts,VIDA Parts,Pcs.,,,,,,1,2026-08-06 08:11:37,2026-08-06 18:09:31
60210,710035FRTVD7CT1S,"VCU, MCU, BMS FLASH (LABOUR ONLY)-710035FRTVD7CT1S",,Parts,VIDA Parts,Pcs.,,,,,,1,2026-08-06 08:11:37,2026-08-06 18:09:31
60209,710035FRTVD7CT4S,"VCU, TFT, MCU, BMS, TCU, EHLU FLASH + PD-710035FRTVD7CT4S",,Parts,VIDA Parts,Pcs.,,,,,,1,2026-08-06 08:11:37,2026-08-06 18:09:31
60211,710035FRTVD7CT5S,"VCU, TFT, MCU, BMS, TCU, EHLU FLASH + PD-710035FRTVD7CT5S",,Parts,VIDA Parts,Pcs.,,,,,,1,2026-08-06 08:11:37,2026-08-06 18:09:31
60200,710035FRTVD9MFS,MCU Flashing-710035FRTVD9MFS,,Parts,VIDA Parts,Pcs.,,,,,,1,2026-08-06 08:11:37,2026-08-06 18:09:31
60198,710035FRTVDFF10S,TCU FLASHING VIDA (LABOUR ONLY)-710035FRTVDFF10S,,Parts,VIDA Parts,Pcs.,,,,,,1,2026-08-06 08:11:37,2026-08-06 18:09:31
60212,710035FRTVDFF1AS,Portable charger change on FOC-710035FRTVDFF1AS,,Parts,VIDA Parts,Pcs.,,,,,,1,2026-08-06 08:11:37,2026-08-06 18:09:31
59615,710035FRTVDFF2AS,LIMP HOME ARREST- TIE BAND PLACEMENT IN-710035FRTVDFF2AS,,Parts,VIDA Parts,Pcs.,,,,,,1,2026-08-06 08:11:37,2026-08-06 18:09:31
59598,710035FRTVDFF3AS,TFT FLASHING-TO MAKE IT OTA COMPATIBLE-710035FRTVDFF3AS,,Parts,VIDA Parts,Pcs.,,,,,,1,2026-08-06 08:11:37,2026-08-06 18:09:31
59614,710035FRTVDFF4AS,VCU FLASHING-RANGE OPTIMIZATION-710035FRTVDFF4AS,,Parts,VIDA Parts,Pcs.,,,,,,1,2026-08-06 08:11:37,2026-08-06 18:09:31
59604,710035FRTVDFF5AS,STICKER OF VCU TAC ID REPLACEMENT-710035FRTVDFF5AS,,Parts,VIDA Parts,Pcs.,,,,,,1,2026-08-06 08:11:37,2026-08-06 18:09:31
59619,710035FRTVDFF6AS,710035FRTVDFF6AS,,Parts,VIDA Parts,Pcs.,,,,,,1,2026-08-06 08:11:37,2026-08-06 18:09:31
59621,710035FRTVDFF6BS,710035FRTVDFF6BS,,Parts,VIDA Parts,Pcs.,,,,,,1,2026-08-06 08:11:37,2026-08-06 18:09:31
60204,710035FRTVDFF8BS,PIP PLUCKING LABOUR ONLY-710035FRTVDFF8BS,,Parts,VIDA Parts,Pcs.,,,,,,1,2026-08-06 08:11:37,2026-08-06 18:09:31
60197,VD31500KRP801S,BATTERY ASSY ATZ5-BS-VD31500KRP801S,,Parts,VIDA Parts,Pcs.,,,,,,1,2026-08-06 08:11:37,2026-08-06 18:09:31
60216,VD31500KVT801S,ATTERY ASSY ETZ4-BS-VD31500KVT801S,,Parts,VIDA Parts,Pcs.,,,,,,1,2026-08-06 08:11:37,2026-08-06 18:09:31
60215,VD31500KWS801S,BATTERY ASSEMBLY MF3BS-VD31500KWS801S,,Parts,VIDA Parts,Pcs.,,,,,,1,2026-08-06 08:11:37,2026-08-06 18:09:31
60214,VD31500KWS901S,BATTERY ASSY MF3-VD31500KWS901S,,Parts,VIDA Parts,Pcs.,,,,,,1,2026-08-06 08:11:37,2026-08-06 18:09:31
60213,VD31800ACP000S,BATTERY-VD31800ACP000S,,Parts,VIDA Parts,Pcs.,,,,,,1,2026-08-06 08:11:37,2026-08-06 18:09:31
60150,VD31850ACP0010GS,PORTABLE BATTERY CHARGER-VD31850ACP0010GS,,Parts,VIDA Parts,Pcs.,,,,,,1,2026-08-06 08:11:37,2026-08-06 18:09:31
60208,VD42711AAWD03S,TYRE RR-VD42711AAWD03S,,Parts,VIDA Parts,Pcs.,,,,,,1,2026-08-06 08:11:37,2026-08-06 18:09:31
60205,VD44711AAW00099S,TYRE FRONT-VD44711AAW00099S,,Parts,VIDA Parts,Pcs.,,,,,,1,2026-08-06 08:11:37,2026-08-06 18:09:31
60145,VD50157AAF400S,CLIP HARNESS-VD50157AAF400S,,Parts,VIDA Parts,Pcs.,,,,,,1,2026-08-06 08:11:37,2026-08-06 18:09:31
59599,VD80102AAW500S,COLLAR REAR FUEL TANK-VD80102AAW500S,,Parts,VIDA Parts,Pcs.,,,,,,1,2026-08-06 08:11:37,2026-08-06 18:09:31
60199,VD9390322480S,SCREW TAPPING 3 X 16-VD9390322480S,,Parts,VIDA Parts,Pcs.,,,,,,1,2026-08-06 08:11:37,2026-08-06 18:09:31
60202,VDACPDA7M002000GS,CUSHION UNIT TCU-VDACPDA7M002000GS,,Parts,VIDA Parts,Pcs.,,,,,,1,2026-08-06 08:11:37,2026-08-06 18:09:31
60155,VDACPDA7U003000GS,CHARGER PORTABLE BATTERY ASSY-VDACPDA7U003000GS,,Parts,VIDA Parts,Pcs.,,,,,,1,2026-08-06 08:11:37,2026-08-06 18:09:31
60153,VDACPDA7V001000GS,KEY BLANK A-VDACPDA7V001000GS,,Parts,VIDA Parts,Pcs.,,,,,,1,2026-08-06 08:11:37,2026-08-06 18:09:31
60185,VDACPDB4M012000GS,CUSHION BRACKET CROSS UPPER REAR-VDACPDB4M012000GS,,Parts,VIDA Parts,Pcs.,,,,,,1,2026-08-06 08:11:37,2026-08-06 18:09:31
60201,VDACPDF2B005000GS,SWINGARM ASSEMBLY-VDACPDF2B005000GS,,Parts,VIDA Parts,Pcs.,,,,,,1,2026-08-06 08:11:37,2026-08-06 18:09:31
60161,VDAEDAA7U000000GS,CHARGER PORTABLE BATTERY ASSY-VDAEDAA7U000000GS,,Parts,VIDA Parts,Pcs.,,,,,,1,2026-08-06 08:11:37,2026-08-06 18:09:31
60178,VDEAAAC3C000000GS,WHEEL REAR SUB ASSY-VDEAAAC3C000000GS,,Parts,VIDA Parts,Pcs.,,,,,,1,2026-08-06 08:11:37,2026-08-06 18:09:31
60190,VDEAAAC3D007000GS,BOLT ALLEN M6-VDEAAAC3D007000GS,,Parts,VIDA Parts,Pcs.,,,,,,1,2026-08-06 08:11:37,2026-08-06 18:09:31
60186,VDEAAAC3H023000GS,STEM STEERING COMP-VDEAAAC3H023000GS,,Parts,VIDA Parts,Pcs.,,,,,,1,2026-08-06 08:11:37,2026-08-06 18:09:31
60180,VDEAAAC3H026000GS,BOLT ALLEN M3-VDEAAAC3H026000GS,,Parts,VIDA Parts,Pcs.,,,,,,1,2026-08-06 08:11:37,2026-08-06 18:09:31
60181,VDEAAAC3J019000GS,BOLT ALLEN M8-VDEAAAC3J019000GS,,Parts,VIDA Parts,Pcs.,,,,,,1,2026-08-06 08:11:37,2026-08-06 18:09:31
60177,VDEAAAC3J020000GS,NUT LOCK M8-VDEAAAC3J020000GS,,Parts,VIDA Parts,Pcs.,,,,,,1,2026-08-06 08:11:37,2026-08-06 18:09:31
60191,VDEAAAF2A032000GS,HOLDER STEP RIGHT-VDEAAAF2A032000GS,,Parts,VIDA Parts,Pcs.,,,,,,1,2026-08-06 08:11:37,2026-08-06 18:09:31
60193,VDEAAAF2A036000GS,AXLE GENEVA ASSY.-VDEAAAF2A036000GS,,Parts,VIDA Parts,Pcs.,,,,,,1,2026-08-06 08:11:37,2026-08-06 18:09:31
60194,VDEAAAF2A038000GS,NUT GENEVA ASSY.-VDEAAAF2A038000GS,,Parts,VIDA Parts,Pcs.,,,,,,1,2026-08-06 08:11:37,2026-08-06 18:09:31
60176,VDEAAAF2A039000GS,RIVET NUT M5-VDEAAAF2A039000GS,,Parts,VIDA Parts,Pcs.,,,,,,1,2026-08-06 08:11:37,2026-08-06 18:09:31
60157,VDEBABA7S000000GS,HEADLIGHT ASSY-VDEBABA7S000000GS,,Parts,VIDA Parts,Pcs.,,,,,,1,2026-08-06 08:11:37,2026-08-06 18:09:31
60163,VDEBABA7Y000000GS,METER COMB ASSY-VDEBABA7Y000000GS,,Parts,VIDA Parts,Pcs.,,,,,,1,2026-08-06 08:11:37,2026-08-06 18:09:31
60139,VDEBABA8D002000GS,HOLDER WIRE-VDEBABA8D002000GS,,Parts,VIDA Parts,Pcs.,,,,,,1,2026-08-06 08:11:37,2026-08-06 18:09:31
60166,VDEBABA8D004000GS,HOLDER WIRE ASSY-VDEBABA8D004000GS,,Parts,VIDA Parts,Pcs.,,,,,,1,2026-08-06 08:11:37,2026-08-06 18:09:31
60146,VDEBABB4E0020AGGS,COVER BODY SIDE LEFT SUB ASSEMBLY NEXUS-VDEBABB4E0020AGGS,,Parts,VIDA Parts,Pcs.,,,,,,1,2026-08-06 08:11:37,2026-08-06 18:09:31
60151,VDEBABB4E0020ARGS,COVER BODY SIDE LEFT SUB ASSEMBLY PEARL-VDEBABB4E0020ARGS,,Parts,VIDA Parts,Pcs.,,,,,,1,2026-08-06 08:11:37,2026-08-06 18:09:31
60158,VDEBABB4E0020AYGS,COVER BODY SIDE LEFT SUB ASSEMBLY PEARL-VDEBABB4E0020AYGS,,Parts,VIDA Parts,Pcs.,,,,,,1,2026-08-06 08:11:37,2026-08-06 18:09:31
60147,VDEBABB4E0020BVGS,COVER BODY SIDE LEFT SUB ASSEMBLY GIALLO-VDEBABB4E0020BVGS,,Parts,VIDA Parts,Pcs.,,,,,,1,2026-08-06 08:11:37,2026-08-06 18:09:31
60140,VDEBABB4E0020DGGS,COVER BODY SIDE LEFT SUB ASSEMBLY MAT GU-VDEBABB4E0020DGGS,,Parts,VIDA Parts,Pcs.,,,,,,1,2026-08-06 08:11:37,2026-08-06 18:09:31
60167,VDEBABB4E0020EJGS,COVER BODY SIDE LEFT SUB ASSEMBLY INSPIR-VDEBABB4E0020EJGS,,Parts,VIDA Parts,Pcs.,,,,,,1,2026-08-06 08:11:37,2026-08-06 18:09:31
60164,VDEBABB4E0030AGGS,COVER BODY SIDE RIGHT SUB ASSEMBLY NEXUS-VDEBABB4E0030AGGS,,Parts,VIDA Parts,Pcs.,,,,,,1,2026-08-06 08:11:37,2026-08-06 18:09:31
60168,VDEBABB4E0030ARGS,COVER BODY SIDE RIGHT SUB ASSEMBLY PEARL-VDEBABB4E0030ARGS,,Parts,VIDA Parts,Pcs.,,,,,,1,2026-08-06 08:11:37,2026-08-06 18:09:31
60152,VDEBABB4E0030AYGS,COVER BODY SIDE RIGHT SUB ASSEMBLY PEARL-VDEBABB4E0030AYGS,,Parts,VIDA Parts,Pcs.,,,,,,1,2026-08-06 08:11:37,2026-08-06 18:09:31
60165,VDEBABB4E0030BVGS,COVER BODY SIDE RIGHT SUB ASSEMBLY GIALL-VDEBABB4E0030BVGS,,Parts,VIDA Parts,Pcs.,,,,,,1,2026-08-06 08:11:37,2026-08-06 18:09:31
60141,VDEBABB4E0030DGGS,COVER BODY SIDE RIGHT SUB ASSEMBLY MAT G-VDEBABB4E0030DGGS,,Parts,VIDA Parts,Pcs.,,,,,,1,2026-08-06 08:11:37,2026-08-06 18:09:31
60148,VDEBABB4E0030EJGS,COVER BODY SIDE RIGHT SUB ASSEMBLY INSPI-VDEBABB4E0030EJGS,,Parts,VIDA Parts,Pcs.,,,,,,1,2026-08-06 08:11:37,2026-08-06 18:09:31
60159,VDEBABB4M000000GS,BOX LUGGAGE-VDEBABB4M000000GS,,Parts,VIDA Parts,Pcs.,,,,,,1,2026-08-06 08:11:37,2026-08-06 18:09:31
60169,VDEBABB4M001000GS,COVER ECU-VDEBABB4M001000GS,,Parts,VIDA Parts,Pcs.,,,,,,1,2026-08-06 08:11:37,2026-08-06 18:09:31
60173,VDEBABF2A001000GS,BRACKET BATTERY FRONT-VDEBABF2A001000GS,,Parts,VIDA Parts,Pcs.,,,,,,1,2026-08-06 08:11:37,2026-08-06 18:09:31
60142,VDEBABF2A012000GS,BRACKET BATTERY LEFT ASSEMBLY-VDEBABF2A012000GS,,Parts,VIDA Parts,Pcs.,,,,,,1,2026-08-06 08:11:37,2026-08-06 18:09:31
60160,VDEBABF2A013000GS,BRACKET BATTERY RIGHT ASSEMBLY-VDEBABF2A013000GS,,Parts,VIDA Parts,Pcs.,,,,,,1,2026-08-06 08:11:37,2026-08-06 18:09:31
60149,VDEBACA7V000000GS,KEY COMP-VDEBACA7V000000GS,,Parts,VIDA Parts,Pcs.,,,,,,1,2026-08-06 08:11:37,2026-08-06 18:09:31
60143,VDEBACA7V001000GS,KEY SET-VDEBACA7V001000GS,,Parts,VIDA Parts,Pcs.,,,,,,1,2026-08-06 08:11:37,2026-08-06 18:09:31
60195,VDEBACB0L016000GS,MIRROR LH ASSY-VDEBACB0L016000GS,,Parts,VIDA Parts,Pcs.,,,,,,1,2026-08-06 08:11:37,2026-08-06 18:09:31
60187,VDEBACB0L017000GS,MIRROR RH ASSY-VDEBACB0L017000GS,,Parts,VIDA Parts,Pcs.,,,,,,1,2026-08-06 08:11:37,2026-08-06 18:09:31
60174,VDEBACC3D000000GS,CABLE BRAKE REAR COMPLETE-VDEBACC3D000000GS,,Parts,VIDA Parts,Pcs.,,,,,,1,2026-08-06 08:11:37,2026-08-06 18:09:31
60138,VDEBACC3F005000GS,LEVER LEFT ASSEMBLY-VDEBACC3F005000GS,,Parts,VIDA Parts,Pcs.,,,,,,1,2026-08-06 08:11:37,2026-08-06 18:09:31
60170,VDEBACC3H000000GS,RACE STEERING CONE TOP-VDEBACC3H000000GS,,Parts,VIDA Parts,Pcs.,,,,,,1,2026-08-06 08:11:37,2026-08-06 18:09:31
59660,VDFVCACPA03S,FEVICOL PL-10-VDFVCACPA03S,,Parts,VIDA Parts,Pcs.,,,,,,1,2026-08-06 08:11:37,2026-08-06 18:09:31
59693,VDFVHACPA08S,FEVICOL PL-10 HARDNER C-VDFVHACPA08S,,Parts,VIDA Parts,Pcs.,,,,,,1,2026-08-06 08:11:37,2026-08-06 18:09:31
59637,VDGRSACPA05S,GREASE EP-3-VDGRSACPA05S,,Parts,VIDA Parts,Pcs.,,,,,,1,2026-08-06 08:11:37,2026-08-06 18:09:31
59676,VDLCTACPA06S,LOCTITE 460-VDLCTACPA06S,,Parts,VIDA Parts,Pcs.,,,,,,1,2026-08-06 08:11:37,2026-08-06 18:09:31
60162,VDSFBLFH093GS,BOLT FLANGE HEX M8X1.25X20X8.8_Z-VDSFBLFH093GS,,Parts,VIDA Parts,Pcs.,,,,,,1,2026-08-06 08:11:37,2026-08-06 18:09:31
60172,VDSFBLFH111GS,BOLT FLANGE HEX M8X1.25X130X8.8_AA-VDSFBLFH111GS,,Parts,VIDA Parts,Pcs.,,,,,,1,2026-08-06 08:11:37,2026-08-06 18:09:31
60154,VDSFBLFH246GS,BOLT FLANGE HEX M10X1.25X50X8.8_M-VDSFBLFH246GS,,Parts,VIDA Parts,Pcs.,,,,,,1,2026-08-06 08:11:37,2026-08-06 18:09:31
60175,VDSFBLMH086GS,BOLT FLANGE SH HEX M6X1X10X8.8_AA-VDSFBLMH086GS,,Parts,VIDA Parts,Pcs.,,,,,,1,2026-08-06 08:11:37,2026-08-06 18:09:31
60183,VDSFBLTA057GS,BOLT ALLEN M5X0.8X16X10.9_AC-VDSFBLTA057GS,,Parts,VIDA Parts,Pcs.,,,,,,1,2026-08-06 08:11:37,2026-08-06 18:09:31
60182,VDSFBLTA060GS,SOCKET BOLT 8X95-VDSFBLTA060GS,,Parts,VIDA Parts,Pcs.,,,,,,1,2026-08-06 08:11:37,2026-08-06 18:09:31
60144,VDSFPNS0035GS,PIN SPLIT 2X15_AB-VDSFPNS0035GS,,Parts,VIDA Parts,Pcs.,,,,,,1,2026-08-06 08:11:37,2026-08-06 18:09:31
60184,VDSFWAR0004GS,WASHER SPRING 10.5X18.5X2.5_AD-VDSFWAR0004GS,,Parts,VIDA Parts,Pcs.,,,,,,1,2026-08-06 08:11:37,2026-08-06 18:09:31
